-- phpMyAdmin SQL Dump
-- version 5.1.3
-- https://www.phpmyadmin.net/
--
-- Host: localhost
-- Generation Time: Aug 18, 2022 at 12:50 PM
-- Server version: 10.4.24-MariaDB
-- PHP Version: 8.0.18

SET SQL_MODE = "NO_AUTO_VALUE_ON_ZERO";
START TRANSACTION;
SET time_zone = "+00:00";

--
-- Database: `khr`
--

-- --------------------------------------------------------

--
-- Table structure for table `account`
--

CREATE TABLE `account` (
  `Mail` varchar(100) NOT NULL,
  `Password` varchar(250) NOT NULL,
  `Fullname` varchar(50) NOT NULL,
  `Phone` varchar(50) NOT NULL,
  `Birthdate` date NOT NULL,
  `Gender` tinyint(1) NOT NULL,
  `Code` varchar(250) DEFAULT NULL,
  `Role` varchar(100) NOT NULL,
  `Recovery_code` varchar(6) DEFAULT NULL,
  `Status` tinyint(1) NOT NULL DEFAULT 1,
  `Avatar` varchar(100) DEFAULT NULL,
  `Id_Store` int(11) DEFAULT NULL,
  `Google_id` varchar(255) DEFAULT NULL,
  `name` varchar(100) DEFAULT NULL
) ENGINE=InnoDB DEFAULT CHARSET=utf8mb4;

--
-- Dumping data for table `account`
--

INSERT INTO `account` (`Mail`, `Password`, `Fullname`, `Phone`, `Birthdate`, `Gender`, `Code`, `Role`, `Recovery_code`, `Status`, `Avatar`, `Id_Store`, `Google_id`, `name`) VALUES
('bosskhareer@gmail.com', '$2a$10$F6lxmgp9e5my9pmag1ddqOqMnX0cAueUbEQrxoEkn768YK02Yui.y', 'Khareer Coffee', '0564204732', '2022-01-27', 0, '$2a$10$S/z5vm/ReJnO2BBz8y/69egjNbPmWabV8AgQlH/lZ2MfKaUe8lGEO', '3', NULL, 1, '', NULL, NULL, ''),
('j.thien1551@gmail.com', '$2a$10$ta.eibCPHVfC3r85UH6TnOxrW6fYg2wbaAnPedrZuDWoqxkRpduYq', 'Thien Nguyen', '+84989096911', '2022-08-02', 1, '$2a$10$nJwViuoDNjyLqy25JlCoXe1OlsryRDJY32Ulrxr0CnvTgM/UOdZLu', '0', '943289', 1, 'thien.jpg', 2, '112048893674183709392', ''),
('khanonline35@yahoo.com', '$2a$10$snbgPyRtGJnlQUVigx0q6.I4bLS2zr.44EVJB2Vxz0HgxnmIkJgtq', 'Minh Đức', '0989096911', '1991-01-09', 1, '$2a$10$JnDS6M.jSXPQD5PLK8Oyb.wBCpUaU.NBaRQuA3S9oLC8EA7P3CXv.', '0', '710942', 1, 'thien.jpg', 1, NULL, ''),
('nhan@gmail.com', '$2a$10$5ZEGFiYHt8N3Biwyw9VyqO2Vt92DrH4WKXrbTrEiZypAI7AJ/7uNS', 'Thành Nhân', '+84 375 515 819', '2022-01-07', 1, '$2a$10$x8KforhAngRqnxHwip.J9Or7gH9uGjPFtW8yEw9Euv4aTj/wueNHK', '0', '237623', 1, 'nhan.jpg', 2, NULL, ''),
('scanner@khareer.com', '$2a$10$jyyu4d8rCwb0fUo.GNEl8OvSclQM55hsK1RzJSszenugLedJoriKe', 'Scanner', '0919505323', '1999-01-22', 1, '$2a$10$K6vIBfI8PmQUbXJ36zXzdOV9j5c5KTwBEyHJGljJBfwGHyJPQvaAi', '2', NULL, 1, 'scanner.jpg', 1, NULL, ''),
('SinhTP@gmail.com', '$2a$10$IWaM2zEFBZwCeLLMZB10Q.J6Uvvh7y4V4V.u/DxWv5lhe4SCHszVC', 'Sinh', '0989096911', '1969-01-14', 1, '$2a$10$cBcRCjoiW8A1fcDjVBQgeu/Xyho.OdR7blxpjBiHsY8wE9rLCMFFq', '0', '313698', 1, 'sinh.jpg', 2, NULL, ''),
('supervisorkhareer1@fpt.edu.vn', '$2a$10$vXsZUQNtT3F/ymFO3DklU.VZuhGK4sTYCBaeC8KrqgIvo/3OzUxam', 'Thien', '09891278362', '2022-01-04', 0, '$2a$10$0OJ4pQFzw.vYb5q3E4vjh.RDXFJLyAPfdFbwC6c8Ko7TXCIN.PsQW', '0', NULL, 1, '', 1, NULL, NULL),
('tamlhts2008005@fpt.edu.vn', '$2a$10$DrEv22d94dQtRb/I47m/kei/AKppycMgcBnkcWI0de0xHDqriRqjS', 'Tam', '0912345678', '2002-06-01', 1, '$2a$10$NXir4b0WmgemfpXbI6Fr.OTALKfvqXkzWwG9dwWtGIge7vZvp.Sz.', '1', '', 1, 'tam.jpg', 1, NULL, ''),
('testbday@gmail.com', '$2a$10$txRO1tNKEJf61y9PVCJ6dOYJpUAVk/aviSga3cHekgNJXC1gUo3.y', 'test', '123213123', '2000-01-01', 0, '$2a$10$.a0nKbTGZ233xmhEGcDjTO4D2iJ/..b5g.Ml7pgyZqksbzx9H5NnC', '0', NULL, 1, 'defaultUserIcon.png', 2, NULL, ''),
('TestImage@gmail.com', '$2a$10$bj6i5HPzthcijY4GKV74GO9oBQuehQikVdXfmL39UR0.Qvt/yGcaS', 'Thien Nguyen', '+84989096911', '2022-01-11', 0, '$2a$10$NQLeyMV2PVR0km7E1G326eGajqRt45rH54fYp/5Cj7ovoDlkWo77G', '0', NULL, 1, 'defaultUserIcon.png', 2, NULL, ''),
('thanhnhan@gmail.com', '$2a$10$55a3QiYp89hrHLHdONKWeu.GN/LWamA5jGuAlDaLK6igi5Fn7qR0e', 'Thanh Nhan', '0375515819', '2022-06-01', 1, '$2a$10$xeNSlP4JT6xnkNmtySE.OuzmIZRw76YtZFMFOp.AXuwyrYjqDB09m', '1', '', 1, 'nhan.jpg', 1, NULL, ''),
('thiennnts2008038@fpt.edu.vn', '$2a$10$GeRGpaVGOzd6NEPFbcAQ0.6UjLrbm4xvmfNtlWFMgrblyElkn5pCq', 'Thien', '+84 98 909 69 11', '1993-01-03', 1, '$2a$10$780bPRCA35qIccWtJHZBlOwL7S0fBZWimmmVXzVxonu89/0Tt3CSq', '1', '693722', 1, 'thien.jpg', 2, NULL, ''),
('user1@gmail.com', '$2a$10$AQsTWnHb381MoZo/R3L3reH/qDptssLwS0xOt2xYUwClRwV.qSALa', 'User one', '037362782829', '2013-01-12', 1, '$2a$10$ABPCCT9tkWagCEBnKMBoa.tC6v.k2qTLTmjk7Vmz4hyNm.MMh9gvG', '0', '', 1, 'nhan.jpg', 1, NULL, ''),
('user2@gmail.com', '$2a$10$AQsTWnHb381MoZo/R3L3reH/qDptssLwS0xOt2xYUwClRwV.qSALa', 'Thanh Nhan 1', '0375515816', '2022-01-01', 1, '$2a$10$aJdvQ41/m/2QiIwhzk2RpOfpp0tCQTyyasB13lR1THcShn4rL/nRq', '0', '', 1, 'nhan.jpg', 2, NULL, ''),
('user3@gmail.com', '$2a$10$AQsTWnHb381MoZo/R3L3reH/qDptssLwS0xOt2xYUwClRwV.qSALa', 'Le Nhan Nhan', '0373627829', '2022-01-01', 1, '$2a$10$FDUVIDcglyE9gRMbCPW72./wq/7R1fU4QohZ5RrKDJ/83pzRHHSjG', '0', '', 1, 'nhan.jpg', 1, NULL, ''),
('UserNT2010@khareer.com', '$2a$10$n9cZXveaq2SPdi9XKUgQ0e9VQ70n9Vdnyr.INc2N3aLwi2/T8Ko/S', 'Hồ Lam Phương', '0564204741', '1992-01-02', 0, '$2a$10$lgNdc0FLLueZffBq37Evre9hFC6d4jX9okHkzN4U5av.rqBi28H3.', '0', NULL, 1, 'defaultUserIcon.png', 2, NULL, ''),
('UserNT2011@khareer.com', '$2a$10$LGJZkEXveX3g6OBrch54hOlN2Pag3FU/omQd62Iqj4/tVSD9bSZpO', 'Hồ Quang Bửu', '0564204742', '1991-01-18', 1, '$2a$10$4IXyLWPyD.63eM6tDOA2Ne7hRH5.1awcO/jbQEqjGKpI0wlhiA8.O', '0', NULL, 1, '', 2, NULL, ''),
('UserNT2012@khareer.com', '$2a$10$qEC.eQCYd5Fk2tWb61PQueSy8P/unYKrlT9DFDisLkmHhFCB.f2HW', 'Hồ Quang Đông', '0564204743', '1991-01-13', 1, '$2a$10$9fO5VGQQtfB6DwSEdvLBfOCB6vhMddKvEN/FUAa.KzF7YYzx3SBTu', '0', NULL, 1, '', 2, NULL, ''),
('UserNT2013@khareer.com', '$2a$10$ZY73dDv53Mdi4sc6Xng92u2LNwUE1B0WUkNI.N7WfWl/XrvwbuTU2', 'Hồ Minh Khôi', '0564204744', '1995-01-17', 1, '$2a$10$/DFjsxDDL07PT615dp.VI.m3Mt1eyFZrIqk8WW.nliag.UfFG.uDy', '0', NULL, 1, '', 2, NULL, ''),
('UserNT2014@khareer.com', '$2a$10$/eE.1CFr25WJwrwoRFfFiOu7m8B8jBQEanR7W6sszF4eFzZcuKmLu', 'Hồ Chấn Hưng', '0564204745', '1997-01-20', 1, '$2a$10$0L5D0JCtuBgUXJNmeJ1n4Oi1lqc4TMOgYTXt6ClCQymZ.0nTQ0zCS', '0', NULL, 1, '', 2, NULL, ''),
('UserNT2015@khareer.com', '$2a$10$sBD65q1oDvheCSnk3.R5r.f7o1J19BCkbCRqPsgC1vKpUIc/Gv5YW', 'Hồ Việt Sơn', '0564204746', '1997-01-18', 1, '$2a$10$pjDU8gosNb6EZVzBHDatI.IedTXN/gONVVtjHj7.r7UDxf347oW8C', '0', NULL, 1, '', 2, NULL, ''),
('UserNT2016@khareer.com', '$2a$10$BHGScmHhx0.xo9D9wDIgnOwAQnDBj6LUbJw/191/IGVfOr7vxq5Gm', 'Hồ Khánh Hải', '0564204747', '1995-01-06', 1, '$2a$10$8WxLaqevpAtgmv.JWVaoeefsFI.NwjStIN51vBi3dtyXXAVw5DXga', '0', NULL, 1, '', 2, NULL, ''),
('UserNT2017@khareer.com', '$2a$10$3FbEGsdg6j5cX6cYBZUtVONrLQH221iIFiHUkM8Xd5X577DxqwdcW', 'Hồ Thuận Anh', '0564204748', '1997-01-21', 1, '$2a$10$APg/nS9/3QVS1G34zwcS8OFDqJzoqjuzzyu0bKfGyPFm3MxVUCtQu', '0', NULL, 1, '', 2, NULL, ''),
('UserNT2018@khareer.com', '$2a$10$2nnEkYqGUOipTf3FRrZAveomknjZ2RuJE/yOxJFHNERGAcJh4jyY6', 'Hồ Ðạt Hòa', '0564204749', '2002-01-26', 1, '$2a$10$9Qb.lSBalTHQBcf22acaFup7ysqz4j3pntXuMwJd6mK/SDn1NI/PG', '0', NULL, 1, '', 2, NULL, ''),
('UserNT2019@khareer.com', '$2a$10$fN6CgvoUY8s.E0/12bEgpuFsVUACemFb34IGpr0Qm0VDVETJIaWte', 'Hồ Minh Dũng', '0564204750', '1995-01-21', 1, '$2a$10$OVsnN71z7XuRZDTt0x8MW.2iOc73He55ceJm/0gk1x3rRuBeAtKsu', '0', NULL, 1, '', 2, NULL, ''),
('UserNT201@khareer.com', '$2a$10$aXZSk3lAu8uVWICEM4dkiuz22WklENLpATAhglF4jSzj1lHcULCmq', 'Hồ Nhật Minh', '0564204732', '1994-01-20', 1, '$2a$10$zP3M7FS2e8HoKuTKtix/veCL5en6DL5eBX9.Wiu/L.gVnZKBraRdC', '0', NULL, 1, 'defaultUserIcon.png', 2, NULL, ''),
('UserNT2020@khareer.com', '$2a$10$zvzMIZSxGVHYsw4JEE7LAeEfeN/GDCjeGa.jSjIWvrAzPtduJHKBG', 'Hồ Hữu Nam', '0564204751', '2001-01-25', 1, '$2a$10$SA4cdYNvYnIx7i5/4.7zAeJUj5jfxKwfOA2NouKyRJ7APTyYEJvvu', '0', NULL, 1, '', 2, NULL, ''),
('UserNT2021@khareer.com', '$2a$10$a2YdHR2Zi3nFmcqleMOAn.UuPi.JFawWBoTnn6YUZrWz4hr6DY8Wu', 'Chí Bảo Lê', '0635463745', '2022-01-03', 0, '$2a$10$.EMht58E0keXiX4aNe2hduiQFuFGbfbmLf299OeYXi6TmdR5I/ddG', '0', NULL, 1, 'defaultUserIcon.png', 2, NULL, NULL),
('UserNT2022@khareer.com', '$2a$10$/vQe.LY7YVntsaZfRKJApe2ChB4b6JCeBi/dV8quJvy7iJ27h8rpe', 'Kiên Bình Lê', '0635463746', '2022-01-18', 0, '$2a$10$W8kDJseAu9yoK6EUrSJAkuf/mh82TGTFVym0yUZzpj2.rq7HVyGwy', '0', NULL, 1, 'defaultUserIcon.png', 2, NULL, NULL),
('UserNT2023@khareer.com', '$2a$10$dbjyobQucf9jXLkBVuBw2uz1GEqhridlWYJW5X3K6iz3axlZQsA3a', 'Hữu Châu Lê', '0635463747', '2022-01-08', 0, '$2a$10$1rgR9u1dcxLOZHvjUF8nSensJ6e6WxE0gRIgFO7wZV4ob.ED.uEeC', '0', NULL, 1, 'defaultUserIcon.png', 2, NULL, NULL),
('UserNT2024@khareer.com', '$2a$10$sSczmLHfxXV2cSEVlpXLb.b5eRkjJPPZWsp5GWu2MXHiBXxVEfniS', 'Xuân Cung Lê', '0635463748', '2022-01-15', 0, '$2a$10$BDZPMqcnttauy/IFyhwkQefoymwxay0dTBJMVcnQUeYTlV6utDiEi', '0', NULL, 1, 'defaultUserIcon.png', 2, NULL, NULL),
('UserNT2025@khareer.com', '$2a$10$lVrJwuBjLomniK51Ec8rhumJEuwiLQ2dQQ8bwnpnLCfGu9qg7e27O', 'Tài Ðức Lê', '0635463749', '2022-01-22', 0, '$2a$10$DBaR4lgQu4inJSyQo04yx.zH9dF7UdopVrI6R904UISr/yWduFEPi', '0', NULL, 1, 'defaultUserIcon.png', 2, NULL, NULL),
('UserNT2026@khareer.com', '$2a$10$H2xcU4wv.le16nkNovCfsOnQpAjKUFYDSBG8H2bt.rhqUzxWz7s46', 'Ðức Giang Lê', '0635463750', '2022-01-11', 0, '$2a$10$eKvs4qMiYsXuhhr630HeLeckVYHshsqsKAS9Uq375u5aDoOP4UQLm', '0', NULL, 1, 'defaultUserIcon.png', 2, NULL, NULL),
('UserNT2027@khareer.com', '$2a$10$YtL6oapBiXiNsDJxxcc74evljvmcYrgYaZ/MNJU4s5gbxTEhm7SqC', 'Hiệp Hòa Lê', '0635463751', '2022-01-24', 0, '$2a$10$G8jXQoEqexM6eYbdnnG7p.T22bK1tZ6CxPXdX6Z2puDZOxyaJFrvq', '0', NULL, 1, 'defaultUserIcon.png', 2, NULL, NULL),
('UserNT2028@khareer.com', '$2a$10$k21yj2vduK9Cm4eFjeIBYuEUQ0pTeZH2DttTF6BiR87Kqj.OdvE6q', 'Phi Hoàng Lê', '0635463752', '2022-01-18', 0, '$2a$10$ANWgHUOByNhF/pWX03MS4.1.wxTS0IaGdvxFC0M3886s5QM4hwx8.', '0', NULL, 1, 'defaultUserIcon.png', 2, NULL, NULL),
('UserNT2029@khareer.com', '$2a$10$iznUsHqi9nN26C1wBk6YNeQQWfyfA2nC5dLzaoyI7vF/QVjUupJbC', 'Tiến Hoạt Lê', '0635463753', '2022-01-07', 0, '$2a$10$vaFMvcy.rRmZ/GOs6xQdC.P3DGz3v0dmo7B4MLfH0kQM.9w2K8.2S', '0', NULL, 1, 'defaultUserIcon.png', 2, NULL, NULL),
('UserNT202@khareer.com', '$2a$10$G8OzD5Db/JS0X2fCRNrEg.V8r7dOQIoy7GTMfjPjQw4TPHDgqluV2', 'Hồ Tất Bình', '0564204733', '1993-01-14', 1, '$2a$10$jhQp274LRbQs1J2U3qt.durXkW0uEsYvtvElI5MvSfCx80.99p3U2', '0', NULL, 1, 'defaultUserIcon.png', 2, NULL, ''),
('UserNT2030@khareer.com', '$2a$10$RLRc26mv/YbrXeZo8Jc0ou9MYr16AGvu3kTnxFXub9uiV7667959q', 'Chính Hữu Lê', '0635463754', '2022-01-26', 0, '$2a$10$k4JpoYGo.iWBUpTDj9v.aubRnV2HZHmyyWH4hPStl2oSGgZYSqNJq', '0', NULL, 1, 'defaultUserIcon.png', 2, NULL, NULL),
('UserNT2031@khareer.com', '$2a$10$IlP/ry6bkvLfFeTd1hJL5usDTM15A4KQPZMi4MjvtAPdGps9TF/82', 'Nhật Nam Lê', '0635463755', '2022-01-07', 0, '$2a$10$oUef6E.jX8qPDchtbp2Yr.L..tnjVSYGNUCUnSHYuvR2e5a3O9Dh6', '0', NULL, 1, 'defaultUserIcon.png', 2, NULL, NULL),
('UserNT2032@khareer.com', '$2a$10$ak4wkjAgeq77nOBP7gUwse1ZNnycJyJImqsIYY9VVgRDSu1b9ra0K', 'Sỹ Phú Lê', '0635463756', '2022-01-15', 0, '$2a$10$rrATkApqajINSlu5hGo7dO82Yw5xCHyEHvmzCX6eiDAJlKbBdSP3a', '0', NULL, 1, 'defaultUserIcon.png', 2, NULL, NULL),
('UserNT2033@khareer.com', '$2a$10$9NrRgpkoCgNbpqjB/tdvKuAcPkuWugaQzgdpusEyeQeik0sXXTeV.', 'Ðình Phúc Lê', '0635463757', '2022-01-01', 0, '$2a$10$EfaVu.1F8IRQaGBgP.LoS.B4EOv8YfwY9XK3Jeqkte/9Lnm1qp1Aa', '0', NULL, 1, 'defaultUserIcon.png', 2, NULL, NULL),
('UserNT2034@khareer.com', '$2a$10$CEKLHLqgB4rX5ZEXv5j7Ie5vIWv9GS6qMcH07PGJz3q2/KLs.WnhC', 'Minh Quang Lê', '0635463758', '2022-01-29', 0, '$2a$10$pifumM9CT0REjUcBF4RngujRpc9V/frs0kcZDv2Q67Ru7DnBOknZG', '0', NULL, 1, 'defaultUserIcon.png', 2, NULL, NULL),
('UserNT2035@khareer.com', '$2a$10$S1ckqqHurTKdja6S8h6pxuBeZt5iFtruXI.KYsa5f0NPaXcQYTuim', 'Bảo Quốc Lê', '0635463759', '2022-01-01', 0, '$2a$10$lLjGVPu6mYruq3YGkKJCWO3xuF6diQoKQWJoXWN3hCgWZTIceoa3O', '0', NULL, 1, 'defaultUserIcon.png', 2, NULL, NULL),
('UserNT2036@khareer.com', '$2a$10$vJE9jDdmsnm9wTb5FdeiQ.ibWj.Bx5Bv6Sm2nNqT0Kwp2PoCcoIrG', 'Khải Tuấn Lê', '0635463760', '2022-01-22', 0, '$2a$10$3t9SoTQ2dHxGKkxif0mtLuGFJYIRGCSq8ozzn3nqma40gdYYbdR1C', '0', NULL, 1, 'defaultUserIcon.png', 2, NULL, NULL),
('UserNT2037@khareer.com', '$2a$10$ATuL3LAQ2xO1e7mDxsM70.wFRYaCFTcar7Bez3UFE6sLluouXdVNW', 'Việt Cương Lê', '0635463761', '2022-01-30', 0, '$2a$10$tv07.SYRGUrP5KyuW.qO.u.BXgi.m6x1owjm.gANxw8hOU7bNUlOa', '0', NULL, 1, 'defaultUserIcon.png', 2, NULL, NULL),
('UserNT2038@khareer.com', '$2a$10$SOTUAq0zavUDhXgjphlDkOQyGvzaI.RlHvxuCERcBnqC.eWh2Afti', 'Thành Doanh Lê', '0635463762', '2022-01-27', 0, '$2a$10$W3.SQiGLe/F9Qc4m4kbTAOv8TSUEU7PvvlEtBCPvuBnemaP2P0RAW', '0', NULL, 1, 'defaultUserIcon.png', 2, NULL, NULL),
('UserNT2039@khareer.com', '$2a$10$GGdI4z1DEgnyk7L06rEsyOkrnxxe46WxcDpWmX4uJvYZuYUHH29gC', 'Tuấn Dũng Lê', '0635463763', '2022-01-04', 0, '$2a$10$6glPcMRY3IpiOv.PSkTNY.mpvPoktvNhePplI.vYQdvZDe6xEyNdu', '0', NULL, 1, 'defaultUserIcon.png', 2, NULL, NULL),
('UserNT203@khareer.com', '$2a$10$Lu7KHADVvDjZSYF4cGY7O.aKrJEh/vttxG5GhdAT4fuGIGjdPS36W', 'Hồ Thế Phương', '0564204734', '1992-01-06', 0, '$2a$10$Ib9TNNhBH0nDhOPcRf.TB.Uln7ApXPN1.w2AA4ykwtaxAhaihmvsu', '0', NULL, 1, 'defaultUserIcon.png', 2, NULL, ''),
('UserNT2040@khareer.com', '$2a$10$rI9mrRQHFBXRcdoXcP/feu.UE8DC8QWgL.wE8ATNXiGlvj9VdE7w6', 'Khắc Duy Lê', '0635463764', '2022-01-01', 0, '$2a$10$OHLfkK9LVUslUST/h72tfODRmLBiWXeX2G9eI0q/R37Dmj/hUbgMy', '0', NULL, 1, 'defaultUserIcon.png', 2, NULL, NULL),
('UserNT2041@khareer.com', '$2a$10$oWFMRBE4xVrC8p.b4Mz4yOGU5VV.WLbksLH.GakfJps0K7ZF5NCpe', 'Việt Duy Lê', '0635463765', '2022-01-06', 0, '$2a$10$SyC/AMUA3feKk/4UcqzTG.JMQFGeF972PNvnHMXCY8iX9m8t1NJTO', '0', NULL, 1, 'defaultUserIcon.png', 2, NULL, NULL),
('UserNT2042@khareer.com', '$2a$10$cABdg1NuFWpwX1q38dRgZO65/i0u1hJQQoQrsuY/KUdtVhGAMzMBK', 'Việt Khang Lê', '0635463766', '2022-01-04', 0, '$2a$10$p/VhGHYQEtk58APKS0N7BOubaSm6j/EePVDv//Dq1Y1N/s8MskA8C', '0', NULL, 1, 'defaultUserIcon.png', 2, NULL, NULL),
('UserNT2043@khareer.com', '$2a$10$8/hx5trnY7gXD67J6QdCoe7Ypzi4RCPZX2lw7B2cwhGHyHu99Fc7m', 'Hữu Khanh Lê', '0635463767', '2022-01-20', 0, '$2a$10$NEx4c3gZutq1JkYtY/qO..A9jln.bnGw5EsQyqyZUlAXQStYs0L7q', '0', NULL, 1, 'defaultUserIcon.png', 2, NULL, NULL),
('UserNT2044@khareer.com', '$2a$10$KXkGCzZDLYxWeJyQjsqa2.X3/2UriitzGMG/S2UX2igrdWvOs5oMm', 'Việt Khôi Lê', '0635463768', '2022-01-04', 0, '$2a$10$c1aewC1pkArNUkVKDl2ode6V1O7NQ/q378zF..pjr7SuzgYHPaQ7C', '0', NULL, 1, 'defaultUserIcon.png', 2, NULL, NULL),
('UserNT2045@khareer.com', '$2a$10$MQr4BTpOUTi7jkob/vZ5yOfgCwpHjf23sH0Jedj3VK7IGG3613LHW', 'Tất Hiếu Lê', '0635463769', '2022-01-18', 0, '$2a$10$EOGWKL/wF2lBpnUaC9KOKeFBI4NcFXylTBFUCzeGTqfAO9kTiKfWW', '0', NULL, 1, 'defaultUserIcon.png', 2, NULL, NULL),
('UserNT204@khareer.com', '$2a$10$ZW/i2w1kaFGkxyCoIr6QXeh07B2bV351hd.Fu4ohU/i.EbwBmjq2i', 'Hồ Phi Hoàng', '0564204735', '1990-01-20', 1, '$2a$10$peigYhB7xZIrR.yY0iwXveSYTVMx5WKqZzOK9VuOavRZJbSIbngUe', '0', NULL, 1, 'defaultUserIcon.png', 2, NULL, ''),
('UserNT205@khareer.com', '$2a$10$kdflq4scqK5SOYKYLjqSmeMASlEtR3ffNHugxoIeEVLQoZK1DVzQC', 'Hồ Bảo Phúc', '0564204736', '1997-01-08', 1, '$2a$10$h6jM4PHPKmo3VEiJTtdeYeFq/hiGesy3boEYn8vHPWLDW8pnD7bNK', '0', NULL, 1, 'defaultUserIcon.png', 2, NULL, ''),
('UserNT206@khareer.com', '$2a$10$g8o7oDKGhqaEtT4UjfAG9.2ADd4wEixnrsr2xZYaFp5ZPzICJGzh.', 'Hồ Minh Ðan', '0564204737', '2001-01-02', 1, '$2a$10$s.ef8.q5x3YDhzWyCGGsYOMvr9J6HSfDxEOWvGKHEp7KrVgLRbL8C', '0', NULL, 1, 'defaultUserIcon.png', 2, NULL, ''),
('UserNT207@khareer.com', '$2a$10$OocR8SU1r.LPVVTkTmli3OOIChJeSkUsRwJ.hJmp8XUOfUCj4iU6G', 'Hồ Khôi Vĩ', '0564204738', '1999-01-10', 1, '$2a$10$CbW4I/t081YnuEPx7hTIcuhsnr7lmQ7PNymmQrGRL9tlAAu9cGTQC', '0', NULL, 1, 'defaultUserIcon.png', 2, NULL, ''),
('UserNT208@khareer.com', '$2a$10$8T/zHaiRjZp/tLPAi5I09.AFnEQWnDEcO7uxHNEB5Tb5nWdtZLHiK', 'Hồ Quốc Vũ', '0564204739', '1998-01-13', 1, '$2a$10$Y8LlIorsi4Z74X5kYAqcJeXwqDcw7IacoAX.LMfn3l120.TrQIvme', '0', NULL, 1, 'defaultUserIcon.png', 2, NULL, ''),
('UserNT209@khareer.com', '$2a$10$ldC3C/jj4q/WHbWMVQMhuuMredp3sly.RA5nmlesQmnYEYk53Awsq', 'Hồ Chấn Hùng', '0564204740', '1992-01-22', 1, '$2a$10$khwQ7HIzxlaQ3gNnxVoKguPuKDjxM8XYQESl./e7zz8g6Pdw.D2Y6', '0', NULL, 1, 'defaultUserIcon.png', 2, NULL, ''),
('vlogcuocsongvacongnghe@gmail.com', '$2a$10$MRtC0vg5a.yxKOhaFC342uJHVSPyUPYlGRXrOM1oKS9/xl6eCzOa2', 'Lê Nhân', '+84 375 515 819', '2022-01-16', 1, '$2a$10$Jef9AfFme.xpYl2WVbqyau2ciSERut/h5MfeKEPepNXLt3ZucP9Gm', '0', NULL, 1, 'nhan.jpg', 2, NULL, ''),
('vuongpham@gmail.com', '$2a$10$buwENiSOnCzH19KmrBK1m.66CnruFuqfQmfbqfdL53FwMWjTRzYqO', 'Viet Vuong', '037362782829', '2022-01-01', 1, '$2a$10$YRKf1c9bbh33h96LbC5dJOzpVdiJNPJQneNYyezqjRELYQvcNYsyO', '1', '', 1, 'vuong.jpg', 1, NULL, '');

-- --------------------------------------------------------

--
-- Table structure for table `account_notification`
--

CREATE TABLE `account_notification` (
  `Id` int(11) NOT NULL,
  `Mail` varchar(100) NOT NULL,
  `Id_notification` int(11) NOT NULL,
  `Status` tinyint(1) NOT NULL
) ENGINE=InnoDB DEFAULT CHARSET=utf8mb4;

--
-- Dumping data for table `account_notification`
--

INSERT INTO `account_notification` (`Id`, `Mail`, `Id_notification`, `Status`) VALUES
(1, 'user1@gmail.com', 1, 0),
(2, 'user2@gmail.com', 1, 0),
(3, 'user1@gmail.com', 2, 0),
(4, 'user3@gmail.com', 1, 0),
(5, 'user2@gmail.com', 1, 0),
(6, 'user2@gmail.com', 9, 0),
(7, 'user2@gmail.com', 10, 0),
(8, 'user2@gmail.com', 10, 0),
(9, 'user1@gmail.com', 11, 0),
(10, 'user2@gmail.com', 11, 0),
(11, 'user1@gmail.com', 12, 0),
(12, 'user1@gmail.com', 13, 0),
(13, 'user1@gmail.com', 14, 0),
(14, 'user1@gmail.com', 15, 0),
(15, 'user1@gmail.com', 16, 0),
(16, 'user1@gmail.com', 17, 0),
(17, 'user1@gmail.com', 18, 0),
(18, 'user1@gmail.com', 19, 0),
(19, 'user1@gmail.com', 20, 0),
(20, 'user1@gmail.com', 21, 0),
(21, 'user1@gmail.com', 22, 0),
(22, 'user1@gmail.com', 23, 0),
(23, 'user1@gmail.com', 24, 0),
(26, 'user1@gmail.com', 27, 0),
(27, 'user1@gmail.com', 28, 0),
(28, 'user1@gmail.com', 29, 0),
(30, 'khanonline35@yahoo.com', 32, 0),
(31, 'TestImage@gmail.com', 32, 0),
(32, 'user1@gmail.com', 32, 0),
(33, 'user3@gmail.com', 32, 0),
(34, 'khanonline35@yahoo.com', 34, 0),
(35, 'TestImage@gmail.com', 34, 0),
(36, 'user1@gmail.com', 34, 0),
(37, 'user3@gmail.com', 34, 0),
(38, 'user1@gmail.com', 35, 0),
(39, 'user3@gmail.com', 35, 0),
(40, 'user1@gmail.com', 36, 0),
(41, 'user3@gmail.com', 36, 0),
(42, 'khanonline35@yahoo.com', 37, 0),
(43, 'TestImage@gmail.com', 37, 0),
(44, 'user1@gmail.com', 37, 0),
(45, 'user3@gmail.com', 37, 0),
(46, 'khanonline35@yahoo.com', 38, 0),
(47, 'TestImage@gmail.com', 38, 0),
(48, 'user1@gmail.com', 38, 0),
(49, 'user3@gmail.com', 38, 0),
(50, 'user1@gmail.com', 39, 0),
(51, 'user1@gmail.com', 40, 0),
(59, 'user1@gmail.com', 48, 0),
(60, 'user1@gmail.com', 49, 0),
(61, 'user1@gmail.com', 50, 0),
(62, 'j.thien1551@gmail.com', 51, 0),
(63, 'j.thien1551@gmail.com', 52, 0),
(64, 'SinhTP@gmail.com', 52, 0),
(65, 'user1@gmail.com', 53, 0),
(66, 'user1@gmail.com', 54, 0),
(67, 'user1@gmail.com', 55, 0),
(68, 'user1@gmail.com', 56, 0),
(69, 'user2@gmail.com', 57, 0),
(70, 'j.thien1551@gmail.com', 58, 0),
(71, 'nhan@gmail.com', 58, 0),
(72, 'SinhTP@gmail.com', 58, 0),
(333, 'UserNT205@khareer.com', 319, 0),
(334, 'j.thien1551@gmail.com', 320, 0),
(335, 'j.thien1551@gmail.com', 321, 0),
(336, 'UserNT205@khareer.com', 321, 0);

-- --------------------------------------------------------

--
-- Table structure for table `account_position`
--

CREATE TABLE `account_position` (
  `Id` int(11) NOT NULL,
  `Mail` varchar(100) NOT NULL,
  `Id_Position` int(11) NOT NULL,
  `Salary` int(11) NOT NULL
) ENGINE=InnoDB DEFAULT CHARSET=utf8mb4;

--
-- Dumping data for table `account_position`
--

INSERT INTO `account_position` (`Id`, `Mail`, `Id_Position`, `Salary`) VALUES
(334, 'nhan@gmail.com', 1, 70000),
(335, 'nhan@gmail.com', 2, 40000),
(336, 'nhan@gmail.com', 3, 45000),
(337, 'nhan@gmail.com', 4, 50000),
(338, 'nhan@gmail.com', 5, 40000),
(339, 'nhan@gmail.com', 6, 40000),
(340, 'nhan@gmail.com', 7, 40000),
(341, 'j.thien1551@gmail.com', 1, 70000),
(342, 'j.thien1551@gmail.com', 2, 40000),
(343, 'j.thien1551@gmail.com', 4, 50000),
(344, 'j.thien1551@gmail.com', 5, 40000),
(345, 'j.thien1551@gmail.com', 6, 40000),
(347, 'SinhTP@gmail.com', 1, 70000),
(348, 'SinhTP@gmail.com', 3, 45000),
(349, 'SinhTP@gmail.com', 4, 50000),
(350, 'SinhTP@gmail.com', 5, 40000),
(351, 'SinhTP@gmail.com', 7, 40000),
(352, 'user2@gmail.com', 1, 70000),
(353, 'user2@gmail.com', 3, 45000),
(354, 'user2@gmail.com', 4, 50000),
(355, 'user2@gmail.com', 5, 40000),
(356, 'user2@gmail.com', 7, 40000),
(357, 'UserNT2010@khareer.com', 1, 70000),
(358, 'UserNT2010@khareer.com', 2, 40000),
(359, 'UserNT2010@khareer.com', 3, 45000),
(360, 'UserNT2010@khareer.com', 5, 40000),
(361, 'UserNT2010@khareer.com', 6, 40000),
(362, 'UserNT2010@khareer.com', 7, 40000),
(363, 'UserNT2011@khareer.com', 1, 70000),
(364, 'UserNT2011@khareer.com', 2, 40000),
(365, 'UserNT2011@khareer.com', 3, 45000),
(366, 'UserNT2011@khareer.com', 5, 40000),
(367, 'UserNT2011@khareer.com', 6, 40000),
(368, 'UserNT2011@khareer.com', 7, 40000),
(369, 'UserNT2012@khareer.com', 1, 70000),
(370, 'UserNT2012@khareer.com', 2, 40000),
(371, 'UserNT2012@khareer.com', 3, 45000),
(372, 'UserNT2012@khareer.com', 4, 50000),
(373, 'UserNT2012@khareer.com', 5, 40000),
(374, 'UserNT2012@khareer.com', 6, 40000),
(375, 'UserNT2012@khareer.com', 7, 40000),
(376, 'UserNT2013@khareer.com', 1, 70000),
(377, 'UserNT2013@khareer.com', 2, 40000),
(378, 'UserNT2013@khareer.com', 4, 50000),
(379, 'UserNT2013@khareer.com', 5, 40000),
(380, 'UserNT2013@khareer.com', 6, 40000),
(381, 'UserNT2013@khareer.com', 7, 40000),
(382, 'UserNT2014@khareer.com', 1, 70000),
(383, 'UserNT2014@khareer.com', 2, 40000),
(384, 'UserNT2014@khareer.com', 3, 45000),
(385, 'UserNT2014@khareer.com', 5, 40000),
(386, 'UserNT2014@khareer.com', 6, 40000),
(387, 'UserNT2014@khareer.com', 7, 40000),
(388, 'UserNT2015@khareer.com', 1, 70000),
(389, 'UserNT2015@khareer.com', 2, 40000),
(390, 'UserNT2015@khareer.com', 3, 45000),
(391, 'UserNT2015@khareer.com', 4, 50000),
(392, 'UserNT2015@khareer.com', 5, 40000),
(393, 'UserNT2015@khareer.com', 7, 40000),
(394, 'UserNT2016@khareer.com', 1, 70000),
(395, 'UserNT2016@khareer.com', 2, 40000),
(396, 'UserNT2016@khareer.com', 3, 45000),
(397, 'UserNT2016@khareer.com', 4, 50000),
(398, 'UserNT2016@khareer.com', 5, 40000),
(399, 'UserNT2016@khareer.com', 7, 40000),
(400, 'UserNT2017@khareer.com', 3, 45000),
(401, 'UserNT2017@khareer.com', 4, 50000),
(402, 'UserNT2017@khareer.com', 5, 40000),
(403, 'UserNT2017@khareer.com', 7, 40000),
(404, 'UserNT2018@khareer.com', 1, 70000),
(405, 'UserNT2018@khareer.com', 3, 45000),
(406, 'UserNT2018@khareer.com', 4, 50000),
(407, 'UserNT2018@khareer.com', 5, 40000),
(408, 'UserNT2018@khareer.com', 6, 40000),
(409, 'UserNT2018@khareer.com', 7, 40000),
(410, 'UserNT2019@khareer.com', 2, 40000),
(411, 'UserNT2019@khareer.com', 3, 45000),
(412, 'UserNT2019@khareer.com', 4, 50000),
(413, 'UserNT2019@khareer.com', 5, 40000),
(414, 'UserNT2019@khareer.com', 6, 40000),
(415, 'UserNT201@khareer.com', 1, 70000),
(416, 'UserNT201@khareer.com', 3, 45000),
(417, 'UserNT201@khareer.com', 4, 50000),
(418, 'UserNT201@khareer.com', 5, 40000),
(419, 'UserNT201@khareer.com', 6, 40000),
(420, 'UserNT2020@khareer.com', 1, 70000),
(421, 'UserNT2020@khareer.com', 3, 45000),
(422, 'UserNT2020@khareer.com', 4, 50000),
(423, 'UserNT2020@khareer.com', 6, 40000),
(424, 'UserNT202@khareer.com', 1, 70000),
(425, 'UserNT202@khareer.com', 2, 40000),
(426, 'UserNT202@khareer.com', 5, 40000),
(427, 'UserNT202@khareer.com', 6, 40000),
(428, 'UserNT203@khareer.com', 2, 40000),
(429, 'UserNT203@khareer.com', 3, 45000),
(430, 'UserNT203@khareer.com', 4, 50000),
(431, 'UserNT203@khareer.com', 5, 40000),
(432, 'UserNT203@khareer.com', 7, 40000),
(433, 'UserNT204@khareer.com', 3, 45000),
(434, 'UserNT204@khareer.com', 4, 50000),
(435, 'UserNT204@khareer.com', 5, 40000),
(436, 'UserNT204@khareer.com', 6, 40000),
(437, 'UserNT205@khareer.com', 2, 40000),
(438, 'UserNT205@khareer.com', 3, 45000),
(439, 'UserNT205@khareer.com', 5, 40000),
(440, 'UserNT205@khareer.com', 7, 40000),
(441, 'UserNT206@khareer.com', 1, 70000),
(442, 'UserNT206@khareer.com', 3, 45000),
(443, 'UserNT206@khareer.com', 5, 40000),
(444, 'UserNT206@khareer.com', 7, 40000),
(445, 'UserNT207@khareer.com', 1, 70000),
(446, 'UserNT207@khareer.com', 3, 45000),
(447, 'UserNT207@khareer.com', 5, 40000),
(448, 'UserNT207@khareer.com', 7, 40000),
(449, 'UserNT208@khareer.com', 1, 70000),
(450, 'UserNT208@khareer.com', 2, 40000),
(451, 'UserNT208@khareer.com', 4, 50000),
(452, 'UserNT208@khareer.com', 6, 40000),
(453, 'UserNT208@khareer.com', 7, 40000),
(454, 'UserNT209@khareer.com', 1, 70000),
(455, 'UserNT209@khareer.com', 2, 40000),
(456, 'UserNT209@khareer.com', 3, 45000),
(457, 'UserNT209@khareer.com', 4, 50000),
(458, 'UserNT209@khareer.com', 5, 40000),
(459, 'UserNT209@khareer.com', 6, 40000),
(460, 'UserNT209@khareer.com', 7, 40000),
(461, 'vlogcuocsongvacongnghe@gmail.com', 1, 70000),
(462, 'vlogcuocsongvacongnghe@gmail.com', 2, 40000),
(463, 'vlogcuocsongvacongnghe@gmail.com', 3, 45000),
(464, 'vlogcuocsongvacongnghe@gmail.com', 4, 50000),
(465, 'vlogcuocsongvacongnghe@gmail.com', 5, 40000),
(466, 'vlogcuocsongvacongnghe@gmail.com', 6, 40000),
(467, 'vlogcuocsongvacongnghe@gmail.com', 7, 40000),
(468, 'khanonline35@yahoo.com', 1, 70000),
(469, 'khanonline35@yahoo.com', 2, 40000),
(470, 'khanonline35@yahoo.com', 4, 50000),
(471, 'khanonline35@yahoo.com', 6, 40000),
(472, 'TestImage@gmail.com', 1, 70000),
(473, 'TestImage@gmail.com', 2, 40000),
(474, 'TestImage@gmail.com', 3, 45000),
(475, 'TestImage@gmail.com', 4, 50000),
(476, 'TestImage@gmail.com', 5, 40000),
(477, 'TestImage@gmail.com', 6, 40000),
(478, 'TestImage@gmail.com', 7, 40000),
(479, 'user1@gmail.com', 1, 70000),
(480, 'user1@gmail.com', 3, 45000),
(481, 'user1@gmail.com', 4, 50000),
(482, 'user1@gmail.com', 5, 40000),
(483, 'user1@gmail.com', 6, 40000),
(484, 'user1@gmail.com', 7, 40000),
(485, 'user3@gmail.com', 1, 70000),
(486, 'user3@gmail.com', 2, 40000),
(487, 'user3@gmail.com', 3, 45000),
(488, 'user3@gmail.com', 4, 50000),
(489, 'user3@gmail.com', 6, 40000),
(490, 'user3@gmail.com', 7, 40000),
(491, 'UserNT2020@khareer.com', 2, 40000),
(492, 'testimage@gmail.com', 1, 70000),
(493, 'UserNT2021@khareer.com', 1, 70000),
(494, 'UserNT2021@khareer.com', 3, 45000),
(495, 'UserNT2021@khareer.com', 4, 50000),
(496, 'UserNT2021@khareer.com', 5, 40000),
(497, 'UserNT2021@khareer.com', 6, 40000),
(498, 'UserNT2022@khareer.com', 1, 70000),
(499, 'UserNT2022@khareer.com', 2, 40000),
(500, 'UserNT2022@khareer.com', 3, 45000),
(501, 'UserNT2022@khareer.com', 5, 40000),
(502, 'UserNT2022@khareer.com', 6, 40000),
(503, 'UserNT2023@khareer.com', 1, 70000),
(504, 'UserNT2023@khareer.com', 2, 40000),
(505, 'UserNT2023@khareer.com', 4, 50000),
(506, 'UserNT2023@khareer.com', 6, 40000),
(507, 'UserNT2024@khareer.com', 1, 70000),
(508, 'UserNT2024@khareer.com', 2, 40000),
(509, 'UserNT2024@khareer.com', 3, 45000),
(510, 'UserNT2024@khareer.com', 4, 50000),
(511, 'UserNT2024@khareer.com', 5, 40000),
(512, 'UserNT2024@khareer.com', 6, 40000),
(513, 'UserNT2025@khareer.com', 1, 70000),
(514, 'UserNT2025@khareer.com', 3, 45000),
(515, 'UserNT2025@khareer.com', 4, 50000),
(516, 'UserNT2025@khareer.com', 5, 40000),
(517, 'UserNT2026@khareer.com', 1, 70000),
(518, 'UserNT2026@khareer.com', 3, 45000),
(519, 'UserNT2026@khareer.com', 5, 40000),
(520, 'UserNT2027@khareer.com', 1, 70000),
(521, 'UserNT2027@khareer.com', 3, 45000),
(522, 'UserNT2027@khareer.com', 6, 40000),
(523, 'UserNT2028@khareer.com', 1, 70000),
(524, 'UserNT2028@khareer.com', 2, 40000),
(525, 'UserNT2028@khareer.com', 4, 50000),
(526, 'UserNT2028@khareer.com', 5, 40000),
(527, 'UserNT2029@khareer.com', 2, 40000),
(528, 'UserNT2029@khareer.com', 3, 45000),
(529, 'UserNT2029@khareer.com', 6, 40000),
(530, 'UserNT2030@khareer.com', 1, 70000),
(531, 'UserNT2030@khareer.com', 2, 40000),
(532, 'UserNT2030@khareer.com', 3, 45000),
(533, 'UserNT2030@khareer.com', 4, 50000),
(534, 'UserNT2030@khareer.com', 5, 40000),
(535, 'UserNT2030@khareer.com', 6, 40000),
(536, 'UserNT2031@khareer.com', 1, 70000),
(537, 'UserNT2031@khareer.com', 3, 45000),
(538, 'UserNT2031@khareer.com', 5, 40000),
(539, 'UserNT2031@khareer.com', 6, 40000),
(540, 'UserNT2032@khareer.com', 1, 70000),
(541, 'UserNT2032@khareer.com', 3, 45000),
(542, 'UserNT2032@khareer.com', 5, 40000),
(543, 'UserNT2033@khareer.com', 1, 70000),
(544, 'UserNT2033@khareer.com', 2, 40000),
(545, 'UserNT2033@khareer.com', 3, 45000),
(546, 'UserNT2033@khareer.com', 5, 40000),
(547, 'UserNT2033@khareer.com', 6, 40000),
(548, 'UserNT2034@khareer.com', 1, 70000),
(549, 'UserNT2034@khareer.com', 3, 45000),
(550, 'UserNT2034@khareer.com', 4, 50000),
(551, 'UserNT2034@khareer.com', 5, 40000),
(552, 'UserNT2035@khareer.com', 1, 70000),
(553, 'UserNT2035@khareer.com', 2, 40000),
(554, 'UserNT2035@khareer.com', 3, 45000),
(555, 'UserNT2035@khareer.com', 4, 50000),
(556, 'UserNT2035@khareer.com', 5, 40000),
(557, 'UserNT2035@khareer.com', 6, 40000),
(558, 'UserNT2036@khareer.com', 1, 70000),
(559, 'UserNT2036@khareer.com', 2, 40000),
(560, 'UserNT2036@khareer.com', 4, 50000),
(561, 'UserNT2036@khareer.com', 5, 40000),
(562, 'UserNT2037@khareer.com', 1, 70000),
(563, 'UserNT2037@khareer.com', 3, 45000),
(564, 'UserNT2037@khareer.com', 4, 50000),
(565, 'UserNT2037@khareer.com', 5, 40000),
(566, 'UserNT2037@khareer.com', 6, 40000),
(567, 'UserNT2038@khareer.com', 1, 70000),
(568, 'UserNT2038@khareer.com', 4, 50000),
(569, 'UserNT2038@khareer.com', 6, 40000),
(570, 'UserNT2039@khareer.com', 1, 70000),
(571, 'UserNT2039@khareer.com', 3, 45000),
(572, 'UserNT2039@khareer.com', 4, 50000),
(573, 'UserNT2039@khareer.com', 5, 40000),
(574, 'UserNT2040@khareer.com', 1, 70000),
(575, 'UserNT2040@khareer.com', 3, 45000),
(576, 'UserNT2040@khareer.com', 4, 50000),
(577, 'UserNT2040@khareer.com', 6, 40000),
(578, 'UserNT2041@khareer.com', 1, 70000),
(579, 'UserNT2041@khareer.com', 3, 45000),
(580, 'UserNT2041@khareer.com', 4, 50000),
(581, 'UserNT2041@khareer.com', 5, 40000),
(582, 'UserNT2042@khareer.com', 1, 70000),
(583, 'UserNT2042@khareer.com', 3, 45000),
(584, 'UserNT2042@khareer.com', 4, 50000),
(585, 'UserNT2042@khareer.com', 5, 40000),
(586, 'UserNT2043@khareer.com', 1, 70000),
(587, 'UserNT2043@khareer.com', 2, 40000),
(588, 'UserNT2043@khareer.com', 3, 45000),
(589, 'UserNT2043@khareer.com', 4, 50000),
(590, 'UserNT2043@khareer.com', 5, 40000),
(591, 'UserNT2043@khareer.com', 6, 40000),
(592, 'UserNT2044@khareer.com', 1, 70000),
(593, 'UserNT2044@khareer.com', 2, 40000),
(594, 'UserNT2044@khareer.com', 4, 50000),
(595, 'UserNT2044@khareer.com', 5, 40000),
(596, 'UserNT2044@khareer.com', 6, 40000),
(597, 'UserNT2045@khareer.com', 1, 70000),
(598, 'UserNT2045@khareer.com', 3, 45000),
(599, 'UserNT2045@khareer.com', 4, 50000),
(600, 'UserNT2045@khareer.com', 6, 40000),
(601, 'supervisorkhareer1@fpt.edu.vn', 1, 70000),
(602, 'supervisorkhareer1@fpt.edu.vn', 3, 45000),
(603, 'supervisorkhareer1@fpt.edu.vn', 6, 40000),
(604, 'supervisorkhareer1@fpt.edu.vn', 7, 40000),
(605, 'supervisorkhareer1@fpt.edu.vn', 2, 40000),
(606, 'supervisorkhareer1@fpt.edu.vn', 4, 50000),
(607, 'supervisorkhareer1@fpt.edu.vn', 5, 40000);

-- --------------------------------------------------------

--
-- Table structure for table `account_token`
--

CREATE TABLE `account_token` (
  `Mail` varchar(100) DEFAULT NULL,
  `Token` varchar(255) NOT NULL
) ENGINE=InnoDB DEFAULT CHARSET=utf8mb4;

--
-- Dumping data for table `account_token`
--

INSERT INTO `account_token` (`Mail`, `Token`) VALUES
('j.thien1551@gmail.com', 'cteX6l91SUWgEAbQqY2LYQ:APA91bHWkwk4Zz4TXaHNsWijOSW4IFIOLap65cDDOE1nuZdVyBgY2ULeXSoGdTBcO2jwfgliLsM59xRSdNhiLUHgES77kecorDKeHTu1Ax7uDR54IMhVG6lQht7xRXOH3ThhsybpbWFm'),
('j.thien1551@gmail.com', 'dJ6Ar1a-QQ-HNjvNWSiduj:APA91bFfisMOu_Bc49VbF-RVpBF6MZcrkglAjrDagHpXY1gZ8ZNzE5vosf0qPbdjXyCuWpFiNJSWSBxBQUocKiFyx1JSHLQ2a9YPDX3wmGFLlZEOVL1IBu6HKSElHiVYYoU9wFc3rvyE'),
('j.thien1551@gmail.com', 'eyw6gqtHQ7KWM0z3JGMIwM:APA91bGAkq6d5pgN_Oriaj70R2r6lnuDGsIT-yby754wLQtyrXgVUG-CawT6lFGIQQ_T7gprJdLOB4zoN0roLAhJtQ_E8gQXjaqlbL1UOj81vq4gKMHxwT6daIp9B1M5WcgVxF04ke8y'),
('j.thien1551@gmail.com', 'fVw79YpGRQu6qeLMv8nQ11:APA91bE2W7nCWsC_82p1_uZJV-Sp252k6Cid3LDoVZUpTD_5oIHfnpF0acjzC09BPqW1HCWa92dMpq8WdBTj6L_PaW-UWU9hiboItHQlHYjs6ZNBTKKVo0ZjrHOKAuTxvAA4s9F-PF6f'),
('nhan@gmail.com', 'dettBljsS3uOA3y1JM74VL:APA91bE0efcpxVMVT24wUG5kSz4x-kljOaLpvbh-hJ1g6qie_jSxA3ezzkAt-lo2XHa5OQi_Fdudw4ssNE8Hj5KDv_8j_12LDbkiqvbBWKAuUijmutVtSScE7B2SP31XmRejRAGnD0lj'),
('scanner@khareer.com', 'dJ6Ar1a-QQ-HNjvNWSiduj:APA91bGrieduhl8vZxFrPZtol1bikSLq2eqc53dzqFqX4_Sq_dN7RWVKpWdMwm9QnlSFvsEi3ifE01P9BzzMKGmo1m6XoqrblkCyfvgaoeoKnGytxpwWvXnN8hMy-Fe3qc2dSIt881A3'),
('SinhTP@gmail.com', 'cceikT-KQ8OMQhwBt8DSbU:APA91bE1aIkwjiMVl6kA1p_tXJO7xGP04b2uSf1Qxln5RgBF0e48U7b78Ru7FLpSfwMEmTdpCiZciDfQa2HXAClH10B9eatK3SFMVBFzA32p_1noyr_TuEzM7bdIHLa_jzP-KBuaB9lG'),
('testbday@gmail.com', 'd-JVeVXFRBO1R9wCY62UB4:APA91bHSSDskBZ0Te4YjkLMpjU3Bo2taGS72YxN9hrqfVB5LC966WfnXYomcQ0UJVDvw8oE3WYHWD63WTdpE9FK44YTyNC7EfvMnl49pVmVDzDWhxGre2XkB5dKkacNoxnZa_jCyJThX'),
('user1@gmail.com', 'cBNpVEGuSayI9mityI-oES:APA91bFP7efvi5AEJ8Gk60sAr7FRDhknqEnltSuM1TZXolb_BFEyOPr_K2F2OyeWD9JeXBDqB1sejo0hQAUCulOWIPLfvkxX61l8OoC4uOdkrGnVVnfgL_sJ2j3qjrWGxkkkyrUzrfkQ'),
('user1@gmail.com', 'crokLEI1Q-mz7FrjUNk4TN:APA91bH3xWEtvbje4OiehcL3dGMWdQj3mM0oo3TH8ttP3uli1pHx1MB3LBz5a8oN1sCCP3NnQgLWcIS-89xgIcE4WBvfrC_Hn2Unm9eWEn_s6ZXs7WNbPrpq1CwIbt8Evw5OO70YX3Qh'),
('user1@gmail.com', 'dclEj_-2QMSZf16NMjnEIu:APA91bEUU1EuL5H2EpG1HSY0XTt0PfaL6929aF2l0U4T58Q3Uywgvs4L2cZbYvX5JMnMMhl0ig9gacEdRqM8jfxTN0Vz1kqh9FGcXZ9ddT0XLWI2coliPspsA2sMiRTgjuK7JZt2A-VF'),
('user1@gmail.com', 'dhQZ4mcsTJue-UDnMspD_-:APA91bEdaiTrZuU14iFdbSP4hUARdM7xVweFaI53LgrOwtHNfgBCSihQqwqQI19QCYQHghugZavuRaDWBkyQSGfDzxht_9Nim6Bi6nAb5K1_E0TJtge77kRbKkjNtUOqLE03cSUVeu_B'),
('user1@gmail.com', 'drw8XiCdTI6OyHcR6qktxm:APA91bGhJzBoJUzaSu1a4OpPikSqtBnfkCupDiQX8pmJvS2tPDUrHNmWioxzYL7iy4FwGUrg71YnG01i0Ogv9Tdzp70QhoSpkvoJ0ZdAhZfgY97Av6XJJ3jwmKhNxnqSeW3F2cSO2Pv2'),
('user1@gmail.com', 'dWAtOPqOSkS1VIw8VgSk2N:APA91bGqi3nSGjn5UFavu048kEY9q_3YoNITTfTKiWyOzbD666K5cEDGIooYfkVuQ5YPQsLWrhAbZSc8Uuf5B905l1pQISpiLfL5nh7C2AmjQRk0PbCUfL4TckqZAhHpGJKgMaRPAIwL'),
('user1@gmail.com', 'eDVMIjNPRSiETp0Zt-vx4A:APA91bGLMAPzcfQAWTvmyW8tKSx-F-AxAMmzo3_S2tJZZkECnkukN4rUvLtN-wcGL_Dzjd6OHD9nsDn3PvUOVp82YkIQCKkL9udL0svKcP3c9LqIcZiK9-VBXPvvVBqm8YfNGhPTinKP'),
('UserNT205@khareer.com', 'd0JXxLtCSXGKYSwgcro2Z1:APA91bFRWY1K0C_2urQJJareHZt2CvRRK7tbgP9sh7wzn6S8ORiWCCqsKJh4Bk6VSMa6gDjDOX0K1zifBJrWHQvyyi7sTHYpXbfdyokQLCyGQPnPU_yB8wX2kIvyaXH5f0y02H8KXkD_');

-- --------------------------------------------------------

--
-- Table structure for table `classroom`
--

CREATE TABLE `classroom` (
  `id` int(11) NOT NULL,
  `duration` varchar(30) NOT NULL,
  `name` varchar(150) NOT NULL,
  `id_semester` int(11) NOT NULL
) ENGINE=InnoDB DEFAULT CHARSET=utf8mb4;

-- --------------------------------------------------------

--
-- Table structure for table `course`
--

CREATE TABLE `course` (
  `id` int(11) NOT NULL,
  `description` varchar(150) NOT NULL,
  `duration` int(11) NOT NULL,
  `name` varchar(50) NOT NULL
) ENGINE=InnoDB DEFAULT CHARSET=utf8mb4;

-- --------------------------------------------------------

--
-- Table structure for table `day_off`
--

CREATE TABLE `day_off` (
  `Id` int(11) NOT NULL,
  `Mail` varchar(100) NOT NULL,
  `Start_date` date NOT NULL,
  `End_date` date NOT NULL,
  `Day_number` int(11) NOT NULL,
  `Content` varchar(500) NOT NULL,
  `Status` tinyint(4) NOT NULL
) ENGINE=InnoDB DEFAULT CHARSET=utf8mb4;

--
-- Dumping data for table `day_off`
--

INSERT INTO `day_off` (`Id`, `Mail`, `Start_date`, `End_date`, `Day_number`, `Content`, `Status`) VALUES
(1, 'user1@gmail.com', '2022-07-08', '2022-07-10', 3, 'Di du lịc', 1),
(2, 'user2@gmail.com', '2022-07-03', '2022-07-05', 3, 'Cham con om', 2),
(3, 'user1@gmail.com', '2022-05-04', '2022-07-12', 3, 'Di du lich', 1),
(4, 'tamlhts2008005@fpt.edu.vn', '2022-07-03', '2022-07-13', 10, 'Tham que', 1),
(5, 'user1@gmail.com', '2022-07-08', '2022-07-10', 3, 'Cin nghĩ phép', 1),
(6, 'user1@gmail.com', '2022-07-08', '2022-07-11', 3, 'Di du lịc', 1),
(7, 'user1@gmail.com', '2022-07-08', '2022-07-11', 3, 'Di du lịc', 1),
(8, 'user1@gmail.com', '2022-07-08', '2022-07-11', 3, 'Di du lịc', 2),
(9, 'user1@gmail.com', '2022-07-08', '2022-07-11', 3, 'Di du lịc', 2),
(10, 'user1@gmail.com', '2020-12-10', '2020-12-15', 3, 'Di du lịc', 1),
(11, 'user1@gmail.com', '2020-12-10', '2020-12-15', 5, 'Nghi Om', 2),
(12, 'user1@gmail.com', '2020-12-10', '2020-12-15', 5, 'Nghi Om', 2),
(13, 'user1@gmail.com', '2020-12-10', '2020-12-15', 5, 'Nghi Om', 1),
(14, 'user1@gmail.com', '2020-12-10', '2020-12-19', 9, 'Nghi Om 1', 2),
(15, 'user1@gmail.com', '2022-07-22', '2022-07-23', 1, 'Tham Que', 1),
(16, 'user1@gmail.com', '2022-08-01', '2022-08-11', 10, 'Di thi cong chuc', 1),
(17, 'user1@gmail.com', '2022-08-01', '2022-08-11', 10, 'Di thi cong chuc', 2),
(18, 'user1@gmail.com', '2022-08-02', '2022-08-10', 8, 'Quan taam', 1),
(19, 'user1@gmail.com', '2022-08-06', '2022-08-11', 5, 'Nghi Om', 1),
(20, 'user1@gmail.com', '2020-10-11', '2020-10-15', 4, 'Gia dinh co cv', 1),
(21, 'SinhTP@gmail.com', '2022-07-08', '2022-07-12', 3, ' Ốm', 1),
(22, 'user1@gmail.com', '2022-08-12', '2022-08-13', 1, 'Bi Om', 1),
(23, 'user1@gmail.com', '2022-08-11', '2022-08-16', 7, 'Bi tai nan xe', 1),
(24, 'user1@gmail.com', '2022-08-11', '2022-08-12', 1, 'Cham con om', 1),
(25, 'user2@gmail.com', '2022-08-09', '2022-08-11', 2, 'Nha co tang', 1),
(26, 'user1@gmail.com', '2022-08-17', '2022-08-17', 0, 'đi chơi', 1),
(27, 'j.thien1551@gmail.com', '2022-08-18', '2022-08-20', 2, 'nghi om', 1);

-- --------------------------------------------------------

--
-- Table structure for table `exam`
--

CREATE TABLE `exam` (
  `id` int(11) NOT NULL,
  `start_date` date NOT NULL,
  `id_classroom` int(11) NOT NULL,
  `id_course` int(11) NOT NULL
) ENGINE=InnoDB DEFAULT CHARSET=utf8mb4;

-- --------------------------------------------------------

--
-- Table structure for table `mail`
--

CREATE TABLE `mail` (
  `id` int(11) NOT NULL,
  `recipient` varchar(250) NOT NULL,
  `subject` varchar(250) NOT NULL,
  `content` varchar(1000) NOT NULL
) ENGINE=InnoDB DEFAULT CHARSET=utf8mb4;

--
-- Dumping data for table `mail`
--

INSERT INTO `mail` (`id`, `recipient`, `subject`, `content`) VALUES
(1, 'j.thien1551@gmail.com', 'test mail', 'test mail'),
(2, 'j.thien1551@gmail.com', 'test mail', 'test mail'),
(3, 'j.thien1551@gmail.com', 'Mã phục hồi tài khoản đăng nhập KHR Mobile', 'Account code'),
(4, 'nhan@gmail.com', 'Mã phục hồi tài khoản đăng nhập KHR Mobile', 'Account code'),
(5, 'j.thien1551@gmail.com', 'Mã phục hồi tài khoản đăng nhập KHR Mobile', 'Account code'),
(6, 'SinhTP@gmail.com', 'Mã phục hồi tài khoản đăng nhập KHR Mobile', 'Account code'),
(7, 'j.thien1551@gmail.com', 'Mã phục hồi tài khoản đăng nhập KHR Mobile', 'Account code'),
(8, 'thiennnts2008038@fpt.edu.vn', 'Mã phục hồi tài khoản đăng nhập KHR Mobile', 'Account code');

-- --------------------------------------------------------

--
-- Table structure for table `message_account`
--

CREATE TABLE `message_account` (
  `messsage_id` int(11) NOT NULL,
  `messsage_content` varchar(255) NOT NULL,
  `mail_send` varchar(100) NOT NULL,
  `id_receive` varchar(100) NOT NULL,
  `create_date` date NOT NULL DEFAULT current_timestamp()
) ENGINE=InnoDB DEFAULT CHARSET=utf8mb4;

--
-- Dumping data for table `message_account`
--

INSERT INTO `message_account` (`messsage_id`, `messsage_content`, `mail_send`, `id_receive`, `create_date`) VALUES
(1, 'Hôm nay mọi người ổn không anh?', 'j.thien1551@gmail.com', '1', '2022-08-17'),
(2, 'Dạ em ổn', 'nhan@gmail.com', '1', '2022-08-17'),
(3, 'Mai nghĩ nha em', 'j.thien1551@gmail.com', '1', '2022-08-17'),
(4, 'Anh ổn không', 'khanonline35@yahoo.com', 'nhan@gmail.com', '2022-08-17'),
(5, 'Hi', 'khanonline35@yahoo.com', '1', '2022-08-18'),
(6, 'mai khỏi học ', 'j.thien1551@gmail.com', '1', '2022-08-18'),
(7, 'có thật không ba', 'j.thien1551@gmail.com', '1', '2022-08-18'),
(8, 'đùa á', 'j.thien1551@gmail.com', '1', '2022-08-18'),
(9, 'giỡn hoài má', 'j.thien1551@gmail.com', '1', '2022-08-18'),
(10, 'Hi moi nguoi', 'nhan@gmail.com', '2', '2022-08-18'),
(11, 'oke', 'nhan@gmail.com', '2', '2022-08-18'),
(12, 'oke la', 'nhan@gmail.com', '2', '2022-08-18'),
(13, 'oke 2', 'nhan@gmail.com', '2', '2022-08-18'),
(14, 'em oi', 'testbday@gmail.com', '2', '2022-08-18'),
(15, 'có vui không', 'nhan@gmail.com', '2', '2022-08-18'),
(16, 'ff', 'testbday@gmail.com', '2', '2022-08-18'),
(17, 'oke\n', 'nhan@gmail.com', '2', '2022-08-18'),
(18, 'helllo', 'nhan@gmail.com', '2', '2022-08-18'),
(19, 'oke a', 'nhan@gmail.com', 'j.thien1551@gmail.com', '2022-08-18'),
(20, 'oke a', 'nhan@gmail.com', 'j.thien1551@gmail.com', '2022-08-18'),
(21, 'hi', 'nhan@gmail.com', 'j.thien1551@gmail.com', '2022-08-18'),
(22, 'hi', 'nhan@gmail.com', 'testbday@gmail.com', '2022-08-18'),
(23, 'hh', 'nhan@gmail.com', 'testbday@gmail.com', '2022-08-18'),
(24, 'ook', 'nhan@gmail.com', '2', '2022-08-18');

-- --------------------------------------------------------

--
-- Table structure for table `notification`
--

CREATE TABLE `notification` (
  `Id` int(11) NOT NULL,
  `Title` varchar(500) NOT NULL,
  `Content` varchar(500) NOT NULL,
  `date_create` datetime NOT NULL DEFAULT current_timestamp(),
  `is_all` bit(1) DEFAULT NULL,
  `name` int(11) DEFAULT NULL
) ENGINE=InnoDB DEFAULT CHARSET=utf8mb4;

--
-- Dumping data for table `notification`
--

INSERT INTO `notification` (`Id`, `Title`, `Content`, `date_create`, `is_all`, `name`) VALUES
(1, 'Tet Holiday', 'Toan bo cong nhan nghi ngay x den het ngay y', '2022-07-01 00:47:17', b'0', 0),
(2, 'Tru luong', 'Cong nhan bi tru luong do di lam tre gio', '2022-07-01 00:47:17', b'0', 0),
(3, 'Tet Holiday', 'Toan bo cong nhan nghi ngay x den het ngay y', '2022-07-01 00:47:30', b'0', 0),
(4, 'Tru luong', 'Cong nhan bi tru luong do di lam tre gio', '2022-07-01 00:47:30', b'0', 0),
(5, 'Thông bao nghi việc đọt 2', 'Thong báo cho phép nghĩ tất cả ', '2022-07-28 23:36:59', b'0', 0),
(6, 'Thông bao nghi việc đọt 2', 'NGhĩ luôn', '2022-07-28 23:40:05', b'0', 0),
(7, 'Thông bao nghi việc đọt 2', 'Cho nghi luôn', '2022-07-29 11:30:42', b'0', 0),
(8, 'Thông bao nghi việc đọt 2', '123', '2022-07-29 11:40:27', b'0', 0),
(9, 'Kich hoat Tai Khoan', 'Da them lich tang ca thanh cong', '2022-07-29 16:22:27', b'0', 0),
(10, 'Kich hoat Tai Khoan oke', 'Kich hoat Tai Khoan oke', '2022-07-29 16:26:41', b'0', 0),
(11, 'Khoa Tai Khoan oke', 'Khoa Tai Khoan oke', '2022-07-29 16:30:03', b'0', 0),
(12, 'Thông bao nghi việc đọt 2', 'Cho Nhan Vien Nguyen Van A Nghi lam', '2022-07-31 20:26:44', b'0', 0),
(13, 'Thông bao nghi việc đọt 2', 'Cho phep Ngyen van A nghi', '2022-07-31 20:30:14', b'0', 0),
(14, 'Thông bao nghi việc đọt 21', 'Kiet ', '2022-07-31 21:00:07', b'0', 0),
(15, 'Thông bao nghi việc đọt 2', '123', '2022-08-01 14:58:31', b'0', 0),
(16, 'Thông bao nghi việc đọt 2', 'Cho nghi bao tri', '2022-08-04 08:58:36', b'0', 0),
(17, 'Kich hoat Tai Khoan', 'Thanh Cong', '2022-08-04 08:59:18', b'0', 0),
(18, 'Thông bao nghi việc', 'Cho nghi ta het', '2022-08-04 09:00:36', b'0', 0),
(19, 'Kich hoat Tai Khoan oke', 'Oke nha', '2022-08-04 09:02:19', b'0', 0),
(20, 'Thông báo chấp thuận đơn xin nghĩ', 'Đơn xin nghĩ phép của bạn User one đã được xét duyệt cho phép nghĩ với thời gian 2022-07-08 đến 2022-07-11. /nVới lý do Di du lịc Bạn được nghĩ tổng cộng 3 (ngày).\nChúng tôi rất cảm thông và hi vọng bạn có thể quay lại làm việc vào ngày sớm nhất .\n Xin cảm ơn', '2022-08-04 15:29:49', b'0', 0),
(21, 'Thông báo chấp thuận đơn xin nghĩ', 'Đơn xin nghĩ phép của bạn User one đã được xét duyệt cho phép nghĩ với thời gian 2022-07-08 đến 2022-07-11/nVới lý do Di du lịc Bạn được nghĩ tổng cộng 3 (ngày).\nChúng tôi rất cảm thông và hi vọng bạn có thể quay lại làm việc vào ngày sớm nhất .\n Xin cảm ơn', '2022-08-04 15:43:10', b'0', 0),
(22, 'Thông báo chấp thuận đơn xin nghĩ', 'Đơn xin nghĩ phép của bạn User one đã được xét duyệt cho phép nghĩ với thời gian 2020-10-11 đến 2020-10-15/nVới lý do Gia dinh co cv Bạn được nghĩ tổng cộng 4 (ngày).\nChúng tôi rất cảm thông và hi vọng bạn có thể quay lại làm việc vào ngày sớm nhất .\n Xin cảm ơn', '2022-08-04 15:48:59', b'0', 0),
(23, 'Thông báo từ chối đơn xin nghĩ', 'Đơn xin nghĩ phép của bạn User one đã bị từ chối xét duyệt cho phép nghĩ với thời gian 2022-07-08 đến 2022-07-11\nVới lý do Di du lịc\nThời gian nghĩ của bạn hoặc lý do nghĩ không phù hợp !Chúng tôi rất cảm thông với yêu cầu cảu bạn.\nChúc bạn một ngày tốt lành.\nXin cảm ơn.', '2022-08-04 15:49:55', b'0', 0),
(24, 'Thông báo từ chối đơn xin nghĩ', 'Đơn xin nghĩ phép của bạn User one đã bị từ chối xét duyệt cho phép nghĩ với thời gian 2022-08-06 đến 2022-08-11\nVới lý do Nghi Om\nThời gian nghĩ của bạn hoặc lý do nghĩ không phù hợp !Chúng tôi rất cảm thông với yêu cầu cảu bạn.\nChúc bạn một ngày tốt lành.\nXin cảm ơn.', '2022-08-04 15:58:19', b'0', 0),
(25, 'Thông báo chấp thuận yêu cầu xin nghĩ', 'Đơn xin nghĩ phép của bạn User one đã được xét duyệt cho phép nghĩ với thời gian 2022-08-02 đến 2022-08-10/nVới lý do Quan taam Bạn được nghĩ tổng cộng 8 (ngày).\nChúng tôi rất cảm thông và hi vọng bạn có thể quay lại làm việc vào ngày sớm nhất .\n Xin cảm ơn', '2022-08-04 16:07:55', b'0', 0),
(26, 'Thông báo từ chối yêu cầu xin nghĩ', 'Đơn xin nghĩ phép của bạn User one đã bị từ chối xét duyệt cho phép nghĩ với thời gian 2022-08-01 đến 2022-08-11\nVới lý do Di thi cong chuc\nThời gian nghĩ của bạn hoặc lý do nghĩ không phù hợp !Chúng tôi rất cảm thông với yêu cầu cảu bạn.\nChúc bạn một ngày tốt lành.\nXin cảm ơn.', '2022-08-04 16:08:09', b'0', 0),
(27, 'Thông báo chấp thuận yêu cầu xin nghĩ', 'Đơn xin nghĩ phép của bạn User one đã được xét duyệt cho phép nghĩ với thời gian 2022-08-01 đến 2022-08-11/nVới lý do Di thi cong chuc Bạn được nghĩ tổng cộng 10 (ngày).\nChúng tôi rất cảm thông và hi vọng bạn có thể quay lại làm việc vào ngày sớm nhất .\n Xin cảm ơn', '2022-08-05 10:17:41', b'0', 0),
(28, 'Thông báo chấp thuận yêu cầu xin nghĩ', 'Đơn xin nghĩ phép của bạn User one đã được xét duyệt cho phép nghĩ với thời gian 2022-07-22 đến 2022-07-23/nVới lý do Tham Que Bạn được nghĩ tổng cộng 1 (ngày).\nChúng tôi rất cảm thông và hi vọng bạn có thể quay lại làm việc vào ngày sớm nhất .\n Xin cảm ơn', '2022-08-05 10:18:12', b'0', 0),
(29, 'Thông báo từ chối yêu cầu xin nghĩ', 'Đơn xin nghĩ phép của bạn User one đã bị từ chối xét duyệt cho phép nghĩ với thời gian 2020-12-10 đến 2020-12-19\nVới lý do Nghi Om 1\nThời gian nghĩ của bạn hoặc lý do nghĩ không phù hợp !Chúng tôi rất cảm thông với yêu cầu cảu bạn.\nChúc bạn một ngày tốt lành.\nXin cảm ơn.', '2022-08-05 10:21:47', b'0', 0),
(32, 'Thông bao nghi việc', 'Nghi Việc Tập thể', '2022-08-05 12:46:48', b'0', 0),
(33, 'Thông bao nghi việc đọt 2', 'oke', '2022-08-05 13:01:42', b'0', 0),
(34, 'Thông bao nghi việc đọt 2', 'oke', '2022-08-05 13:01:51', b'0', 0),
(35, 'Kich hoat Tai Khoan', 'Mọi Tài Khoản đã được kích hoạt', '2022-08-05 13:04:44', b'0', 0),
(36, 'Mọi người tăng #% lương', 'Tăng  Tất cả 3% lương cho mọi người', '2022-08-05 13:07:37', b'0', 0),
(37, 'Thông báo nghĩ sớm', 'Mọi người về sớm 1 h để bảo trì quán', '2022-08-05 13:11:57', b'0', 0),
(38, 'Thông bao nghi việc', 'nghi 2 ngay de bao tri', '2022-08-05 13:33:13', b'0', 0),
(39, 'Thông báo chấp thuận yêu cầu xin nghĩ', 'Đơn xin nghĩ phép của bạn User one đã được xét duyệt cho phép nghĩ với thời gian 2020-12-10 đến 2020-12-15/nVới lý do Nghi Om Bạn được nghĩ tổng cộng 5 (ngày).\nChúng tôi rất cảm thông và hi vọng bạn có thể quay lại làm việc vào ngày sớm nhất .\n Xin cảm ơn', '2022-08-05 15:56:13', b'0', 0),
(40, 'Thông báo từ chối yêu cầu xin nghĩ', 'Đơn xin nghĩ phép của bạn User one đã bị từ chối xét duyệt cho phép nghĩ với thời gian 2020-12-10 đến 2020-12-15\nVới lý do Nghi Om\nThời gian nghĩ của bạn hoặc lý do nghĩ không phù hợp !Chúng tôi rất cảm thông với yêu cầu cảu bạn.\nChúc bạn một ngày tốt lành.\nXin cảm ơn.', '2022-08-05 15:57:10', b'0', 0),
(41, 'Thông báo từ chối yêu cầu xin nghĩ', 'Đơn xin nghĩ phép của bạn User one đã bị từ chối xét duyệt cho phép nghĩ với thời gian 2020-12-10 đến 2020-12-15\nVới lý do Nghi Om\nThời gian nghĩ của bạn hoặc lý do nghĩ không phù hợp !Chúng tôi rất cảm thông với yêu cầu cảu bạn.\nChúc bạn một ngày tốt lành.\nXin cảm ơn.', '2022-08-05 16:54:16', b'0', 0),
(42, 'Thông báo chấp thuận yêu cầu xin nghĩ', 'Đơn xin nghĩ phép của bạn User one đã được xét duyệt cho phép nghĩ với thời gian 2020-12-10 đến 2020-12-15/nVới lý do Di du lịc Bạn được nghĩ tổng cộng 3 (ngày).\nChúng tôi rất cảm thông và hi vọng bạn có thể quay lại làm việc vào ngày sớm nhất .\n Xin cảm ơn', '2022-08-05 16:57:36', b'0', 0),
(43, 'Thông báo chấp thuận yêu cầu xin nghĩ', 'Đơn xin nghĩ phép của bạn User one đã được xét duyệt cho phép nghĩ với thời gian 2022-08-11 đến 2022-08-12/nVới lý do Cham con om Bạn được nghĩ tổng cộng 1 (ngày).\nChúng tôi rất cảm thông và hi vọng bạn có thể quay lại làm việc vào ngày sớm nhất .\n Xin cảm ơn', '2022-08-05 17:28:10', b'0', 0),
(44, 'Thông bao nghi việc', 'ngay mai nghic', '2022-08-05 17:29:22', b'0', 0),
(45, 'Thông báo chấp thuận yêu cầu xin nghĩ', 'Đơn xin nghĩ phép của bạn User one đã được xét duyệt cho phép nghĩ với thời gian 2022-08-11 đến 2022-08-05/nVới lý do Bi tai nan xe Bạn được nghĩ tổng cộng -6 (ngày).\nChúng tôi rất cảm thông và hi vọng bạn có thể quay lại làm việc vào ngày sớm nhất .\n Xin cảm ơn', '2022-08-07 20:30:30', b'0', 0),
(46, 'Thông báo chấp thuận yêu cầu xin nghĩ', 'Đơn xin nghĩ phép của bạn User one đã được xét duyệt cho phép nghĩ với thời gian 2022-08-12 đến 2022-08-13/nVới lý do Bi Om Bạn được nghĩ tổng cộng 1 (ngày).\nChúng tôi rất cảm thông và hi vọng bạn có thể quay lại làm việc vào ngày sớm nhất .\n Xin cảm ơn', '2022-08-07 20:30:47', b'0', 0),
(47, 'Thông báo từ chối yêu cầu xin nghĩ', 'Đơn xin nghĩ phép của bạn User one đã bị từ chối xét duyệt cho phép nghĩ với thời gian 2022-07-08 đến 2022-07-11\nVới lý do Di du lịc\nThời gian nghĩ của bạn hoặc lý do nghĩ không phù hợp !Chúng tôi rất cảm thông với yêu cầu cảu bạn.\nChúc bạn một ngày tốt lành.\nXin cảm ơn.', '2022-08-07 20:31:17', b'0', 0),
(48, 'Thông báo chấp thuận yêu cầu xin nghĩ', 'Đơn xin nghĩ phép của bạn User one đã được xét duyệt cho phép nghĩ với thời gian 2022-08-11 đến 2022-08-12/nVới lý do Cham con om Bạn được nghĩ tổng cộng 1 (ngày).\nChúng tôi rất cảm thông và hi vọng bạn có thể quay lại làm việc vào ngày sớm nhất .\n Xin cảm ơn', '2022-08-07 20:45:45', b'0', 0),
(49, 'Kich hoat Tai Khoan', 'Thanh cong', '2022-08-07 20:46:34', b'0', 0),
(50, 'Thông báo chấp thuận yêu cầu xin nghĩ', 'Đơn xin nghĩ phép của bạn User one đã được xét duyệt cho phép nghĩ với thời gian 2022-08-11 đến 2022-08-05/nVới lý do Bi tai nan xe Bạn được nghĩ tổng cộng -6 (ngày).\nChúng tôi rất cảm thông và hi vọng bạn có thể quay lại làm việc vào ngày sớm nhất .\n Xin cảm ơn', '2022-08-07 20:46:51', b'0', 0),
(51, 'alo alo', 'Test', '2022-08-09 16:08:33', b'0', 0),
(52, 'Tesst Thông  báo', 'Tesst Thông  báo', '2022-08-09 16:11:12', b'0', 0),
(53, 'Thông báo chấp thuận yêu cầu xin nghĩ', 'Đơn xin nghĩ phép của bạn User one đã được xét duyệt cho phép nghĩ với thời gian 2022-08-06 đến 2022-08-11/nVới lý do Nghi Om Bạn được nghĩ tổng cộng 5 (ngày).\nChúng tôi rất cảm thông và hi vọng bạn có thể quay lại làm việc vào ngày sớm nhất .\n Xin cảm ơn', '2022-08-09 19:49:18', b'0', 0),
(54, 'Thông báo chấp thuận yêu cầu xin nghĩ', 'Đơn xin nghĩ phép của bạn User one đã được xét duyệt cho phép nghĩ với thời gian 2022-08-09 đến 2022-08-11/nVới lý do Nha co tang Bạn được nghĩ tổng cộng 2 (ngày).\nChúng tôi rất cảm thông và hi vọng bạn có thể quay lại làm việc vào ngày sớm nhất .\n Xin cảm ơn', '2022-08-17 15:32:03', NULL, NULL),
(55, 'Thông báo chấp thuận yêu cầu xin nghĩ', 'Đơn xin nghĩ phép của bạn User one đã được xét duyệt cho phép nghĩ với thời gian 2022-08-17 đến 2022-08-17/nVới lý do đi chơi Bạn được nghĩ tổng cộng 0 (ngày).\nChúng tôi rất cảm thông và hi vọng bạn có thể quay lại làm việc vào ngày sớm nhất .\n Xin cảm ơn', '2022-08-17 15:36:44', NULL, NULL),
(56, 'Thông báo chấp thuận yêu cầu xin nghĩ', 'Đơn xin nghĩ phép của bạn User one đã được xét duyệt cho phép nghĩ với thời gian 2020-10-11 đến 2020-10-15/nVới lý do Gia dinh co cv Bạn được nghĩ tổng cộng 4 (ngày).\nChúng tôi rất cảm thông và hi vọng bạn có thể quay lại làm việc vào ngày sớm nhất .\n Xin cảm ơn', '2022-08-17 15:38:46', NULL, NULL),
(57, 'Tesst Thông  báo', 'alo', '2022-08-17 15:39:18', NULL, NULL),
(58, 'Thong bao nghi ca n', 'nghi  bao tri quan', '2022-08-17 16:26:28', NULL, NULL),
(319, 'j.thien1551@gmail.com Xin đổi ca ', 'j.thien1551@gmail.com Xin đổi ca với nội dung là: xin doi', '2022-08-18 14:28:41', NULL, NULL),
(320, 'UserNT205@khareer.com đã chấp nhận đổi', 'UserNT205@khareer.com đã chấp nhận đổi vui lòng đợi sự đồng ý của admin', '2022-08-18 14:31:39', NULL, NULL),
(321, 'Admin đã chấp nhận đổi', 'Admin đã chấp nhận đỏi ca, bạn vui lòng vào lại lịch làm việc để xem có đổi chưa nhé', '2022-08-18 14:32:04', NULL, NULL);

-- --------------------------------------------------------

--
-- Table structure for table `over_time`
--

CREATE TABLE `over_time` (
  `Id` int(11) NOT NULL,
  `Mail` varchar(100) NOT NULL,
  `Id_Shift` int(11) NOT NULL,
  `Content` varchar(50) NOT NULL,
  `Status` tinyint(4) NOT NULL
) ENGINE=InnoDB DEFAULT CHARSET=utf8mb4;

-- --------------------------------------------------------

--
-- Table structure for table `permission`
--

CREATE TABLE `permission` (
  `Id` int(11) NOT NULL,
  `name` varchar(20) NOT NULL
) ENGINE=InnoDB DEFAULT CHARSET=utf8mb4;

-- --------------------------------------------------------

--
-- Table structure for table `position`
--

CREATE TABLE `position` (
  `Id` int(11) NOT NULL,
  `Position_name` varchar(50) NOT NULL,
  `Salary_default` int(11) NOT NULL
) ENGINE=InnoDB DEFAULT CHARSET=utf8mb4;

--
-- Dumping data for table `position`
--

INSERT INTO `position` (`Id`, `Position_name`, `Salary_default`) VALUES
(1, 'Nhân viên quản lý', 70000),
(2, 'Nhân viên tính tiền', 40000),
(3, 'Nhân viên pha chế', 45000),
(4, 'Nhân viên bếp', 50000),
(5, 'Nhân viên phục vụ', 40000),
(6, 'Nhân viên giữ xe', 40000),
(7, 'Nhân viên vệ sinh', 40000);

-- --------------------------------------------------------

--
-- Table structure for table `salary`
--

CREATE TABLE `salary` (
  `Id` int(11) NOT NULL,
  `mail` varchar(100) NOT NULL,
  `total_time` int(11) NOT NULL,
  `salary` int(20) NOT NULL,
  `date` date NOT NULL
) ENGINE=InnoDB DEFAULT CHARSET=utf8mb4;

--
-- Dumping data for table `salary`
--

INSERT INTO `salary` (`Id`, `mail`, `total_time`, `salary`, `date`) VALUES
(75, 'j.thien1551@gmail.com', 3, 150000, '2022-07-28'),
(76, 'nhan@gmail.com', 16, 760000, '2022-07-28'),
(78, 'user1@gmail.com', 4, 280000, '2022-08-28');

-- --------------------------------------------------------

--
-- Table structure for table `semester`
--

CREATE TABLE `semester` (
  `id` int(11) NOT NULL,
  `end_date` date NOT NULL,
  `name` int(11) NOT NULL,
  `start_date` date NOT NULL
) ENGINE=InnoDB DEFAULT CHARSET=utf8mb4;

-- --------------------------------------------------------

--
-- Table structure for table `shift`
--

CREATE TABLE `shift` (
  `Id` int(11) NOT NULL,
  `Id_Timeline` int(11) DEFAULT NULL,
  `Id_Position` int(11) DEFAULT NULL,
  `Number` int(11) DEFAULT NULL,
  `Time_start` datetime DEFAULT NULL,
  `Is_OT` tinyint(1) DEFAULT NULL,
  `Time_end` datetime DEFAULT NULL,
  `Shift_code` int(11) DEFAULT NULL
) ENGINE=InnoDB DEFAULT CHARSET=utf8mb4;

--
-- Dumping data for table `shift`
--

INSERT INTO `shift` (`Id`, `Id_Timeline`, `Id_Position`, `Number`, `Time_start`, `Is_OT`, `Time_end`, `Shift_code`) VALUES
(2970, 106, 1, 2, '2022-05-30 06:00:00', 0, '2022-05-30 10:00:00', 100),
(2971, 106, 2, 1, '2022-05-30 06:00:00', 0, '2022-05-30 10:00:00', 100),
(2972, 106, 3, 1, '2022-05-30 06:00:00', 0, '2022-05-30 10:00:00', 100),
(2973, 106, 4, 1, '2022-05-30 06:00:00', 0, '2022-05-30 10:00:00', 100),
(2974, 106, 5, 3, '2022-05-30 06:00:00', 0, '2022-05-30 10:00:00', 100),
(2975, 106, 6, 1, '2022-05-30 06:00:00', 0, '2022-05-30 10:00:00', 100),
(2976, 106, 7, 1, '2022-05-30 06:00:00', 0, '2022-05-30 10:00:00', 100),
(2977, 106, 1, 2, '2022-05-30 10:00:00', 0, '2022-05-30 14:00:00', 101),
(2978, 106, 2, 1, '2022-05-30 10:00:00', 0, '2022-05-30 14:00:00', 101),
(2979, 106, 3, 1, '2022-05-30 10:00:00', 0, '2022-05-30 14:00:00', 101),
(2980, 106, 4, 1, '2022-05-30 10:00:00', 0, '2022-05-30 14:00:00', 101),
(2981, 106, 5, 3, '2022-05-30 10:00:00', 0, '2022-05-30 14:00:00', 101),
(2982, 106, 6, 1, '2022-05-30 10:00:00', 0, '2022-05-30 14:00:00', 101),
(2983, 106, 7, 1, '2022-05-30 10:00:00', 0, '2022-05-30 14:00:00', 101),
(2984, 106, 1, 2, '2022-05-30 14:00:00', 0, '2022-05-30 18:00:00', 102),
(2985, 106, 2, 1, '2022-05-30 14:00:00', 0, '2022-05-30 18:00:00', 102),
(2986, 106, 3, 1, '2022-05-30 14:00:00', 0, '2022-05-30 18:00:00', 102),
(2987, 106, 4, 1, '2022-05-30 14:00:00', 0, '2022-05-30 18:00:00', 102),
(2988, 106, 5, 3, '2022-05-30 14:00:00', 0, '2022-05-30 18:00:00', 102),
(2989, 106, 6, 1, '2022-05-30 14:00:00', 0, '2022-05-30 18:00:00', 102),
(2990, 106, 7, 1, '2022-05-30 14:00:00', 0, '2022-05-30 18:00:00', 102),
(2991, 106, 1, 2, '2022-05-30 18:00:00', 0, '2022-05-30 22:00:00', 103),
(2992, 106, 2, 1, '2022-05-30 18:00:00', 0, '2022-05-30 22:00:00', 103),
(2993, 106, 3, 1, '2022-05-30 18:00:00', 0, '2022-05-30 22:00:00', 103),
(2994, 106, 4, 1, '2022-05-30 18:00:00', 0, '2022-05-30 22:00:00', 103),
(2995, 106, 5, 3, '2022-05-30 18:00:00', 0, '2022-05-30 22:00:00', 103),
(2996, 106, 6, 1, '2022-05-30 18:00:00', 0, '2022-05-30 22:00:00', 103),
(2997, 106, 7, 1, '2022-05-30 18:00:00', 0, '2022-05-30 22:00:00', 103),
(2998, 106, 1, 2, '2022-05-30 22:00:00', 0, '2022-05-31 06:00:00', 104),
(2999, 106, 2, 1, '2022-05-30 22:00:00', 0, '2022-05-31 06:00:00', 104),
(3000, 106, 3, 1, '2022-05-30 22:00:00', 0, '2022-05-31 06:00:00', 104),
(3001, 106, 4, 1, '2022-05-30 22:00:00', 0, '2022-05-31 06:00:00', 104),
(3002, 106, 5, 3, '2022-05-30 22:00:00', 0, '2022-05-31 06:00:00', 104),
(3003, 106, 6, 1, '2022-05-30 22:00:00', 0, '2022-05-31 06:00:00', 104),
(3004, 106, 7, 1, '2022-05-30 22:00:00', 0, '2022-05-31 06:00:00', 104),
(3005, 106, 1, 2, '2022-05-31 06:00:00', 0, '2022-05-31 10:00:00', 105),
(3006, 106, 2, 1, '2022-05-31 06:00:00', 0, '2022-05-31 10:00:00', 105),
(3007, 106, 3, 1, '2022-05-31 06:00:00', 0, '2022-05-31 10:00:00', 105),
(3008, 106, 4, 1, '2022-05-31 06:00:00', 0, '2022-05-31 10:00:00', 105),
(3009, 106, 5, 3, '2022-05-31 06:00:00', 0, '2022-05-31 10:00:00', 105),
(3010, 106, 6, 1, '2022-05-31 06:00:00', 0, '2022-05-31 10:00:00', 105),
(3011, 106, 7, 1, '2022-05-31 06:00:00', 0, '2022-05-31 10:00:00', 105),
(3012, 106, 1, 2, '2022-05-31 10:00:00', 0, '2022-05-31 14:00:00', 106),
(3013, 106, 2, 1, '2022-05-31 10:00:00', 0, '2022-05-31 14:00:00', 106),
(3014, 106, 3, 1, '2022-05-31 10:00:00', 0, '2022-05-31 14:00:00', 106),
(3015, 106, 4, 1, '2022-05-31 10:00:00', 0, '2022-05-31 14:00:00', 106),
(3016, 106, 5, 3, '2022-05-31 10:00:00', 0, '2022-05-31 14:00:00', 106),
(3017, 106, 6, 1, '2022-05-31 10:00:00', 0, '2022-05-31 14:00:00', 106),
(3018, 106, 7, 1, '2022-05-31 10:00:00', 0, '2022-05-31 14:00:00', 106),
(3019, 106, 1, 2, '2022-05-31 14:00:00', 0, '2022-05-31 18:00:00', 107),
(3020, 106, 2, 1, '2022-05-31 14:00:00', 0, '2022-05-31 18:00:00', 107),
(3021, 106, 3, 1, '2022-05-31 14:00:00', 0, '2022-05-31 18:00:00', 107),
(3022, 106, 4, 1, '2022-05-31 14:00:00', 0, '2022-05-31 18:00:00', 107),
(3023, 106, 5, 3, '2022-05-31 14:00:00', 0, '2022-05-31 18:00:00', 107),
(3024, 106, 6, 1, '2022-05-31 14:00:00', 0, '2022-05-31 18:00:00', 107),
(3025, 106, 7, 1, '2022-05-31 14:00:00', 0, '2022-05-31 18:00:00', 107),
(3026, 106, 1, 2, '2022-05-31 18:00:00', 0, '2022-05-31 22:00:00', 108),
(3027, 106, 2, 1, '2022-05-31 18:00:00', 0, '2022-05-31 22:00:00', 108),
(3028, 106, 3, 1, '2022-05-31 18:00:00', 0, '2022-05-31 22:00:00', 108),
(3029, 106, 4, 1, '2022-05-31 18:00:00', 0, '2022-05-31 22:00:00', 108),
(3030, 106, 5, 3, '2022-05-31 18:00:00', 0, '2022-05-31 22:00:00', 108),
(3031, 106, 6, 1, '2022-05-31 18:00:00', 0, '2022-05-31 22:00:00', 108),
(3032, 106, 7, 1, '2022-05-31 18:00:00', 0, '2022-05-31 22:00:00', 108),
(3033, 106, 1, 2, '2022-05-31 22:00:00', 0, '2022-06-01 06:00:00', 109),
(3034, 106, 2, 1, '2022-05-31 22:00:00', 0, '2022-06-01 06:00:00', 109),
(3035, 106, 3, 1, '2022-05-31 22:00:00', 0, '2022-06-01 06:00:00', 109),
(3036, 106, 4, 1, '2022-05-31 22:00:00', 0, '2022-06-01 06:00:00', 109),
(3037, 106, 5, 3, '2022-05-31 22:00:00', 0, '2022-06-01 06:00:00', 109),
(3038, 106, 6, 1, '2022-05-31 22:00:00', 0, '2022-06-01 06:00:00', 109),
(3039, 106, 7, 1, '2022-05-31 22:00:00', 0, '2022-06-01 06:00:00', 109),
(3040, 106, 1, 2, '2022-06-01 06:00:00', 0, '2022-06-01 10:00:00', 1010),
(3041, 106, 2, 1, '2022-06-01 06:00:00', 0, '2022-06-01 10:00:00', 1010),
(3042, 106, 3, 1, '2022-06-01 06:00:00', 0, '2022-06-01 10:00:00', 1010),
(3043, 106, 4, 1, '2022-06-01 06:00:00', 0, '2022-06-01 10:00:00', 1010),
(3044, 106, 5, 3, '2022-06-01 06:00:00', 0, '2022-06-01 10:00:00', 1010),
(3045, 106, 6, 1, '2022-06-01 06:00:00', 0, '2022-06-01 10:00:00', 1010),
(3046, 106, 7, 1, '2022-06-01 06:00:00', 0, '2022-06-01 10:00:00', 1010),
(3047, 106, 1, 2, '2022-06-01 10:00:00', 0, '2022-06-01 14:00:00', 1011),
(3048, 106, 2, 1, '2022-06-01 10:00:00', 0, '2022-06-01 14:00:00', 1011),
(3049, 106, 3, 1, '2022-06-01 10:00:00', 0, '2022-06-01 14:00:00', 1011),
(3050, 106, 4, 1, '2022-06-01 10:00:00', 0, '2022-06-01 14:00:00', 1011),
(3051, 106, 5, 3, '2022-06-01 10:00:00', 0, '2022-06-01 14:00:00', 1011),
(3052, 106, 6, 1, '2022-06-01 10:00:00', 0, '2022-06-01 14:00:00', 1011),
(3053, 106, 7, 1, '2022-06-01 10:00:00', 0, '2022-06-01 14:00:00', 1011),
(3054, 106, 1, 2, '2022-06-01 14:00:00', 0, '2022-06-01 18:00:00', 1012),
(3055, 106, 2, 1, '2022-06-01 14:00:00', 0, '2022-06-01 18:00:00', 1012),
(3056, 106, 3, 1, '2022-06-01 14:00:00', 0, '2022-06-01 18:00:00', 1012),
(3057, 106, 4, 1, '2022-06-01 14:00:00', 0, '2022-06-01 18:00:00', 1012),
(3058, 106, 5, 3, '2022-06-01 14:00:00', 0, '2022-06-01 18:00:00', 1012),
(3059, 106, 6, 1, '2022-06-01 14:00:00', 0, '2022-06-01 18:00:00', 1012),
(3060, 106, 7, 1, '2022-06-01 14:00:00', 0, '2022-06-01 18:00:00', 1012),
(3061, 106, 1, 2, '2022-06-01 18:00:00', 0, '2022-06-01 22:00:00', 1013),
(3062, 106, 2, 1, '2022-06-01 18:00:00', 0, '2022-06-01 22:00:00', 1013),
(3063, 106, 3, 1, '2022-06-01 18:00:00', 0, '2022-06-01 22:00:00', 1013),
(3064, 106, 4, 1, '2022-06-01 18:00:00', 0, '2022-06-01 22:00:00', 1013),
(3065, 106, 5, 3, '2022-06-01 18:00:00', 0, '2022-06-01 22:00:00', 1013),
(3066, 106, 6, 1, '2022-06-01 18:00:00', 0, '2022-06-01 22:00:00', 1013),
(3067, 106, 7, 1, '2022-06-01 18:00:00', 0, '2022-06-01 22:00:00', 1013),
(3068, 106, 1, 2, '2022-06-01 22:00:00', 0, '2022-06-02 06:00:00', 1014),
(3069, 106, 2, 1, '2022-06-01 22:00:00', 0, '2022-06-02 06:00:00', 1014),
(3070, 106, 3, 1, '2022-06-01 22:00:00', 0, '2022-06-02 06:00:00', 1014),
(3071, 106, 4, 1, '2022-06-01 22:00:00', 0, '2022-06-02 06:00:00', 1014),
(3072, 106, 5, 3, '2022-06-01 22:00:00', 0, '2022-06-02 06:00:00', 1014),
(3073, 106, 6, 1, '2022-06-01 22:00:00', 0, '2022-06-02 06:00:00', 1014),
(3074, 106, 7, 1, '2022-06-01 22:00:00', 0, '2022-06-02 06:00:00', 1014),
(3075, 106, 1, 2, '2022-06-02 06:00:00', 0, '2022-06-02 10:00:00', 1015),
(3076, 106, 2, 1, '2022-06-02 06:00:00', 0, '2022-06-02 10:00:00', 1015),
(3077, 106, 3, 1, '2022-06-02 06:00:00', 0, '2022-06-02 10:00:00', 1015),
(3078, 106, 4, 1, '2022-06-02 06:00:00', 0, '2022-06-02 10:00:00', 1015),
(3079, 106, 5, 3, '2022-06-02 06:00:00', 0, '2022-06-02 10:00:00', 1015),
(3080, 106, 6, 1, '2022-06-02 06:00:00', 0, '2022-06-02 10:00:00', 1015),
(3081, 106, 7, 1, '2022-06-02 06:00:00', 0, '2022-06-02 10:00:00', 1015),
(3082, 106, 1, 2, '2022-06-02 10:00:00', 0, '2022-06-02 14:00:00', 1016),
(3083, 106, 2, 1, '2022-06-02 10:00:00', 0, '2022-06-02 14:00:00', 1016),
(3084, 106, 3, 1, '2022-06-02 10:00:00', 0, '2022-06-02 14:00:00', 1016),
(3085, 106, 4, 1, '2022-06-02 10:00:00', 0, '2022-06-02 14:00:00', 1016),
(3086, 106, 5, 3, '2022-06-02 10:00:00', 0, '2022-06-02 14:00:00', 1016),
(3087, 106, 6, 1, '2022-06-02 10:00:00', 0, '2022-06-02 14:00:00', 1016),
(3088, 106, 7, 1, '2022-06-02 10:00:00', 0, '2022-06-02 14:00:00', 1016),
(3089, 106, 1, 2, '2022-06-02 14:00:00', 0, '2022-06-02 18:00:00', 1017),
(3090, 106, 2, 1, '2022-06-02 14:00:00', 0, '2022-06-02 18:00:00', 1017),
(3091, 106, 3, 1, '2022-06-02 14:00:00', 0, '2022-06-02 18:00:00', 1017),
(3092, 106, 4, 1, '2022-06-02 14:00:00', 0, '2022-06-02 18:00:00', 1017),
(3093, 106, 5, 3, '2022-06-02 14:00:00', 0, '2022-06-02 18:00:00', 1017),
(3094, 106, 6, 1, '2022-06-02 14:00:00', 0, '2022-06-02 18:00:00', 1017),
(3095, 106, 7, 1, '2022-06-02 14:00:00', 0, '2022-06-02 18:00:00', 1017),
(3096, 106, 1, 2, '2022-06-02 18:00:00', 0, '2022-06-02 22:00:00', 1018),
(3097, 106, 2, 1, '2022-06-02 18:00:00', 0, '2022-06-02 22:00:00', 1018),
(3098, 106, 3, 1, '2022-06-02 18:00:00', 0, '2022-06-02 22:00:00', 1018),
(3099, 106, 4, 1, '2022-06-02 18:00:00', 0, '2022-06-02 22:00:00', 1018),
(3100, 106, 5, 3, '2022-06-02 18:00:00', 0, '2022-06-02 22:00:00', 1018),
(3101, 106, 6, 1, '2022-06-02 18:00:00', 0, '2022-06-02 22:00:00', 1018),
(3102, 106, 7, 1, '2022-06-02 18:00:00', 0, '2022-06-02 22:00:00', 1018),
(3103, 106, 1, 2, '2022-06-02 22:00:00', 0, '2022-06-03 06:00:00', 1019),
(3104, 106, 2, 1, '2022-06-02 22:00:00', 0, '2022-06-03 06:00:00', 1019),
(3105, 106, 3, 1, '2022-06-02 22:00:00', 0, '2022-06-03 06:00:00', 1019),
(3106, 106, 4, 1, '2022-06-02 22:00:00', 0, '2022-06-03 06:00:00', 1019),
(3107, 106, 5, 3, '2022-06-02 22:00:00', 0, '2022-06-03 06:00:00', 1019),
(3108, 106, 6, 1, '2022-06-02 22:00:00', 0, '2022-06-03 06:00:00', 1019),
(3109, 106, 7, 1, '2022-06-02 22:00:00', 0, '2022-06-03 06:00:00', 1019),
(3110, 106, 1, 2, '2022-06-03 06:00:00', 0, '2022-06-03 10:00:00', 1020),
(3111, 106, 2, 1, '2022-06-03 06:00:00', 0, '2022-06-03 10:00:00', 1020),
(3112, 106, 3, 1, '2022-06-03 06:00:00', 0, '2022-06-03 10:00:00', 1020),
(3113, 106, 4, 1, '2022-06-03 06:00:00', 0, '2022-06-03 10:00:00', 1020),
(3114, 106, 5, 3, '2022-06-03 06:00:00', 0, '2022-06-03 10:00:00', 1020),
(3115, 106, 6, 1, '2022-06-03 06:00:00', 0, '2022-06-03 10:00:00', 1020),
(3116, 106, 7, 1, '2022-06-03 06:00:00', 0, '2022-06-03 10:00:00', 1020),
(3117, 106, 1, 2, '2022-06-03 10:00:00', 0, '2022-06-03 14:00:00', 1021),
(3118, 106, 2, 1, '2022-06-03 10:00:00', 0, '2022-06-03 14:00:00', 1021),
(3119, 106, 3, 1, '2022-06-03 10:00:00', 0, '2022-06-03 14:00:00', 1021),
(3120, 106, 4, 1, '2022-06-03 10:00:00', 0, '2022-06-03 14:00:00', 1021),
(3121, 106, 5, 3, '2022-06-03 10:00:00', 0, '2022-06-03 14:00:00', 1021),
(3122, 106, 6, 1, '2022-06-03 10:00:00', 0, '2022-06-03 14:00:00', 1021),
(3123, 106, 7, 1, '2022-06-03 10:00:00', 0, '2022-06-03 14:00:00', 1021),
(3124, 106, 1, 2, '2022-06-03 14:00:00', 0, '2022-06-03 18:00:00', 1022),
(3125, 106, 2, 1, '2022-06-03 14:00:00', 0, '2022-06-03 18:00:00', 1022),
(3126, 106, 3, 1, '2022-06-03 14:00:00', 0, '2022-06-03 18:00:00', 1022),
(3127, 106, 4, 1, '2022-06-03 14:00:00', 0, '2022-06-03 18:00:00', 1022),
(3128, 106, 5, 3, '2022-06-03 14:00:00', 0, '2022-06-03 18:00:00', 1022),
(3129, 106, 6, 1, '2022-06-03 14:00:00', 0, '2022-06-03 18:00:00', 1022),
(3130, 106, 7, 1, '2022-06-03 14:00:00', 0, '2022-06-03 18:00:00', 1022),
(3131, 106, 1, 2, '2022-06-03 18:00:00', 0, '2022-06-03 22:00:00', 1023),
(3132, 106, 2, 1, '2022-06-03 18:00:00', 0, '2022-06-03 22:00:00', 1023),
(3133, 106, 3, 1, '2022-06-03 18:00:00', 0, '2022-06-03 22:00:00', 1023),
(3134, 106, 4, 1, '2022-06-03 18:00:00', 0, '2022-06-03 22:00:00', 1023),
(3135, 106, 5, 3, '2022-06-03 18:00:00', 0, '2022-06-03 22:00:00', 1023),
(3136, 106, 6, 1, '2022-06-03 18:00:00', 0, '2022-06-03 22:00:00', 1023),
(3137, 106, 7, 1, '2022-06-03 18:00:00', 0, '2022-06-03 22:00:00', 1023),
(3138, 106, 1, 2, '2022-06-03 22:00:00', 0, '2022-06-04 06:00:00', 1024),
(3139, 106, 2, 1, '2022-06-03 22:00:00', 0, '2022-06-04 06:00:00', 1024),
(3140, 106, 3, 1, '2022-06-03 22:00:00', 0, '2022-06-04 06:00:00', 1024),
(3141, 106, 4, 1, '2022-06-03 22:00:00', 0, '2022-06-04 06:00:00', 1024),
(3142, 106, 5, 3, '2022-06-03 22:00:00', 0, '2022-06-04 06:00:00', 1024),
(3143, 106, 6, 1, '2022-06-03 22:00:00', 0, '2022-06-04 06:00:00', 1024),
(3144, 106, 7, 1, '2022-06-03 22:00:00', 0, '2022-06-04 06:00:00', 1024),
(3145, 106, 1, 2, '2022-06-04 06:00:00', 0, '2022-06-04 10:00:00', 1025),
(3146, 106, 2, 1, '2022-06-04 06:00:00', 0, '2022-06-04 10:00:00', 1025),
(3147, 106, 3, 1, '2022-06-04 06:00:00', 0, '2022-06-04 10:00:00', 1025),
(3148, 106, 4, 1, '2022-06-04 06:00:00', 0, '2022-06-04 10:00:00', 1025),
(3149, 106, 5, 3, '2022-06-04 06:00:00', 0, '2022-06-04 10:00:00', 1025),
(3150, 106, 6, 1, '2022-06-04 06:00:00', 0, '2022-06-04 10:00:00', 1025),
(3151, 106, 7, 1, '2022-06-04 06:00:00', 0, '2022-06-04 10:00:00', 1025),
(3152, 106, 1, 2, '2022-06-04 10:00:00', 0, '2022-06-04 14:00:00', 1026),
(3153, 106, 2, 1, '2022-06-04 10:00:00', 0, '2022-06-04 14:00:00', 1026),
(3154, 106, 3, 1, '2022-06-04 10:00:00', 0, '2022-06-04 14:00:00', 1026),
(3155, 106, 4, 1, '2022-06-04 10:00:00', 0, '2022-06-04 14:00:00', 1026),
(3156, 106, 5, 3, '2022-06-04 10:00:00', 0, '2022-06-04 14:00:00', 1026),
(3157, 106, 6, 1, '2022-06-04 10:00:00', 0, '2022-06-04 14:00:00', 1026),
(3158, 106, 7, 1, '2022-06-04 10:00:00', 0, '2022-06-04 14:00:00', 1026),
(3159, 106, 1, 2, '2022-06-04 14:00:00', 0, '2022-06-04 18:00:00', 1027),
(3160, 106, 2, 1, '2022-06-04 14:00:00', 0, '2022-06-04 18:00:00', 1027),
(3161, 106, 3, 1, '2022-06-04 14:00:00', 0, '2022-06-04 18:00:00', 1027),
(3162, 106, 4, 1, '2022-06-04 14:00:00', 0, '2022-06-04 18:00:00', 1027),
(3163, 106, 5, 3, '2022-06-04 14:00:00', 0, '2022-06-04 18:00:00', 1027),
(3164, 106, 6, 1, '2022-06-04 14:00:00', 0, '2022-06-04 18:00:00', 1027),
(3165, 106, 7, 1, '2022-06-04 14:00:00', 0, '2022-06-04 18:00:00', 1027),
(3166, 106, 1, 2, '2022-06-04 18:00:00', 0, '2022-06-04 22:00:00', 1028),
(3167, 106, 2, 1, '2022-06-04 18:00:00', 0, '2022-06-04 22:00:00', 1028),
(3168, 106, 3, 1, '2022-06-04 18:00:00', 0, '2022-06-04 22:00:00', 1028),
(3169, 106, 4, 1, '2022-06-04 18:00:00', 0, '2022-06-04 22:00:00', 1028),
(3170, 106, 5, 3, '2022-06-04 18:00:00', 0, '2022-06-04 22:00:00', 1028),
(3171, 106, 6, 1, '2022-06-04 18:00:00', 0, '2022-06-04 22:00:00', 1028),
(3172, 106, 7, 1, '2022-06-04 18:00:00', 0, '2022-06-04 22:00:00', 1028),
(3173, 106, 1, 2, '2022-06-04 22:00:00', 0, '2022-06-05 06:00:00', 1029),
(3174, 106, 2, 1, '2022-06-04 22:00:00', 0, '2022-06-05 06:00:00', 1029),
(3175, 106, 3, 1, '2022-06-04 22:00:00', 0, '2022-06-05 06:00:00', 1029),
(3176, 106, 4, 1, '2022-06-04 22:00:00', 0, '2022-06-05 06:00:00', 1029),
(3177, 106, 5, 3, '2022-06-04 22:00:00', 0, '2022-06-05 06:00:00', 1029),
(3178, 106, 6, 1, '2022-06-04 22:00:00', 0, '2022-06-05 06:00:00', 1029),
(3179, 106, 7, 1, '2022-06-04 22:00:00', 0, '2022-06-05 06:00:00', 1029),
(3180, 106, 1, 2, '2022-06-05 06:00:00', 0, '2022-06-05 10:00:00', 1030),
(3181, 106, 2, 1, '2022-06-05 06:00:00', 0, '2022-06-05 10:00:00', 1030),
(3182, 106, 3, 1, '2022-06-05 06:00:00', 0, '2022-06-05 10:00:00', 1030),
(3183, 106, 4, 1, '2022-06-05 06:00:00', 0, '2022-06-05 10:00:00', 1030),
(3184, 106, 5, 3, '2022-06-05 06:00:00', 0, '2022-06-05 10:00:00', 1030),
(3185, 106, 6, 1, '2022-06-05 06:00:00', 0, '2022-06-05 10:00:00', 1030),
(3186, 106, 7, 1, '2022-06-05 06:00:00', 0, '2022-06-05 10:00:00', 1030),
(3187, 106, 1, 2, '2022-06-05 10:00:00', 0, '2022-06-05 14:00:00', 1031),
(3188, 106, 2, 1, '2022-06-05 10:00:00', 0, '2022-06-05 14:00:00', 1031),
(3189, 106, 3, 1, '2022-06-05 10:00:00', 0, '2022-06-05 14:00:00', 1031),
(3190, 106, 4, 1, '2022-06-05 10:00:00', 0, '2022-06-05 14:00:00', 1031),
(3191, 106, 5, 3, '2022-06-05 10:00:00', 0, '2022-06-05 14:00:00', 1031),
(3192, 106, 6, 1, '2022-06-05 10:00:00', 0, '2022-06-05 14:00:00', 1031),
(3193, 106, 7, 1, '2022-06-05 10:00:00', 0, '2022-06-05 14:00:00', 1031),
(3194, 106, 1, 2, '2022-06-05 14:00:00', 0, '2022-06-05 18:00:00', 1032),
(3195, 106, 2, 1, '2022-06-05 14:00:00', 0, '2022-06-05 18:00:00', 1032),
(3196, 106, 3, 1, '2022-06-05 14:00:00', 0, '2022-06-05 18:00:00', 1032),
(3197, 106, 4, 1, '2022-06-05 14:00:00', 0, '2022-06-05 18:00:00', 1032),
(3198, 106, 5, 3, '2022-06-05 14:00:00', 0, '2022-06-05 18:00:00', 1032),
(3199, 106, 6, 1, '2022-06-05 14:00:00', 0, '2022-06-05 18:00:00', 1032),
(3200, 106, 7, 1, '2022-06-05 14:00:00', 0, '2022-06-05 18:00:00', 1032),
(3201, 106, 1, 2, '2022-06-05 18:00:00', 0, '2022-06-05 22:00:00', 1033),
(3202, 106, 2, 1, '2022-06-05 18:00:00', 0, '2022-06-05 22:00:00', 1033),
(3203, 106, 3, 1, '2022-06-05 18:00:00', 0, '2022-06-05 22:00:00', 1033),
(3204, 106, 4, 1, '2022-06-05 18:00:00', 0, '2022-06-05 22:00:00', 1033),
(3205, 106, 5, 3, '2022-06-05 18:00:00', 0, '2022-06-05 22:00:00', 1033),
(3206, 106, 6, 1, '2022-06-05 18:00:00', 0, '2022-06-05 22:00:00', 1033),
(3207, 106, 7, 1, '2022-06-05 18:00:00', 0, '2022-06-05 22:00:00', 1033),
(3208, 106, 1, 2, '2022-06-05 22:00:00', 0, '2022-06-06 06:00:00', 1034),
(3209, 106, 2, 1, '2022-06-05 22:00:00', 0, '2022-06-06 06:00:00', 1034),
(3210, 106, 3, 1, '2022-06-05 22:00:00', 0, '2022-06-06 06:00:00', 1034),
(3211, 106, 4, 1, '2022-06-05 22:00:00', 0, '2022-06-06 06:00:00', 1034),
(3212, 106, 5, 3, '2022-06-05 22:00:00', 0, '2022-06-06 06:00:00', 1034),
(3213, 106, 6, 1, '2022-06-05 22:00:00', 0, '2022-06-06 06:00:00', 1034),
(3214, 106, 7, 1, '2022-06-05 22:00:00', 0, '2022-06-06 06:00:00', 1034),
(3215, 107, 1, 1, '2022-06-06 06:00:00', 0, '2022-06-06 10:00:00', 100),
(3216, 107, 2, 1, '2022-06-06 06:00:00', 0, '2022-06-06 10:00:00', 100),
(3217, 107, 3, 3, '2022-06-06 06:00:00', 0, '2022-06-06 10:00:00', 100),
(3218, 107, 4, 1, '2022-06-06 06:00:00', 0, '2022-06-06 10:00:00', 100),
(3219, 107, 5, 3, '2022-06-06 06:00:00', 0, '2022-06-06 10:00:00', 100),
(3220, 107, 6, 1, '2022-06-06 06:00:00', 0, '2022-06-06 10:00:00', 100),
(3221, 107, 7, 1, '2022-06-06 06:00:00', 0, '2022-06-06 10:00:00', 100),
(3222, 107, 1, 1, '2022-06-06 10:00:00', 0, '2022-06-06 14:00:00', 101),
(3223, 107, 2, 1, '2022-06-06 10:00:00', 0, '2022-06-06 14:00:00', 101),
(3224, 107, 3, 3, '2022-06-06 10:00:00', 0, '2022-06-06 14:00:00', 101),
(3225, 107, 4, 1, '2022-06-06 10:00:00', 0, '2022-06-06 14:00:00', 101),
(3226, 107, 5, 3, '2022-06-06 10:00:00', 0, '2022-06-06 14:00:00', 101),
(3227, 107, 6, 1, '2022-06-06 10:00:00', 0, '2022-06-06 14:00:00', 101),
(3228, 107, 7, 1, '2022-06-06 10:00:00', 0, '2022-06-06 14:00:00', 101),
(3229, 107, 1, 1, '2022-06-06 14:00:00', 0, '2022-06-06 18:00:00', 102),
(3230, 107, 2, 1, '2022-06-06 14:00:00', 0, '2022-06-06 18:00:00', 102),
(3231, 107, 3, 3, '2022-06-06 14:00:00', 0, '2022-06-06 18:00:00', 102),
(3232, 107, 4, 1, '2022-06-06 14:00:00', 0, '2022-06-06 18:00:00', 102),
(3233, 107, 5, 3, '2022-06-06 14:00:00', 0, '2022-06-06 18:00:00', 102),
(3234, 107, 6, 1, '2022-06-06 14:00:00', 0, '2022-06-06 18:00:00', 102),
(3235, 107, 7, 1, '2022-06-06 14:00:00', 0, '2022-06-06 18:00:00', 102),
(3236, 107, 1, 1, '2022-06-06 18:00:00', 0, '2022-06-06 22:00:00', 103),
(3237, 107, 2, 1, '2022-06-06 18:00:00', 0, '2022-06-06 22:00:00', 103),
(3238, 107, 3, 3, '2022-06-06 18:00:00', 0, '2022-06-06 22:00:00', 103),
(3239, 107, 4, 1, '2022-06-06 18:00:00', 0, '2022-06-06 22:00:00', 103),
(3240, 107, 5, 3, '2022-06-06 18:00:00', 0, '2022-06-06 22:00:00', 103),
(3241, 107, 6, 1, '2022-06-06 18:00:00', 0, '2022-06-06 22:00:00', 103),
(3242, 107, 7, 1, '2022-06-06 18:00:00', 0, '2022-06-06 22:00:00', 103),
(3243, 107, 1, 1, '2022-06-06 22:00:00', 0, '2022-06-07 06:00:00', 104),
(3244, 107, 2, 1, '2022-06-06 22:00:00', 0, '2022-06-07 06:00:00', 104),
(3245, 107, 3, 3, '2022-06-06 22:00:00', 0, '2022-06-07 06:00:00', 104),
(3246, 107, 4, 1, '2022-06-06 22:00:00', 0, '2022-06-07 06:00:00', 104),
(3247, 107, 5, 3, '2022-06-06 22:00:00', 0, '2022-06-07 06:00:00', 104),
(3248, 107, 6, 1, '2022-06-06 22:00:00', 0, '2022-06-07 06:00:00', 104),
(3249, 107, 7, 1, '2022-06-06 22:00:00', 0, '2022-06-07 06:00:00', 104),
(3250, 107, 1, 1, '2022-06-07 06:00:00', 0, '2022-06-07 10:00:00', 105),
(3251, 107, 2, 1, '2022-06-07 06:00:00', 0, '2022-06-07 10:00:00', 105),
(3252, 107, 3, 3, '2022-06-07 06:00:00', 0, '2022-06-07 10:00:00', 105),
(3253, 107, 4, 1, '2022-06-07 06:00:00', 0, '2022-06-07 10:00:00', 105),
(3254, 107, 5, 3, '2022-06-07 06:00:00', 0, '2022-06-07 10:00:00', 105),
(3255, 107, 6, 1, '2022-06-07 06:00:00', 0, '2022-06-07 10:00:00', 105),
(3256, 107, 7, 1, '2022-06-07 06:00:00', 0, '2022-06-07 10:00:00', 105),
(3257, 107, 1, 1, '2022-06-07 10:00:00', 0, '2022-06-07 14:00:00', 106),
(3258, 107, 2, 1, '2022-06-07 10:00:00', 0, '2022-06-07 14:00:00', 106),
(3259, 107, 3, 3, '2022-06-07 10:00:00', 0, '2022-06-07 14:00:00', 106),
(3260, 107, 4, 1, '2022-06-07 10:00:00', 0, '2022-06-07 14:00:00', 106),
(3261, 107, 5, 3, '2022-06-07 10:00:00', 0, '2022-06-07 14:00:00', 106),
(3262, 107, 6, 1, '2022-06-07 10:00:00', 0, '2022-06-07 14:00:00', 106),
(3263, 107, 7, 1, '2022-06-07 10:00:00', 0, '2022-06-07 14:00:00', 106),
(3264, 107, 1, 1, '2022-06-07 14:00:00', 0, '2022-06-07 18:00:00', 107),
(3265, 107, 2, 1, '2022-06-07 14:00:00', 0, '2022-06-07 18:00:00', 107),
(3266, 107, 3, 3, '2022-06-07 14:00:00', 0, '2022-06-07 18:00:00', 107),
(3267, 107, 4, 1, '2022-06-07 14:00:00', 0, '2022-06-07 18:00:00', 107),
(3268, 107, 5, 3, '2022-06-07 14:00:00', 0, '2022-06-07 18:00:00', 107),
(3269, 107, 6, 1, '2022-06-07 14:00:00', 0, '2022-06-07 18:00:00', 107),
(3270, 107, 7, 1, '2022-06-07 14:00:00', 0, '2022-06-07 18:00:00', 107),
(3271, 107, 1, 1, '2022-06-07 18:00:00', 0, '2022-06-07 22:00:00', 108),
(3272, 107, 2, 1, '2022-06-07 18:00:00', 0, '2022-06-07 22:00:00', 108),
(3273, 107, 3, 3, '2022-06-07 18:00:00', 0, '2022-06-07 22:00:00', 108),
(3274, 107, 4, 1, '2022-06-07 18:00:00', 0, '2022-06-07 22:00:00', 108),
(3275, 107, 5, 3, '2022-06-07 18:00:00', 0, '2022-06-07 22:00:00', 108),
(3276, 107, 6, 1, '2022-06-07 18:00:00', 0, '2022-06-07 22:00:00', 108),
(3277, 107, 7, 1, '2022-06-07 18:00:00', 0, '2022-06-07 22:00:00', 108),
(3278, 107, 1, 1, '2022-06-07 22:00:00', 0, '2022-06-08 06:00:00', 109),
(3279, 107, 2, 1, '2022-06-07 22:00:00', 0, '2022-06-08 06:00:00', 109),
(3280, 107, 3, 3, '2022-06-07 22:00:00', 0, '2022-06-08 06:00:00', 109),
(3281, 107, 4, 1, '2022-06-07 22:00:00', 0, '2022-06-08 06:00:00', 109),
(3282, 107, 5, 3, '2022-06-07 22:00:00', 0, '2022-06-08 06:00:00', 109),
(3283, 107, 6, 1, '2022-06-07 22:00:00', 0, '2022-06-08 06:00:00', 109),
(3284, 107, 7, 1, '2022-06-07 22:00:00', 0, '2022-06-08 06:00:00', 109),
(3285, 107, 1, 1, '2022-06-08 06:00:00', 0, '2022-06-08 10:00:00', 1010),
(3286, 107, 2, 1, '2022-06-08 06:00:00', 0, '2022-06-08 10:00:00', 1010),
(3287, 107, 3, 3, '2022-06-08 06:00:00', 0, '2022-06-08 10:00:00', 1010),
(3288, 107, 4, 1, '2022-06-08 06:00:00', 0, '2022-06-08 10:00:00', 1010),
(3289, 107, 5, 3, '2022-06-08 06:00:00', 0, '2022-06-08 10:00:00', 1010),
(3290, 107, 6, 1, '2022-06-08 06:00:00', 0, '2022-06-08 10:00:00', 1010),
(3291, 107, 7, 1, '2022-06-08 06:00:00', 0, '2022-06-08 10:00:00', 1010),
(3292, 107, 1, 1, '2022-06-08 10:00:00', 0, '2022-06-08 14:00:00', 1011),
(3293, 107, 2, 1, '2022-06-08 10:00:00', 0, '2022-06-08 14:00:00', 1011),
(3294, 107, 3, 3, '2022-06-08 10:00:00', 0, '2022-06-08 14:00:00', 1011),
(3295, 107, 4, 1, '2022-06-08 10:00:00', 0, '2022-06-08 14:00:00', 1011),
(3296, 107, 5, 3, '2022-06-08 10:00:00', 0, '2022-06-08 14:00:00', 1011),
(3297, 107, 6, 1, '2022-06-08 10:00:00', 0, '2022-06-08 14:00:00', 1011),
(3298, 107, 7, 1, '2022-06-08 10:00:00', 0, '2022-06-08 14:00:00', 1011),
(3299, 107, 1, 1, '2022-06-08 14:00:00', 0, '2022-06-08 18:00:00', 1012),
(3300, 107, 2, 1, '2022-06-08 14:00:00', 0, '2022-06-08 18:00:00', 1012),
(3301, 107, 3, 3, '2022-06-08 14:00:00', 0, '2022-06-08 18:00:00', 1012),
(3302, 107, 4, 1, '2022-06-08 14:00:00', 0, '2022-06-08 18:00:00', 1012),
(3303, 107, 5, 3, '2022-06-08 14:00:00', 0, '2022-06-08 18:00:00', 1012),
(3304, 107, 6, 1, '2022-06-08 14:00:00', 0, '2022-06-08 18:00:00', 1012),
(3305, 107, 7, 1, '2022-06-08 14:00:00', 0, '2022-06-08 18:00:00', 1012),
(3306, 107, 1, 1, '2022-06-08 18:00:00', 0, '2022-06-08 22:00:00', 1013),
(3307, 107, 2, 1, '2022-06-08 18:00:00', 0, '2022-06-08 22:00:00', 1013),
(3308, 107, 3, 3, '2022-06-08 18:00:00', 0, '2022-06-08 22:00:00', 1013),
(3309, 107, 4, 1, '2022-06-08 18:00:00', 0, '2022-06-08 22:00:00', 1013),
(3310, 107, 5, 3, '2022-06-08 18:00:00', 0, '2022-06-08 22:00:00', 1013),
(3311, 107, 6, 1, '2022-06-08 18:00:00', 0, '2022-06-08 22:00:00', 1013),
(3312, 107, 7, 1, '2022-06-08 18:00:00', 0, '2022-06-08 22:00:00', 1013),
(3313, 107, 1, 1, '2022-06-08 22:00:00', 0, '2022-06-09 06:00:00', 1014),
(3314, 107, 2, 1, '2022-06-08 22:00:00', 0, '2022-06-09 06:00:00', 1014),
(3315, 107, 3, 3, '2022-06-08 22:00:00', 0, '2022-06-09 06:00:00', 1014),
(3316, 107, 4, 1, '2022-06-08 22:00:00', 0, '2022-06-09 06:00:00', 1014),
(3317, 107, 5, 3, '2022-06-08 22:00:00', 0, '2022-06-09 06:00:00', 1014),
(3318, 107, 6, 1, '2022-06-08 22:00:00', 0, '2022-06-09 06:00:00', 1014),
(3319, 107, 7, 1, '2022-06-08 22:00:00', 0, '2022-06-09 06:00:00', 1014),
(3320, 107, 1, 1, '2022-06-09 06:00:00', 0, '2022-06-09 10:00:00', 1015),
(3321, 107, 2, 1, '2022-06-09 06:00:00', 0, '2022-06-09 10:00:00', 1015),
(3322, 107, 3, 3, '2022-06-09 06:00:00', 0, '2022-06-09 10:00:00', 1015),
(3323, 107, 4, 1, '2022-06-09 06:00:00', 0, '2022-06-09 10:00:00', 1015),
(3324, 107, 5, 3, '2022-06-09 06:00:00', 0, '2022-06-09 10:00:00', 1015),
(3325, 107, 6, 1, '2022-06-09 06:00:00', 0, '2022-06-09 10:00:00', 1015),
(3326, 107, 7, 1, '2022-06-09 06:00:00', 0, '2022-06-09 10:00:00', 1015),
(3327, 107, 1, 1, '2022-06-09 10:00:00', 0, '2022-06-09 14:00:00', 1016),
(3328, 107, 2, 1, '2022-06-09 10:00:00', 0, '2022-06-09 14:00:00', 1016),
(3329, 107, 3, 3, '2022-06-09 10:00:00', 0, '2022-06-09 14:00:00', 1016),
(3330, 107, 4, 1, '2022-06-09 10:00:00', 0, '2022-06-09 14:00:00', 1016),
(3331, 107, 5, 3, '2022-06-09 10:00:00', 0, '2022-06-09 14:00:00', 1016),
(3332, 107, 6, 1, '2022-06-09 10:00:00', 0, '2022-06-09 14:00:00', 1016),
(3333, 107, 7, 1, '2022-06-09 10:00:00', 0, '2022-06-09 14:00:00', 1016),
(3334, 107, 1, 1, '2022-06-09 14:00:00', 0, '2022-06-09 18:00:00', 1017),
(3335, 107, 2, 1, '2022-06-09 14:00:00', 0, '2022-06-09 18:00:00', 1017),
(3336, 107, 3, 3, '2022-06-09 14:00:00', 0, '2022-06-09 18:00:00', 1017),
(3337, 107, 4, 1, '2022-06-09 14:00:00', 0, '2022-06-09 18:00:00', 1017),
(3338, 107, 5, 3, '2022-06-09 14:00:00', 0, '2022-06-09 18:00:00', 1017),
(3339, 107, 6, 1, '2022-06-09 14:00:00', 0, '2022-06-09 18:00:00', 1017),
(3340, 107, 7, 1, '2022-06-09 14:00:00', 0, '2022-06-09 18:00:00', 1017),
(3341, 107, 1, 1, '2022-06-09 18:00:00', 0, '2022-06-09 22:00:00', 1018),
(3342, 107, 2, 1, '2022-06-09 18:00:00', 0, '2022-06-09 22:00:00', 1018),
(3343, 107, 3, 3, '2022-06-09 18:00:00', 0, '2022-06-09 22:00:00', 1018),
(3344, 107, 4, 1, '2022-06-09 18:00:00', 0, '2022-06-09 22:00:00', 1018),
(3345, 107, 5, 3, '2022-06-09 18:00:00', 0, '2022-06-09 22:00:00', 1018),
(3346, 107, 6, 1, '2022-06-09 18:00:00', 0, '2022-06-09 22:00:00', 1018),
(3347, 107, 7, 1, '2022-06-09 18:00:00', 0, '2022-06-09 22:00:00', 1018),
(3348, 107, 1, 1, '2022-06-09 22:00:00', 0, '2022-06-10 06:00:00', 1019),
(3349, 107, 2, 1, '2022-06-09 22:00:00', 0, '2022-06-10 06:00:00', 1019),
(3350, 107, 3, 3, '2022-06-09 22:00:00', 0, '2022-06-10 06:00:00', 1019),
(3351, 107, 4, 1, '2022-06-09 22:00:00', 0, '2022-06-10 06:00:00', 1019),
(3352, 107, 5, 3, '2022-06-09 22:00:00', 0, '2022-06-10 06:00:00', 1019),
(3353, 107, 6, 1, '2022-06-09 22:00:00', 0, '2022-06-10 06:00:00', 1019),
(3354, 107, 7, 1, '2022-06-09 22:00:00', 0, '2022-06-10 06:00:00', 1019),
(3355, 107, 1, 1, '2022-06-10 06:00:00', 0, '2022-06-10 10:00:00', 1020),
(3356, 107, 2, 1, '2022-06-10 06:00:00', 0, '2022-06-10 10:00:00', 1020),
(3357, 107, 3, 3, '2022-06-10 06:00:00', 0, '2022-06-10 10:00:00', 1020),
(3358, 107, 4, 1, '2022-06-10 06:00:00', 0, '2022-06-10 10:00:00', 1020),
(3359, 107, 5, 3, '2022-06-10 06:00:00', 0, '2022-06-10 10:00:00', 1020),
(3360, 107, 6, 1, '2022-06-10 06:00:00', 0, '2022-06-10 10:00:00', 1020),
(3361, 107, 7, 1, '2022-06-10 06:00:00', 0, '2022-06-10 10:00:00', 1020),
(3362, 107, 1, 1, '2022-06-10 10:00:00', 0, '2022-06-10 14:00:00', 1021),
(3363, 107, 2, 1, '2022-06-10 10:00:00', 0, '2022-06-10 14:00:00', 1021),
(3364, 107, 3, 3, '2022-06-10 10:00:00', 0, '2022-06-10 14:00:00', 1021),
(3365, 107, 4, 1, '2022-06-10 10:00:00', 0, '2022-06-10 14:00:00', 1021),
(3366, 107, 5, 3, '2022-06-10 10:00:00', 0, '2022-06-10 14:00:00', 1021),
(3367, 107, 6, 1, '2022-06-10 10:00:00', 0, '2022-06-10 14:00:00', 1021),
(3368, 107, 7, 1, '2022-06-10 10:00:00', 0, '2022-06-10 14:00:00', 1021),
(3369, 107, 1, 1, '2022-06-10 14:00:00', 0, '2022-06-10 18:00:00', 1022),
(3370, 107, 2, 1, '2022-06-10 14:00:00', 0, '2022-06-10 18:00:00', 1022),
(3371, 107, 3, 3, '2022-06-10 14:00:00', 0, '2022-06-10 18:00:00', 1022),
(3372, 107, 4, 1, '2022-06-10 14:00:00', 0, '2022-06-10 18:00:00', 1022),
(3373, 107, 5, 3, '2022-06-10 14:00:00', 0, '2022-06-10 18:00:00', 1022),
(3374, 107, 6, 1, '2022-06-10 14:00:00', 0, '2022-06-10 18:00:00', 1022),
(3375, 107, 7, 1, '2022-06-10 14:00:00', 0, '2022-06-10 18:00:00', 1022),
(3376, 107, 1, 1, '2022-06-10 18:00:00', 0, '2022-06-10 22:00:00', 1023),
(3377, 107, 2, 1, '2022-06-10 18:00:00', 0, '2022-06-10 22:00:00', 1023),
(3378, 107, 3, 3, '2022-06-10 18:00:00', 0, '2022-06-10 22:00:00', 1023),
(3379, 107, 4, 1, '2022-06-10 18:00:00', 0, '2022-06-10 22:00:00', 1023),
(3380, 107, 5, 3, '2022-06-10 18:00:00', 0, '2022-06-10 22:00:00', 1023),
(3381, 107, 6, 1, '2022-06-10 18:00:00', 0, '2022-06-10 22:00:00', 1023),
(3382, 107, 7, 1, '2022-06-10 18:00:00', 0, '2022-06-10 22:00:00', 1023),
(3383, 107, 1, 1, '2022-06-10 22:00:00', 0, '2022-06-11 06:00:00', 1024),
(3384, 107, 2, 1, '2022-06-10 22:00:00', 0, '2022-06-11 06:00:00', 1024),
(3385, 107, 3, 3, '2022-06-10 22:00:00', 0, '2022-06-11 06:00:00', 1024),
(3386, 107, 4, 1, '2022-06-10 22:00:00', 0, '2022-06-11 06:00:00', 1024),
(3387, 107, 5, 3, '2022-06-10 22:00:00', 0, '2022-06-11 06:00:00', 1024),
(3388, 107, 6, 1, '2022-06-10 22:00:00', 0, '2022-06-11 06:00:00', 1024),
(3389, 107, 7, 1, '2022-06-10 22:00:00', 0, '2022-06-11 06:00:00', 1024),
(3390, 107, 1, 1, '2022-06-11 06:00:00', 0, '2022-06-11 10:00:00', 1025),
(3391, 107, 2, 1, '2022-06-11 06:00:00', 0, '2022-06-11 10:00:00', 1025),
(3392, 107, 3, 3, '2022-06-11 06:00:00', 0, '2022-06-11 10:00:00', 1025),
(3393, 107, 4, 1, '2022-06-11 06:00:00', 0, '2022-06-11 10:00:00', 1025),
(3394, 107, 5, 3, '2022-06-11 06:00:00', 0, '2022-06-11 10:00:00', 1025),
(3395, 107, 6, 1, '2022-06-11 06:00:00', 0, '2022-06-11 10:00:00', 1025),
(3396, 107, 7, 1, '2022-06-11 06:00:00', 0, '2022-06-11 10:00:00', 1025),
(3397, 107, 1, 1, '2022-06-11 10:00:00', 0, '2022-06-11 14:00:00', 1026),
(3398, 107, 2, 1, '2022-06-11 10:00:00', 0, '2022-06-11 14:00:00', 1026),
(3399, 107, 3, 3, '2022-06-11 10:00:00', 0, '2022-06-11 14:00:00', 1026),
(3400, 107, 4, 1, '2022-06-11 10:00:00', 0, '2022-06-11 14:00:00', 1026),
(3401, 107, 5, 3, '2022-06-11 10:00:00', 0, '2022-06-11 14:00:00', 1026),
(3402, 107, 6, 1, '2022-06-11 10:00:00', 0, '2022-06-11 14:00:00', 1026),
(3403, 107, 7, 1, '2022-06-11 10:00:00', 0, '2022-06-11 14:00:00', 1026),
(3404, 107, 1, 1, '2022-06-11 14:00:00', 0, '2022-06-11 18:00:00', 1027),
(3405, 107, 2, 1, '2022-06-11 14:00:00', 0, '2022-06-11 18:00:00', 1027),
(3406, 107, 3, 3, '2022-06-11 14:00:00', 0, '2022-06-11 18:00:00', 1027),
(3407, 107, 4, 1, '2022-06-11 14:00:00', 0, '2022-06-11 18:00:00', 1027),
(3408, 107, 5, 3, '2022-06-11 14:00:00', 0, '2022-06-11 18:00:00', 1027),
(3409, 107, 6, 1, '2022-06-11 14:00:00', 0, '2022-06-11 18:00:00', 1027),
(3410, 107, 7, 1, '2022-06-11 14:00:00', 0, '2022-06-11 18:00:00', 1027),
(3411, 107, 1, 1, '2022-06-11 18:00:00', 0, '2022-06-11 22:00:00', 1028),
(3412, 107, 2, 1, '2022-06-11 18:00:00', 0, '2022-06-11 22:00:00', 1028),
(3413, 107, 3, 3, '2022-06-11 18:00:00', 0, '2022-06-11 22:00:00', 1028),
(3414, 107, 4, 1, '2022-06-11 18:00:00', 0, '2022-06-11 22:00:00', 1028),
(3415, 107, 5, 3, '2022-06-11 18:00:00', 0, '2022-06-11 22:00:00', 1028),
(3416, 107, 6, 1, '2022-06-11 18:00:00', 0, '2022-06-11 22:00:00', 1028),
(3417, 107, 7, 1, '2022-06-11 18:00:00', 0, '2022-06-11 22:00:00', 1028),
(3418, 107, 1, 1, '2022-06-11 22:00:00', 0, '2022-06-12 06:00:00', 1029),
(3419, 107, 2, 1, '2022-06-11 22:00:00', 0, '2022-06-12 06:00:00', 1029),
(3420, 107, 3, 3, '2022-06-11 22:00:00', 0, '2022-06-12 06:00:00', 1029),
(3421, 107, 4, 1, '2022-06-11 22:00:00', 0, '2022-06-12 06:00:00', 1029),
(3422, 107, 5, 3, '2022-06-11 22:00:00', 0, '2022-06-12 06:00:00', 1029),
(3423, 107, 6, 1, '2022-06-11 22:00:00', 0, '2022-06-12 06:00:00', 1029),
(3424, 107, 7, 1, '2022-06-11 22:00:00', 0, '2022-06-12 06:00:00', 1029),
(3425, 107, 1, 1, '2022-06-12 06:00:00', 0, '2022-06-12 10:00:00', 1030),
(3426, 107, 2, 1, '2022-06-12 06:00:00', 0, '2022-06-12 10:00:00', 1030),
(3427, 107, 3, 3, '2022-06-12 06:00:00', 0, '2022-06-12 10:00:00', 1030),
(3428, 107, 4, 1, '2022-06-12 06:00:00', 0, '2022-06-12 10:00:00', 1030),
(3429, 107, 5, 3, '2022-06-12 06:00:00', 0, '2022-06-12 10:00:00', 1030),
(3430, 107, 6, 1, '2022-06-12 06:00:00', 0, '2022-06-12 10:00:00', 1030),
(3431, 107, 7, 1, '2022-06-12 06:00:00', 0, '2022-06-12 10:00:00', 1030),
(3432, 107, 1, 1, '2022-06-12 10:00:00', 0, '2022-06-12 14:00:00', 1031),
(3433, 107, 2, 1, '2022-06-12 10:00:00', 0, '2022-06-12 14:00:00', 1031),
(3434, 107, 3, 3, '2022-06-12 10:00:00', 0, '2022-06-12 14:00:00', 1031),
(3435, 107, 4, 1, '2022-06-12 10:00:00', 0, '2022-06-12 14:00:00', 1031),
(3436, 107, 5, 3, '2022-06-12 10:00:00', 0, '2022-06-12 14:00:00', 1031),
(3437, 107, 6, 1, '2022-06-12 10:00:00', 0, '2022-06-12 14:00:00', 1031),
(3438, 107, 7, 1, '2022-06-12 10:00:00', 0, '2022-06-12 14:00:00', 1031),
(3439, 107, 1, 1, '2022-06-12 14:00:00', 0, '2022-06-12 18:00:00', 1032),
(3440, 107, 2, 1, '2022-06-12 14:00:00', 0, '2022-06-12 18:00:00', 1032),
(3441, 107, 3, 3, '2022-06-12 14:00:00', 0, '2022-06-12 18:00:00', 1032),
(3442, 107, 4, 1, '2022-06-12 14:00:00', 0, '2022-06-12 18:00:00', 1032),
(3443, 107, 5, 3, '2022-06-12 14:00:00', 0, '2022-06-12 18:00:00', 1032),
(3444, 107, 6, 1, '2022-06-12 14:00:00', 0, '2022-06-12 18:00:00', 1032),
(3445, 107, 7, 1, '2022-06-12 14:00:00', 0, '2022-06-12 18:00:00', 1032),
(3446, 107, 1, 1, '2022-06-12 18:00:00', 0, '2022-06-12 22:00:00', 1033),
(3447, 107, 2, 1, '2022-06-12 18:00:00', 0, '2022-06-12 22:00:00', 1033),
(3448, 107, 3, 3, '2022-06-12 18:00:00', 0, '2022-06-12 22:00:00', 1033),
(3449, 107, 4, 1, '2022-06-12 18:00:00', 0, '2022-06-12 22:00:00', 1033),
(3450, 107, 5, 3, '2022-06-12 18:00:00', 0, '2022-06-12 22:00:00', 1033),
(3451, 107, 6, 1, '2022-06-12 18:00:00', 0, '2022-06-12 22:00:00', 1033),
(3452, 107, 7, 1, '2022-06-12 18:00:00', 0, '2022-06-12 22:00:00', 1033),
(3453, 107, 1, 1, '2022-06-12 22:00:00', 0, '2022-06-13 06:00:00', 1034),
(3454, 107, 2, 1, '2022-06-12 22:00:00', 0, '2022-06-13 06:00:00', 1034),
(3455, 107, 3, 3, '2022-06-12 22:00:00', 0, '2022-06-13 06:00:00', 1034),
(3456, 107, 4, 1, '2022-06-12 22:00:00', 0, '2022-06-13 06:00:00', 1034),
(3457, 107, 5, 3, '2022-06-12 22:00:00', 0, '2022-06-13 06:00:00', 1034),
(3458, 107, 6, 1, '2022-06-12 22:00:00', 0, '2022-06-13 06:00:00', 1034),
(3459, 107, 7, 1, '2022-06-12 22:00:00', 0, '2022-06-13 06:00:00', 1034),
(3460, 108, 1, 2, '2022-06-13 06:00:00', 0, '2022-06-13 10:00:00', 100),
(3461, 108, 2, 1, '2022-06-13 06:00:00', 0, '2022-06-13 10:00:00', 100),
(3462, 108, 3, 2, '2022-06-13 06:00:00', 0, '2022-06-13 10:00:00', 100),
(3463, 108, 4, 1, '2022-06-13 06:00:00', 0, '2022-06-13 10:00:00', 100),
(3464, 108, 5, 3, '2022-06-13 06:00:00', 0, '2022-06-13 10:00:00', 100),
(3465, 108, 6, 1, '2022-06-13 06:00:00', 0, '2022-06-13 10:00:00', 100),
(3466, 108, 7, 2, '2022-06-13 06:00:00', 0, '2022-06-13 10:00:00', 100),
(3467, 108, 1, 2, '2022-06-13 10:00:00', 0, '2022-06-13 14:00:00', 101),
(3468, 108, 2, 1, '2022-06-13 10:00:00', 0, '2022-06-13 14:00:00', 101),
(3469, 108, 3, 2, '2022-06-13 10:00:00', 0, '2022-06-13 14:00:00', 101),
(3470, 108, 4, 1, '2022-06-13 10:00:00', 0, '2022-06-13 14:00:00', 101),
(3471, 108, 5, 3, '2022-06-13 10:00:00', 0, '2022-06-13 14:00:00', 101),
(3472, 108, 6, 1, '2022-06-13 10:00:00', 0, '2022-06-13 14:00:00', 101),
(3473, 108, 7, 2, '2022-06-13 10:00:00', 0, '2022-06-13 14:00:00', 101),
(3474, 108, 1, 2, '2022-06-13 14:00:00', 0, '2022-06-13 18:00:00', 102),
(3475, 108, 2, 1, '2022-06-13 14:00:00', 0, '2022-06-13 18:00:00', 102),
(3476, 108, 3, 2, '2022-06-13 14:00:00', 0, '2022-06-13 18:00:00', 102),
(3477, 108, 4, 1, '2022-06-13 14:00:00', 0, '2022-06-13 18:00:00', 102),
(3478, 108, 5, 3, '2022-06-13 14:00:00', 0, '2022-06-13 18:00:00', 102),
(3479, 108, 6, 1, '2022-06-13 14:00:00', 0, '2022-06-13 18:00:00', 102),
(3480, 108, 7, 2, '2022-06-13 14:00:00', 0, '2022-06-13 18:00:00', 102),
(3481, 108, 1, 2, '2022-06-13 18:00:00', 0, '2022-06-13 22:00:00', 103),
(3482, 108, 2, 1, '2022-06-13 18:00:00', 0, '2022-06-13 22:00:00', 103),
(3483, 108, 3, 2, '2022-06-13 18:00:00', 0, '2022-06-13 22:00:00', 103),
(3484, 108, 4, 1, '2022-06-13 18:00:00', 0, '2022-06-13 22:00:00', 103),
(3485, 108, 5, 3, '2022-06-13 18:00:00', 0, '2022-06-13 22:00:00', 103),
(3486, 108, 6, 1, '2022-06-13 18:00:00', 0, '2022-06-13 22:00:00', 103),
(3487, 108, 7, 2, '2022-06-13 18:00:00', 0, '2022-06-13 22:00:00', 103),
(3488, 108, 1, 2, '2022-06-13 22:00:00', 0, '2022-06-14 06:00:00', 104),
(3489, 108, 2, 1, '2022-06-13 22:00:00', 0, '2022-06-14 06:00:00', 104),
(3490, 108, 3, 2, '2022-06-13 22:00:00', 0, '2022-06-14 06:00:00', 104),
(3491, 108, 4, 1, '2022-06-13 22:00:00', 0, '2022-06-14 06:00:00', 104),
(3492, 108, 5, 3, '2022-06-13 22:00:00', 0, '2022-06-14 06:00:00', 104),
(3493, 108, 6, 1, '2022-06-13 22:00:00', 0, '2022-06-14 06:00:00', 104),
(3494, 108, 7, 2, '2022-06-13 22:00:00', 0, '2022-06-14 06:00:00', 104),
(3495, 108, 1, 2, '2022-06-14 06:00:00', 0, '2022-06-14 10:00:00', 105),
(3496, 108, 2, 1, '2022-06-14 06:00:00', 0, '2022-06-14 10:00:00', 105),
(3497, 108, 3, 2, '2022-06-14 06:00:00', 0, '2022-06-14 10:00:00', 105),
(3498, 108, 4, 1, '2022-06-14 06:00:00', 0, '2022-06-14 10:00:00', 105),
(3499, 108, 5, 3, '2022-06-14 06:00:00', 0, '2022-06-14 10:00:00', 105),
(3500, 108, 6, 1, '2022-06-14 06:00:00', 0, '2022-06-14 10:00:00', 105),
(3501, 108, 7, 2, '2022-06-14 06:00:00', 0, '2022-06-14 10:00:00', 105),
(3502, 108, 1, 2, '2022-06-14 10:00:00', 0, '2022-06-14 14:00:00', 106),
(3503, 108, 2, 1, '2022-06-14 10:00:00', 0, '2022-06-14 14:00:00', 106),
(3504, 108, 3, 2, '2022-06-14 10:00:00', 0, '2022-06-14 14:00:00', 106),
(3505, 108, 4, 1, '2022-06-14 10:00:00', 0, '2022-06-14 14:00:00', 106),
(3506, 108, 5, 3, '2022-06-14 10:00:00', 0, '2022-06-14 14:00:00', 106),
(3507, 108, 6, 1, '2022-06-14 10:00:00', 0, '2022-06-14 14:00:00', 106),
(3508, 108, 7, 2, '2022-06-14 10:00:00', 0, '2022-06-14 14:00:00', 106),
(3509, 108, 1, 2, '2022-06-14 14:00:00', 0, '2022-06-14 18:00:00', 107),
(3510, 108, 2, 1, '2022-06-14 14:00:00', 0, '2022-06-14 18:00:00', 107),
(3511, 108, 3, 2, '2022-06-14 14:00:00', 0, '2022-06-14 18:00:00', 107),
(3512, 108, 4, 1, '2022-06-14 14:00:00', 0, '2022-06-14 18:00:00', 107),
(3513, 108, 5, 3, '2022-06-14 14:00:00', 0, '2022-06-14 18:00:00', 107),
(3514, 108, 6, 1, '2022-06-14 14:00:00', 0, '2022-06-14 18:00:00', 107),
(3515, 108, 7, 2, '2022-06-14 14:00:00', 0, '2022-06-14 18:00:00', 107),
(3516, 108, 1, 2, '2022-06-14 18:00:00', 0, '2022-06-14 22:00:00', 108),
(3517, 108, 2, 1, '2022-06-14 18:00:00', 0, '2022-06-14 22:00:00', 108),
(3518, 108, 3, 2, '2022-06-14 18:00:00', 0, '2022-06-14 22:00:00', 108),
(3519, 108, 4, 1, '2022-06-14 18:00:00', 0, '2022-06-14 22:00:00', 108),
(3520, 108, 5, 3, '2022-06-14 18:00:00', 0, '2022-06-14 22:00:00', 108),
(3521, 108, 6, 1, '2022-06-14 18:00:00', 0, '2022-06-14 22:00:00', 108),
(3522, 108, 7, 2, '2022-06-14 18:00:00', 0, '2022-06-14 22:00:00', 108),
(3523, 108, 1, 2, '2022-06-14 22:00:00', 0, '2022-06-15 06:00:00', 109),
(3524, 108, 2, 1, '2022-06-14 22:00:00', 0, '2022-06-15 06:00:00', 109),
(3525, 108, 3, 2, '2022-06-14 22:00:00', 0, '2022-06-15 06:00:00', 109),
(3526, 108, 4, 1, '2022-06-14 22:00:00', 0, '2022-06-15 06:00:00', 109),
(3527, 108, 5, 3, '2022-06-14 22:00:00', 0, '2022-06-15 06:00:00', 109),
(3528, 108, 6, 1, '2022-06-14 22:00:00', 0, '2022-06-15 06:00:00', 109),
(3529, 108, 7, 2, '2022-06-14 22:00:00', 0, '2022-06-15 06:00:00', 109),
(3530, 108, 1, 2, '2022-06-15 06:00:00', 0, '2022-06-15 10:00:00', 1010),
(3531, 108, 2, 1, '2022-06-15 06:00:00', 0, '2022-06-15 10:00:00', 1010),
(3532, 108, 3, 2, '2022-06-15 06:00:00', 0, '2022-06-15 10:00:00', 1010),
(3533, 108, 4, 1, '2022-06-15 06:00:00', 0, '2022-06-15 10:00:00', 1010),
(3534, 108, 5, 3, '2022-06-15 06:00:00', 0, '2022-06-15 10:00:00', 1010),
(3535, 108, 6, 1, '2022-06-15 06:00:00', 0, '2022-06-15 10:00:00', 1010),
(3536, 108, 7, 2, '2022-06-15 06:00:00', 0, '2022-06-15 10:00:00', 1010),
(3537, 108, 1, 2, '2022-06-15 10:00:00', 0, '2022-06-15 14:00:00', 1011),
(3538, 108, 2, 1, '2022-06-15 10:00:00', 0, '2022-06-15 14:00:00', 1011),
(3539, 108, 3, 2, '2022-06-15 10:00:00', 0, '2022-06-15 14:00:00', 1011),
(3540, 108, 4, 1, '2022-06-15 10:00:00', 0, '2022-06-15 14:00:00', 1011),
(3541, 108, 5, 3, '2022-06-15 10:00:00', 0, '2022-06-15 14:00:00', 1011),
(3542, 108, 6, 1, '2022-06-15 10:00:00', 0, '2022-06-15 14:00:00', 1011),
(3543, 108, 7, 2, '2022-06-15 10:00:00', 0, '2022-06-15 14:00:00', 1011),
(3544, 108, 1, 2, '2022-06-15 14:00:00', 0, '2022-06-15 18:00:00', 1012),
(3545, 108, 2, 1, '2022-06-15 14:00:00', 0, '2022-06-15 18:00:00', 1012),
(3546, 108, 3, 2, '2022-06-15 14:00:00', 0, '2022-06-15 18:00:00', 1012),
(3547, 108, 4, 1, '2022-06-15 14:00:00', 0, '2022-06-15 18:00:00', 1012),
(3548, 108, 5, 3, '2022-06-15 14:00:00', 0, '2022-06-15 18:00:00', 1012),
(3549, 108, 6, 1, '2022-06-15 14:00:00', 0, '2022-06-15 18:00:00', 1012),
(3550, 108, 7, 2, '2022-06-15 14:00:00', 0, '2022-06-15 18:00:00', 1012),
(3551, 108, 1, 2, '2022-06-15 18:00:00', 0, '2022-06-15 22:00:00', 1013),
(3552, 108, 2, 1, '2022-06-15 18:00:00', 0, '2022-06-15 22:00:00', 1013),
(3553, 108, 3, 2, '2022-06-15 18:00:00', 0, '2022-06-15 22:00:00', 1013),
(3554, 108, 4, 1, '2022-06-15 18:00:00', 0, '2022-06-15 22:00:00', 1013),
(3555, 108, 5, 3, '2022-06-15 18:00:00', 0, '2022-06-15 22:00:00', 1013),
(3556, 108, 6, 1, '2022-06-15 18:00:00', 0, '2022-06-15 22:00:00', 1013),
(3557, 108, 7, 2, '2022-06-15 18:00:00', 0, '2022-06-15 22:00:00', 1013),
(3558, 108, 1, 2, '2022-06-15 22:00:00', 0, '2022-06-16 06:00:00', 1014),
(3559, 108, 2, 1, '2022-06-15 22:00:00', 0, '2022-06-16 06:00:00', 1014),
(3560, 108, 3, 2, '2022-06-15 22:00:00', 0, '2022-06-16 06:00:00', 1014),
(3561, 108, 4, 1, '2022-06-15 22:00:00', 0, '2022-06-16 06:00:00', 1014),
(3562, 108, 5, 3, '2022-06-15 22:00:00', 0, '2022-06-16 06:00:00', 1014),
(3563, 108, 6, 1, '2022-06-15 22:00:00', 0, '2022-06-16 06:00:00', 1014),
(3564, 108, 7, 2, '2022-06-15 22:00:00', 0, '2022-06-16 06:00:00', 1014),
(3565, 108, 1, 2, '2022-06-16 06:00:00', 0, '2022-06-16 10:00:00', 1015),
(3566, 108, 2, 1, '2022-06-16 06:00:00', 0, '2022-06-16 10:00:00', 1015),
(3567, 108, 3, 2, '2022-06-16 06:00:00', 0, '2022-06-16 10:00:00', 1015),
(3568, 108, 4, 1, '2022-06-16 06:00:00', 0, '2022-06-16 10:00:00', 1015),
(3569, 108, 5, 3, '2022-06-16 06:00:00', 0, '2022-06-16 10:00:00', 1015),
(3570, 108, 6, 1, '2022-06-16 06:00:00', 0, '2022-06-16 10:00:00', 1015),
(3571, 108, 7, 2, '2022-06-16 06:00:00', 0, '2022-06-16 10:00:00', 1015),
(3572, 108, 1, 2, '2022-06-16 10:00:00', 0, '2022-06-16 14:00:00', 1016),
(3573, 108, 2, 1, '2022-06-16 10:00:00', 0, '2022-06-16 14:00:00', 1016),
(3574, 108, 3, 2, '2022-06-16 10:00:00', 0, '2022-06-16 14:00:00', 1016),
(3575, 108, 4, 1, '2022-06-16 10:00:00', 0, '2022-06-16 14:00:00', 1016),
(3576, 108, 5, 3, '2022-06-16 10:00:00', 0, '2022-06-16 14:00:00', 1016),
(3577, 108, 6, 1, '2022-06-16 10:00:00', 0, '2022-06-16 14:00:00', 1016),
(3578, 108, 7, 2, '2022-06-16 10:00:00', 0, '2022-06-16 14:00:00', 1016),
(3579, 108, 1, 2, '2022-06-16 14:00:00', 0, '2022-06-16 18:00:00', 1017),
(3580, 108, 2, 1, '2022-06-16 14:00:00', 0, '2022-06-16 18:00:00', 1017),
(3581, 108, 3, 2, '2022-06-16 14:00:00', 0, '2022-06-16 18:00:00', 1017),
(3582, 108, 4, 1, '2022-06-16 14:00:00', 0, '2022-06-16 18:00:00', 1017),
(3583, 108, 5, 3, '2022-06-16 14:00:00', 0, '2022-06-16 18:00:00', 1017),
(3584, 108, 6, 1, '2022-06-16 14:00:00', 0, '2022-06-16 18:00:00', 1017),
(3585, 108, 7, 2, '2022-06-16 14:00:00', 0, '2022-06-16 18:00:00', 1017),
(3586, 108, 1, 2, '2022-06-16 18:00:00', 0, '2022-06-16 22:00:00', 1018),
(3587, 108, 2, 1, '2022-06-16 18:00:00', 0, '2022-06-16 22:00:00', 1018),
(3588, 108, 3, 2, '2022-06-16 18:00:00', 0, '2022-06-16 22:00:00', 1018),
(3589, 108, 4, 1, '2022-06-16 18:00:00', 0, '2022-06-16 22:00:00', 1018),
(3590, 108, 5, 3, '2022-06-16 18:00:00', 0, '2022-06-16 22:00:00', 1018),
(3591, 108, 6, 1, '2022-06-16 18:00:00', 0, '2022-06-16 22:00:00', 1018),
(3592, 108, 7, 2, '2022-06-16 18:00:00', 0, '2022-06-16 22:00:00', 1018),
(3593, 108, 1, 2, '2022-06-16 22:00:00', 0, '2022-06-17 06:00:00', 1019),
(3594, 108, 2, 1, '2022-06-16 22:00:00', 0, '2022-06-17 06:00:00', 1019),
(3595, 108, 3, 2, '2022-06-16 22:00:00', 0, '2022-06-17 06:00:00', 1019),
(3596, 108, 4, 1, '2022-06-16 22:00:00', 0, '2022-06-17 06:00:00', 1019),
(3597, 108, 5, 3, '2022-06-16 22:00:00', 0, '2022-06-17 06:00:00', 1019),
(3598, 108, 6, 1, '2022-06-16 22:00:00', 0, '2022-06-17 06:00:00', 1019),
(3599, 108, 7, 2, '2022-06-16 22:00:00', 0, '2022-06-17 06:00:00', 1019),
(3600, 108, 1, 2, '2022-06-17 06:00:00', 0, '2022-06-17 10:00:00', 1020),
(3601, 108, 2, 1, '2022-06-17 06:00:00', 0, '2022-06-17 10:00:00', 1020),
(3602, 108, 3, 2, '2022-06-17 06:00:00', 0, '2022-06-17 10:00:00', 1020),
(3603, 108, 4, 1, '2022-06-17 06:00:00', 0, '2022-06-17 10:00:00', 1020),
(3604, 108, 5, 3, '2022-06-17 06:00:00', 0, '2022-06-17 10:00:00', 1020),
(3605, 108, 6, 1, '2022-06-17 06:00:00', 0, '2022-06-17 10:00:00', 1020),
(3606, 108, 7, 2, '2022-06-17 06:00:00', 0, '2022-06-17 10:00:00', 1020),
(3607, 108, 1, 2, '2022-06-17 10:00:00', 0, '2022-06-17 14:00:00', 1021),
(3608, 108, 2, 1, '2022-06-17 10:00:00', 0, '2022-06-17 14:00:00', 1021),
(3609, 108, 3, 2, '2022-06-17 10:00:00', 0, '2022-06-17 14:00:00', 1021),
(3610, 108, 4, 1, '2022-06-17 10:00:00', 0, '2022-06-17 14:00:00', 1021),
(3611, 108, 5, 3, '2022-06-17 10:00:00', 0, '2022-06-17 14:00:00', 1021),
(3612, 108, 6, 1, '2022-06-17 10:00:00', 0, '2022-06-17 14:00:00', 1021),
(3613, 108, 7, 2, '2022-06-17 10:00:00', 0, '2022-06-17 14:00:00', 1021),
(3614, 108, 1, 2, '2022-06-17 14:00:00', 0, '2022-06-17 18:00:00', 1022),
(3615, 108, 2, 1, '2022-06-17 14:00:00', 0, '2022-06-17 18:00:00', 1022),
(3616, 108, 3, 2, '2022-06-17 14:00:00', 0, '2022-06-17 18:00:00', 1022),
(3617, 108, 4, 1, '2022-06-17 14:00:00', 0, '2022-06-17 18:00:00', 1022),
(3618, 108, 5, 3, '2022-06-17 14:00:00', 0, '2022-06-17 18:00:00', 1022),
(3619, 108, 6, 1, '2022-06-17 14:00:00', 0, '2022-06-17 18:00:00', 1022),
(3620, 108, 7, 2, '2022-06-17 14:00:00', 0, '2022-06-17 18:00:00', 1022),
(3621, 108, 1, 2, '2022-06-17 18:00:00', 0, '2022-06-17 22:00:00', 1023),
(3622, 108, 2, 1, '2022-06-17 18:00:00', 0, '2022-06-17 22:00:00', 1023),
(3623, 108, 3, 2, '2022-06-17 18:00:00', 0, '2022-06-17 22:00:00', 1023),
(3624, 108, 4, 1, '2022-06-17 18:00:00', 0, '2022-06-17 22:00:00', 1023),
(3625, 108, 5, 3, '2022-06-17 18:00:00', 0, '2022-06-17 22:00:00', 1023),
(3626, 108, 6, 1, '2022-06-17 18:00:00', 0, '2022-06-17 22:00:00', 1023),
(3627, 108, 7, 2, '2022-06-17 18:00:00', 0, '2022-06-17 22:00:00', 1023),
(3628, 108, 1, 2, '2022-06-17 22:00:00', 0, '2022-06-18 06:00:00', 1024),
(3629, 108, 2, 1, '2022-06-17 22:00:00', 0, '2022-06-18 06:00:00', 1024),
(3630, 108, 3, 2, '2022-06-17 22:00:00', 0, '2022-06-18 06:00:00', 1024),
(3631, 108, 4, 1, '2022-06-17 22:00:00', 0, '2022-06-18 06:00:00', 1024),
(3632, 108, 5, 3, '2022-06-17 22:00:00', 0, '2022-06-18 06:00:00', 1024),
(3633, 108, 6, 1, '2022-06-17 22:00:00', 0, '2022-06-18 06:00:00', 1024),
(3634, 108, 7, 2, '2022-06-17 22:00:00', 0, '2022-06-18 06:00:00', 1024),
(3635, 108, 1, 2, '2022-06-18 06:00:00', 0, '2022-06-18 10:00:00', 1025),
(3636, 108, 2, 1, '2022-06-18 06:00:00', 0, '2022-06-18 10:00:00', 1025),
(3637, 108, 3, 2, '2022-06-18 06:00:00', 0, '2022-06-18 10:00:00', 1025),
(3638, 108, 4, 1, '2022-06-18 06:00:00', 0, '2022-06-18 10:00:00', 1025),
(3639, 108, 5, 3, '2022-06-18 06:00:00', 0, '2022-06-18 10:00:00', 1025),
(3640, 108, 6, 1, '2022-06-18 06:00:00', 0, '2022-06-18 10:00:00', 1025),
(3641, 108, 7, 2, '2022-06-18 06:00:00', 0, '2022-06-18 10:00:00', 1025),
(3642, 108, 1, 2, '2022-06-18 10:00:00', 0, '2022-06-18 14:00:00', 1026),
(3643, 108, 2, 1, '2022-06-18 10:00:00', 0, '2022-06-18 14:00:00', 1026),
(3644, 108, 3, 2, '2022-06-18 10:00:00', 0, '2022-06-18 14:00:00', 1026),
(3645, 108, 4, 1, '2022-06-18 10:00:00', 0, '2022-06-18 14:00:00', 1026),
(3646, 108, 5, 3, '2022-06-18 10:00:00', 0, '2022-06-18 14:00:00', 1026),
(3647, 108, 6, 1, '2022-06-18 10:00:00', 0, '2022-06-18 14:00:00', 1026),
(3648, 108, 7, 2, '2022-06-18 10:00:00', 0, '2022-06-18 14:00:00', 1026),
(3649, 108, 1, 2, '2022-06-18 14:00:00', 0, '2022-06-18 18:00:00', 1027),
(3650, 108, 2, 1, '2022-06-18 14:00:00', 0, '2022-06-18 18:00:00', 1027),
(3651, 108, 3, 2, '2022-06-18 14:00:00', 0, '2022-06-18 18:00:00', 1027),
(3652, 108, 4, 1, '2022-06-18 14:00:00', 0, '2022-06-18 18:00:00', 1027),
(3653, 108, 5, 3, '2022-06-18 14:00:00', 0, '2022-06-18 18:00:00', 1027),
(3654, 108, 6, 1, '2022-06-18 14:00:00', 0, '2022-06-18 18:00:00', 1027),
(3655, 108, 7, 2, '2022-06-18 14:00:00', 0, '2022-06-18 18:00:00', 1027),
(3656, 108, 1, 2, '2022-06-18 18:00:00', 0, '2022-06-18 22:00:00', 1028),
(3657, 108, 2, 1, '2022-06-18 18:00:00', 0, '2022-06-18 22:00:00', 1028),
(3658, 108, 3, 2, '2022-06-18 18:00:00', 0, '2022-06-18 22:00:00', 1028),
(3659, 108, 4, 1, '2022-06-18 18:00:00', 0, '2022-06-18 22:00:00', 1028),
(3660, 108, 5, 3, '2022-06-18 18:00:00', 0, '2022-06-18 22:00:00', 1028),
(3661, 108, 6, 1, '2022-06-18 18:00:00', 0, '2022-06-18 22:00:00', 1028),
(3662, 108, 7, 2, '2022-06-18 18:00:00', 0, '2022-06-18 22:00:00', 1028),
(3663, 108, 1, 2, '2022-06-18 22:00:00', 0, '2022-06-19 06:00:00', 1029),
(3664, 108, 2, 1, '2022-06-18 22:00:00', 0, '2022-06-19 06:00:00', 1029);
INSERT INTO `shift` (`Id`, `Id_Timeline`, `Id_Position`, `Number`, `Time_start`, `Is_OT`, `Time_end`, `Shift_code`) VALUES
(3665, 108, 3, 2, '2022-06-18 22:00:00', 0, '2022-06-19 06:00:00', 1029),
(3666, 108, 4, 1, '2022-06-18 22:00:00', 0, '2022-06-19 06:00:00', 1029),
(3667, 108, 5, 3, '2022-06-18 22:00:00', 0, '2022-06-19 06:00:00', 1029),
(3668, 108, 6, 1, '2022-06-18 22:00:00', 0, '2022-06-19 06:00:00', 1029),
(3669, 108, 7, 2, '2022-06-18 22:00:00', 0, '2022-06-19 06:00:00', 1029),
(3670, 108, 1, 2, '2022-06-19 06:00:00', 0, '2022-06-19 10:00:00', 1030),
(3671, 108, 2, 1, '2022-06-19 06:00:00', 0, '2022-06-19 10:00:00', 1030),
(3672, 108, 3, 2, '2022-06-19 06:00:00', 0, '2022-06-19 10:00:00', 1030),
(3673, 108, 4, 1, '2022-06-19 06:00:00', 0, '2022-06-19 10:00:00', 1030),
(3674, 108, 5, 3, '2022-06-19 06:00:00', 0, '2022-06-19 10:00:00', 1030),
(3675, 108, 6, 1, '2022-06-19 06:00:00', 0, '2022-06-19 10:00:00', 1030),
(3676, 108, 7, 2, '2022-06-19 06:00:00', 0, '2022-06-19 10:00:00', 1030),
(3677, 108, 1, 2, '2022-06-19 10:00:00', 0, '2022-06-19 14:00:00', 1031),
(3678, 108, 2, 1, '2022-06-19 10:00:00', 0, '2022-06-19 14:00:00', 1031),
(3679, 108, 3, 2, '2022-06-19 10:00:00', 0, '2022-06-19 14:00:00', 1031),
(3680, 108, 4, 1, '2022-06-19 10:00:00', 0, '2022-06-19 14:00:00', 1031),
(3681, 108, 5, 3, '2022-06-19 10:00:00', 0, '2022-06-19 14:00:00', 1031),
(3682, 108, 6, 1, '2022-06-19 10:00:00', 0, '2022-06-19 14:00:00', 1031),
(3683, 108, 7, 2, '2022-06-19 10:00:00', 0, '2022-06-19 14:00:00', 1031),
(3684, 108, 1, 2, '2022-06-19 14:00:00', 0, '2022-06-19 18:00:00', 1032),
(3685, 108, 2, 1, '2022-06-19 14:00:00', 0, '2022-06-19 18:00:00', 1032),
(3686, 108, 3, 2, '2022-06-19 14:00:00', 0, '2022-06-19 18:00:00', 1032),
(3687, 108, 4, 1, '2022-06-19 14:00:00', 0, '2022-06-19 18:00:00', 1032),
(3688, 108, 5, 3, '2022-06-19 14:00:00', 0, '2022-06-19 18:00:00', 1032),
(3689, 108, 6, 1, '2022-06-19 14:00:00', 0, '2022-06-19 18:00:00', 1032),
(3690, 108, 7, 2, '2022-06-19 14:00:00', 0, '2022-06-19 18:00:00', 1032),
(3691, 108, 1, 2, '2022-06-19 18:00:00', 0, '2022-06-19 22:00:00', 1033),
(3692, 108, 2, 1, '2022-06-19 18:00:00', 0, '2022-06-19 22:00:00', 1033),
(3693, 108, 3, 2, '2022-06-19 18:00:00', 0, '2022-06-19 22:00:00', 1033),
(3694, 108, 4, 1, '2022-06-19 18:00:00', 0, '2022-06-19 22:00:00', 1033),
(3695, 108, 5, 3, '2022-06-19 18:00:00', 0, '2022-06-19 22:00:00', 1033),
(3696, 108, 6, 1, '2022-06-19 18:00:00', 0, '2022-06-19 22:00:00', 1033),
(3697, 108, 7, 2, '2022-06-19 18:00:00', 0, '2022-06-19 22:00:00', 1033),
(3698, 108, 1, 2, '2022-06-19 22:00:00', 0, '2022-06-20 06:00:00', 1034),
(3699, 108, 2, 1, '2022-06-19 22:00:00', 0, '2022-06-20 06:00:00', 1034),
(3700, 108, 3, 2, '2022-06-19 22:00:00', 0, '2022-06-20 06:00:00', 1034),
(3701, 108, 4, 1, '2022-06-19 22:00:00', 0, '2022-06-20 06:00:00', 1034),
(3702, 108, 5, 3, '2022-06-19 22:00:00', 0, '2022-06-20 06:00:00', 1034),
(3703, 108, 6, 1, '2022-06-19 22:00:00', 0, '2022-06-20 06:00:00', 1034),
(3704, 108, 7, 2, '2022-06-19 22:00:00', 0, '2022-06-20 06:00:00', 1034),
(3705, 109, 1, 1, '2022-06-20 06:00:00', 0, '2022-06-20 10:00:00', 100),
(3706, 109, 2, 1, '2022-06-20 06:00:00', 0, '2022-06-20 10:00:00', 100),
(3707, 109, 3, 1, '2022-06-20 06:00:00', 0, '2022-06-20 10:00:00', 100),
(3708, 109, 4, 1, '2022-06-20 06:00:00', 0, '2022-06-20 10:00:00', 100),
(3709, 109, 5, 2, '2022-06-20 06:00:00', 0, '2022-06-20 10:00:00', 100),
(3710, 109, 6, 1, '2022-06-20 06:00:00', 0, '2022-06-20 10:00:00', 100),
(3711, 109, 7, 2, '2022-06-20 06:00:00', 0, '2022-06-20 10:00:00', 100),
(3712, 109, 1, 1, '2022-06-20 10:00:00', 0, '2022-06-20 14:00:00', 101),
(3713, 109, 2, 1, '2022-06-20 10:00:00', 0, '2022-06-20 14:00:00', 101),
(3714, 109, 3, 1, '2022-06-20 10:00:00', 0, '2022-06-20 14:00:00', 101),
(3715, 109, 4, 1, '2022-06-20 10:00:00', 0, '2022-06-20 14:00:00', 101),
(3716, 109, 5, 2, '2022-06-20 10:00:00', 0, '2022-06-20 14:00:00', 101),
(3717, 109, 6, 1, '2022-06-20 10:00:00', 0, '2022-06-20 14:00:00', 101),
(3718, 109, 7, 2, '2022-06-20 10:00:00', 0, '2022-06-20 14:00:00', 101),
(3719, 109, 1, 1, '2022-06-20 14:00:00', 0, '2022-06-20 18:00:00', 102),
(3720, 109, 2, 1, '2022-06-20 14:00:00', 0, '2022-06-20 18:00:00', 102),
(3721, 109, 3, 1, '2022-06-20 14:00:00', 0, '2022-06-20 18:00:00', 102),
(3722, 109, 4, 1, '2022-06-20 14:00:00', 0, '2022-06-20 18:00:00', 102),
(3723, 109, 5, 2, '2022-06-20 14:00:00', 0, '2022-06-20 18:00:00', 102),
(3724, 109, 6, 1, '2022-06-20 14:00:00', 0, '2022-06-20 18:00:00', 102),
(3725, 109, 7, 2, '2022-06-20 14:00:00', 0, '2022-06-20 18:00:00', 102),
(3726, 109, 1, 1, '2022-06-20 18:00:00', 0, '2022-06-20 22:00:00', 103),
(3727, 109, 2, 1, '2022-06-20 18:00:00', 0, '2022-06-20 22:00:00', 103),
(3728, 109, 3, 1, '2022-06-20 18:00:00', 0, '2022-06-20 22:00:00', 103),
(3729, 109, 4, 1, '2022-06-20 18:00:00', 0, '2022-06-20 22:00:00', 103),
(3730, 109, 5, 2, '2022-06-20 18:00:00', 0, '2022-06-20 22:00:00', 103),
(3731, 109, 6, 1, '2022-06-20 18:00:00', 0, '2022-06-20 22:00:00', 103),
(3732, 109, 7, 2, '2022-06-20 18:00:00', 0, '2022-06-20 22:00:00', 103),
(3733, 109, 1, 1, '2022-06-20 22:00:00', 0, '2022-06-21 06:00:00', 104),
(3734, 109, 2, 1, '2022-06-20 22:00:00', 0, '2022-06-21 06:00:00', 104),
(3735, 109, 3, 1, '2022-06-20 22:00:00', 0, '2022-06-21 06:00:00', 104),
(3736, 109, 4, 1, '2022-06-20 22:00:00', 0, '2022-06-21 06:00:00', 104),
(3737, 109, 5, 2, '2022-06-20 22:00:00', 0, '2022-06-21 06:00:00', 104),
(3738, 109, 6, 1, '2022-06-20 22:00:00', 0, '2022-06-21 06:00:00', 104),
(3739, 109, 7, 2, '2022-06-20 22:00:00', 0, '2022-06-21 06:00:00', 104),
(3740, 109, 1, 1, '2022-06-21 06:00:00', 0, '2022-06-21 10:00:00', 105),
(3741, 109, 2, 1, '2022-06-21 06:00:00', 0, '2022-06-21 10:00:00', 105),
(3742, 109, 3, 1, '2022-06-21 06:00:00', 0, '2022-06-21 10:00:00', 105),
(3743, 109, 4, 1, '2022-06-21 06:00:00', 0, '2022-06-21 10:00:00', 105),
(3744, 109, 5, 2, '2022-06-21 06:00:00', 0, '2022-06-21 10:00:00', 105),
(3745, 109, 6, 1, '2022-06-21 06:00:00', 0, '2022-06-21 10:00:00', 105),
(3746, 109, 7, 2, '2022-06-21 06:00:00', 0, '2022-06-21 10:00:00', 105),
(3747, 109, 1, 1, '2022-06-21 10:00:00', 0, '2022-06-21 14:00:00', 106),
(3748, 109, 2, 1, '2022-06-21 10:00:00', 0, '2022-06-21 14:00:00', 106),
(3749, 109, 3, 1, '2022-06-21 10:00:00', 0, '2022-06-21 14:00:00', 106),
(3750, 109, 4, 1, '2022-06-21 10:00:00', 0, '2022-06-21 14:00:00', 106),
(3751, 109, 5, 2, '2022-06-21 10:00:00', 0, '2022-06-21 14:00:00', 106),
(3752, 109, 6, 1, '2022-06-21 10:00:00', 0, '2022-06-21 14:00:00', 106),
(3753, 109, 7, 2, '2022-06-21 10:00:00', 0, '2022-06-21 14:00:00', 106),
(3754, 109, 1, 1, '2022-06-21 14:00:00', 0, '2022-06-21 18:00:00', 107),
(3755, 109, 2, 1, '2022-06-21 14:00:00', 0, '2022-06-21 18:00:00', 107),
(3756, 109, 3, 1, '2022-06-21 14:00:00', 0, '2022-06-21 18:00:00', 107),
(3757, 109, 4, 1, '2022-06-21 14:00:00', 0, '2022-06-21 18:00:00', 107),
(3758, 109, 5, 2, '2022-06-21 14:00:00', 0, '2022-06-21 18:00:00', 107),
(3759, 109, 6, 1, '2022-06-21 14:00:00', 0, '2022-06-21 18:00:00', 107),
(3760, 109, 7, 2, '2022-06-21 14:00:00', 0, '2022-06-21 18:00:00', 107),
(3761, 109, 1, 1, '2022-06-21 18:00:00', 0, '2022-06-21 22:00:00', 108),
(3762, 109, 2, 1, '2022-06-21 18:00:00', 0, '2022-06-21 22:00:00', 108),
(3763, 109, 3, 1, '2022-06-21 18:00:00', 0, '2022-06-21 22:00:00', 108),
(3764, 109, 4, 1, '2022-06-21 18:00:00', 0, '2022-06-21 22:00:00', 108),
(3765, 109, 5, 2, '2022-06-21 18:00:00', 0, '2022-06-21 22:00:00', 108),
(3766, 109, 6, 1, '2022-06-21 18:00:00', 0, '2022-06-21 22:00:00', 108),
(3767, 109, 7, 2, '2022-06-21 18:00:00', 0, '2022-06-21 22:00:00', 108),
(3768, 109, 1, 1, '2022-06-21 22:00:00', 0, '2022-06-22 06:00:00', 109),
(3769, 109, 2, 1, '2022-06-21 22:00:00', 0, '2022-06-22 06:00:00', 109),
(3770, 109, 3, 1, '2022-06-21 22:00:00', 0, '2022-06-22 06:00:00', 109),
(3771, 109, 4, 1, '2022-06-21 22:00:00', 0, '2022-06-22 06:00:00', 109),
(3772, 109, 5, 2, '2022-06-21 22:00:00', 0, '2022-06-22 06:00:00', 109),
(3773, 109, 6, 1, '2022-06-21 22:00:00', 0, '2022-06-22 06:00:00', 109),
(3774, 109, 7, 2, '2022-06-21 22:00:00', 0, '2022-06-22 06:00:00', 109),
(3775, 109, 1, 1, '2022-06-22 06:00:00', 0, '2022-06-22 10:00:00', 1010),
(3776, 109, 2, 1, '2022-06-22 06:00:00', 0, '2022-06-22 10:00:00', 1010),
(3777, 109, 3, 1, '2022-06-22 06:00:00', 0, '2022-06-22 10:00:00', 1010),
(3778, 109, 4, 1, '2022-06-22 06:00:00', 0, '2022-06-22 10:00:00', 1010),
(3779, 109, 5, 2, '2022-06-22 06:00:00', 0, '2022-06-22 10:00:00', 1010),
(3780, 109, 6, 1, '2022-06-22 06:00:00', 0, '2022-06-22 10:00:00', 1010),
(3781, 109, 7, 2, '2022-06-22 06:00:00', 0, '2022-06-22 10:00:00', 1010),
(3782, 109, 1, 1, '2022-06-22 10:00:00', 0, '2022-06-22 14:00:00', 1011),
(3783, 109, 2, 1, '2022-06-22 10:00:00', 0, '2022-06-22 14:00:00', 1011),
(3784, 109, 3, 1, '2022-06-22 10:00:00', 0, '2022-06-22 14:00:00', 1011),
(3785, 109, 4, 1, '2022-06-22 10:00:00', 0, '2022-06-22 14:00:00', 1011),
(3786, 109, 5, 2, '2022-06-22 10:00:00', 0, '2022-06-22 14:00:00', 1011),
(3787, 109, 6, 1, '2022-06-22 10:00:00', 0, '2022-06-22 14:00:00', 1011),
(3788, 109, 7, 2, '2022-06-22 10:00:00', 0, '2022-06-22 14:00:00', 1011),
(3789, 109, 1, 1, '2022-06-22 14:00:00', 0, '2022-06-22 18:00:00', 1012),
(3790, 109, 2, 1, '2022-06-22 14:00:00', 0, '2022-06-22 18:00:00', 1012),
(3791, 109, 3, 1, '2022-06-22 14:00:00', 0, '2022-06-22 18:00:00', 1012),
(3792, 109, 4, 1, '2022-06-22 14:00:00', 0, '2022-06-22 18:00:00', 1012),
(3793, 109, 5, 2, '2022-06-22 14:00:00', 0, '2022-06-22 18:00:00', 1012),
(3794, 109, 6, 1, '2022-06-22 14:00:00', 0, '2022-06-22 18:00:00', 1012),
(3795, 109, 7, 2, '2022-06-22 14:00:00', 0, '2022-06-22 18:00:00', 1012),
(3796, 109, 1, 1, '2022-06-22 18:00:00', 0, '2022-06-22 22:00:00', 1013),
(3797, 109, 2, 1, '2022-06-22 18:00:00', 0, '2022-06-22 22:00:00', 1013),
(3798, 109, 3, 1, '2022-06-22 18:00:00', 0, '2022-06-22 22:00:00', 1013),
(3799, 109, 4, 1, '2022-06-22 18:00:00', 0, '2022-06-22 22:00:00', 1013),
(3800, 109, 5, 2, '2022-06-22 18:00:00', 0, '2022-06-22 22:00:00', 1013),
(3801, 109, 6, 1, '2022-06-22 18:00:00', 0, '2022-06-22 22:00:00', 1013),
(3802, 109, 7, 2, '2022-06-22 18:00:00', 0, '2022-06-22 22:00:00', 1013),
(3803, 109, 1, 1, '2022-06-22 22:00:00', 0, '2022-06-23 06:00:00', 1014),
(3804, 109, 2, 1, '2022-06-22 22:00:00', 0, '2022-06-23 06:00:00', 1014),
(3805, 109, 3, 1, '2022-06-22 22:00:00', 0, '2022-06-23 06:00:00', 1014),
(3806, 109, 4, 1, '2022-06-22 22:00:00', 0, '2022-06-23 06:00:00', 1014),
(3807, 109, 5, 2, '2022-06-22 22:00:00', 0, '2022-06-23 06:00:00', 1014),
(3808, 109, 6, 1, '2022-06-22 22:00:00', 0, '2022-06-23 06:00:00', 1014),
(3809, 109, 7, 2, '2022-06-22 22:00:00', 0, '2022-06-23 06:00:00', 1014),
(3810, 109, 1, 1, '2022-06-23 06:00:00', 0, '2022-06-23 10:00:00', 1015),
(3811, 109, 2, 1, '2022-06-23 06:00:00', 0, '2022-06-23 10:00:00', 1015),
(3812, 109, 3, 1, '2022-06-23 06:00:00', 0, '2022-06-23 10:00:00', 1015),
(3813, 109, 4, 1, '2022-06-23 06:00:00', 0, '2022-06-23 10:00:00', 1015),
(3814, 109, 5, 2, '2022-06-23 06:00:00', 0, '2022-06-23 10:00:00', 1015),
(3815, 109, 6, 1, '2022-06-23 06:00:00', 0, '2022-06-23 10:00:00', 1015),
(3816, 109, 7, 2, '2022-06-23 06:00:00', 0, '2022-06-23 10:00:00', 1015),
(3817, 109, 1, 1, '2022-06-23 10:00:00', 0, '2022-06-23 14:00:00', 1016),
(3818, 109, 2, 1, '2022-06-23 10:00:00', 0, '2022-06-23 14:00:00', 1016),
(3819, 109, 3, 1, '2022-06-23 10:00:00', 0, '2022-06-23 14:00:00', 1016),
(3820, 109, 4, 1, '2022-06-23 10:00:00', 0, '2022-06-23 14:00:00', 1016),
(3821, 109, 5, 2, '2022-06-23 10:00:00', 0, '2022-06-23 14:00:00', 1016),
(3822, 109, 6, 1, '2022-06-23 10:00:00', 0, '2022-06-23 14:00:00', 1016),
(3823, 109, 7, 2, '2022-06-23 10:00:00', 0, '2022-06-23 14:00:00', 1016),
(3824, 109, 1, 1, '2022-06-23 14:00:00', 0, '2022-06-23 18:00:00', 1017),
(3825, 109, 2, 1, '2022-06-23 14:00:00', 0, '2022-06-23 18:00:00', 1017),
(3826, 109, 3, 1, '2022-06-23 14:00:00', 0, '2022-06-23 18:00:00', 1017),
(3827, 109, 4, 1, '2022-06-23 14:00:00', 0, '2022-06-23 18:00:00', 1017),
(3828, 109, 5, 2, '2022-06-23 14:00:00', 0, '2022-06-23 18:00:00', 1017),
(3829, 109, 6, 1, '2022-06-23 14:00:00', 0, '2022-06-23 18:00:00', 1017),
(3830, 109, 7, 2, '2022-06-23 14:00:00', 0, '2022-06-23 18:00:00', 1017),
(3831, 109, 1, 1, '2022-06-23 18:00:00', 0, '2022-06-23 22:00:00', 1018),
(3832, 109, 2, 1, '2022-06-23 18:00:00', 0, '2022-06-23 22:00:00', 1018),
(3833, 109, 3, 1, '2022-06-23 18:00:00', 0, '2022-06-23 22:00:00', 1018),
(3834, 109, 4, 1, '2022-06-23 18:00:00', 0, '2022-06-23 22:00:00', 1018),
(3835, 109, 5, 2, '2022-06-23 18:00:00', 0, '2022-06-23 22:00:00', 1018),
(3836, 109, 6, 1, '2022-06-23 18:00:00', 0, '2022-06-23 22:00:00', 1018),
(3837, 109, 7, 2, '2022-06-23 18:00:00', 0, '2022-06-23 22:00:00', 1018),
(3838, 109, 1, 1, '2022-06-23 22:00:00', 0, '2022-06-24 06:00:00', 1019),
(3839, 109, 2, 1, '2022-06-23 22:00:00', 0, '2022-06-24 06:00:00', 1019),
(3840, 109, 3, 1, '2022-06-23 22:00:00', 0, '2022-06-24 06:00:00', 1019),
(3841, 109, 4, 1, '2022-06-23 22:00:00', 0, '2022-06-24 06:00:00', 1019),
(3842, 109, 5, 2, '2022-06-23 22:00:00', 0, '2022-06-24 06:00:00', 1019),
(3843, 109, 6, 1, '2022-06-23 22:00:00', 0, '2022-06-24 06:00:00', 1019),
(3844, 109, 7, 2, '2022-06-23 22:00:00', 0, '2022-06-24 06:00:00', 1019),
(3845, 109, 1, 1, '2022-06-24 06:00:00', 0, '2022-06-24 10:00:00', 1020),
(3846, 109, 2, 1, '2022-06-24 06:00:00', 0, '2022-06-24 10:00:00', 1020),
(3847, 109, 3, 1, '2022-06-24 06:00:00', 0, '2022-06-24 10:00:00', 1020),
(3848, 109, 4, 1, '2022-06-24 06:00:00', 0, '2022-06-24 10:00:00', 1020),
(3849, 109, 5, 2, '2022-06-24 06:00:00', 0, '2022-06-24 10:00:00', 1020),
(3850, 109, 6, 1, '2022-06-24 06:00:00', 0, '2022-06-24 10:00:00', 1020),
(3851, 109, 7, 2, '2022-06-24 06:00:00', 0, '2022-06-24 10:00:00', 1020),
(3852, 109, 1, 1, '2022-06-24 10:00:00', 0, '2022-06-24 14:00:00', 1021),
(3853, 109, 2, 1, '2022-06-24 10:00:00', 0, '2022-06-24 14:00:00', 1021),
(3854, 109, 3, 1, '2022-06-24 10:00:00', 0, '2022-06-24 14:00:00', 1021),
(3855, 109, 4, 1, '2022-06-24 10:00:00', 0, '2022-06-24 14:00:00', 1021),
(3856, 109, 5, 2, '2022-06-24 10:00:00', 0, '2022-06-24 14:00:00', 1021),
(3857, 109, 6, 1, '2022-06-24 10:00:00', 0, '2022-06-24 14:00:00', 1021),
(3858, 109, 7, 2, '2022-06-24 10:00:00', 0, '2022-06-24 14:00:00', 1021),
(3859, 109, 1, 1, '2022-06-24 14:00:00', 0, '2022-06-24 18:00:00', 1022),
(3860, 109, 2, 1, '2022-06-24 14:00:00', 0, '2022-06-24 18:00:00', 1022),
(3861, 109, 3, 1, '2022-06-24 14:00:00', 0, '2022-06-24 18:00:00', 1022),
(3862, 109, 4, 1, '2022-06-24 14:00:00', 0, '2022-06-24 18:00:00', 1022),
(3863, 109, 5, 2, '2022-06-24 14:00:00', 0, '2022-06-24 18:00:00', 1022),
(3864, 109, 6, 1, '2022-06-24 14:00:00', 0, '2022-06-24 18:00:00', 1022),
(3865, 109, 7, 2, '2022-06-24 14:00:00', 0, '2022-06-24 18:00:00', 1022),
(3866, 109, 1, 1, '2022-06-24 18:00:00', 0, '2022-06-24 22:00:00', 1023),
(3867, 109, 2, 1, '2022-06-24 18:00:00', 0, '2022-06-24 22:00:00', 1023),
(3868, 109, 3, 1, '2022-06-24 18:00:00', 0, '2022-06-24 22:00:00', 1023),
(3869, 109, 4, 1, '2022-06-24 18:00:00', 0, '2022-06-24 22:00:00', 1023),
(3870, 109, 5, 2, '2022-06-24 18:00:00', 0, '2022-06-24 22:00:00', 1023),
(3871, 109, 6, 1, '2022-06-24 18:00:00', 0, '2022-06-24 22:00:00', 1023),
(3872, 109, 7, 2, '2022-06-24 18:00:00', 0, '2022-06-24 22:00:00', 1023),
(3873, 109, 1, 1, '2022-06-24 22:00:00', 0, '2022-06-25 06:00:00', 1024),
(3874, 109, 2, 1, '2022-06-24 22:00:00', 0, '2022-06-25 06:00:00', 1024),
(3875, 109, 3, 1, '2022-06-24 22:00:00', 0, '2022-06-25 06:00:00', 1024),
(3876, 109, 4, 1, '2022-06-24 22:00:00', 0, '2022-06-25 06:00:00', 1024),
(3877, 109, 5, 2, '2022-06-24 22:00:00', 0, '2022-06-25 06:00:00', 1024),
(3878, 109, 6, 1, '2022-06-24 22:00:00', 0, '2022-06-25 06:00:00', 1024),
(3879, 109, 7, 2, '2022-06-24 22:00:00', 0, '2022-06-25 06:00:00', 1024),
(3880, 109, 1, 1, '2022-06-25 06:00:00', 0, '2022-06-25 10:00:00', 1025),
(3881, 109, 2, 1, '2022-06-25 06:00:00', 0, '2022-06-25 10:00:00', 1025),
(3882, 109, 3, 1, '2022-06-25 06:00:00', 0, '2022-06-25 10:00:00', 1025),
(3883, 109, 4, 1, '2022-06-25 06:00:00', 0, '2022-06-25 10:00:00', 1025),
(3884, 109, 5, 2, '2022-06-25 06:00:00', 0, '2022-06-25 10:00:00', 1025),
(3885, 109, 6, 1, '2022-06-25 06:00:00', 0, '2022-06-25 10:00:00', 1025),
(3886, 109, 7, 2, '2022-06-25 06:00:00', 0, '2022-06-25 10:00:00', 1025),
(3887, 109, 1, 1, '2022-06-25 10:00:00', 0, '2022-06-25 14:00:00', 1026),
(3888, 109, 2, 1, '2022-06-25 10:00:00', 0, '2022-06-25 14:00:00', 1026),
(3889, 109, 3, 1, '2022-06-25 10:00:00', 0, '2022-06-25 14:00:00', 1026),
(3890, 109, 4, 1, '2022-06-25 10:00:00', 0, '2022-06-25 14:00:00', 1026),
(3891, 109, 5, 2, '2022-06-25 10:00:00', 0, '2022-06-25 14:00:00', 1026),
(3892, 109, 6, 1, '2022-06-25 10:00:00', 0, '2022-06-25 14:00:00', 1026),
(3893, 109, 7, 2, '2022-06-25 10:00:00', 0, '2022-06-25 14:00:00', 1026),
(3894, 109, 1, 1, '2022-06-25 14:00:00', 0, '2022-06-25 18:00:00', 1027),
(3895, 109, 2, 1, '2022-06-25 14:00:00', 0, '2022-06-25 18:00:00', 1027),
(3896, 109, 3, 1, '2022-06-25 14:00:00', 0, '2022-06-25 18:00:00', 1027),
(3897, 109, 4, 1, '2022-06-25 14:00:00', 0, '2022-06-25 18:00:00', 1027),
(3898, 109, 5, 2, '2022-06-25 14:00:00', 0, '2022-06-25 18:00:00', 1027),
(3899, 109, 6, 1, '2022-06-25 14:00:00', 0, '2022-06-25 18:00:00', 1027),
(3900, 109, 7, 2, '2022-06-25 14:00:00', 0, '2022-06-25 18:00:00', 1027),
(3901, 109, 1, 1, '2022-06-25 18:00:00', 0, '2022-06-25 22:00:00', 1028),
(3902, 109, 2, 1, '2022-06-25 18:00:00', 0, '2022-06-25 22:00:00', 1028),
(3903, 109, 3, 1, '2022-06-25 18:00:00', 0, '2022-06-25 22:00:00', 1028),
(3904, 109, 4, 1, '2022-06-25 18:00:00', 0, '2022-06-25 22:00:00', 1028),
(3905, 109, 5, 2, '2022-06-25 18:00:00', 0, '2022-06-25 22:00:00', 1028),
(3906, 109, 6, 1, '2022-06-25 18:00:00', 0, '2022-06-25 22:00:00', 1028),
(3907, 109, 7, 2, '2022-06-25 18:00:00', 0, '2022-06-25 22:00:00', 1028),
(3908, 109, 1, 1, '2022-06-25 22:00:00', 0, '2022-06-26 06:00:00', 1029),
(3909, 109, 2, 1, '2022-06-25 22:00:00', 0, '2022-06-26 06:00:00', 1029),
(3910, 109, 3, 1, '2022-06-25 22:00:00', 0, '2022-06-26 06:00:00', 1029),
(3911, 109, 4, 1, '2022-06-25 22:00:00', 0, '2022-06-26 06:00:00', 1029),
(3912, 109, 5, 2, '2022-06-25 22:00:00', 0, '2022-06-26 06:00:00', 1029),
(3913, 109, 6, 1, '2022-06-25 22:00:00', 0, '2022-06-26 06:00:00', 1029),
(3914, 109, 7, 2, '2022-06-25 22:00:00', 0, '2022-06-26 06:00:00', 1029),
(3915, 109, 1, 1, '2022-06-26 06:00:00', 0, '2022-06-26 10:00:00', 1030),
(3916, 109, 2, 1, '2022-06-26 06:00:00', 0, '2022-06-26 10:00:00', 1030),
(3917, 109, 3, 1, '2022-06-26 06:00:00', 0, '2022-06-26 10:00:00', 1030),
(3918, 109, 4, 1, '2022-06-26 06:00:00', 0, '2022-06-26 10:00:00', 1030),
(3919, 109, 5, 2, '2022-06-26 06:00:00', 0, '2022-06-26 10:00:00', 1030),
(3920, 109, 6, 1, '2022-06-26 06:00:00', 0, '2022-06-26 10:00:00', 1030),
(3921, 109, 7, 2, '2022-06-26 06:00:00', 0, '2022-06-26 10:00:00', 1030),
(3922, 109, 1, 1, '2022-06-26 10:00:00', 0, '2022-06-26 14:00:00', 1031),
(3923, 109, 2, 1, '2022-06-26 10:00:00', 0, '2022-06-26 14:00:00', 1031),
(3924, 109, 3, 1, '2022-06-26 10:00:00', 0, '2022-06-26 14:00:00', 1031),
(3925, 109, 4, 1, '2022-06-26 10:00:00', 0, '2022-06-26 14:00:00', 1031),
(3926, 109, 5, 2, '2022-06-26 10:00:00', 0, '2022-06-26 14:00:00', 1031),
(3927, 109, 6, 1, '2022-06-26 10:00:00', 0, '2022-06-26 14:00:00', 1031),
(3928, 109, 7, 2, '2022-06-26 10:00:00', 0, '2022-06-26 14:00:00', 1031),
(3929, 109, 1, 1, '2022-06-26 14:00:00', 0, '2022-06-26 18:00:00', 1032),
(3930, 109, 2, 1, '2022-06-26 14:00:00', 0, '2022-06-26 18:00:00', 1032),
(3931, 109, 3, 1, '2022-06-26 14:00:00', 0, '2022-06-26 18:00:00', 1032),
(3932, 109, 4, 1, '2022-06-26 14:00:00', 0, '2022-06-26 18:00:00', 1032),
(3933, 109, 5, 2, '2022-06-26 14:00:00', 0, '2022-06-26 18:00:00', 1032),
(3934, 109, 6, 1, '2022-06-26 14:00:00', 0, '2022-06-26 18:00:00', 1032),
(3935, 109, 7, 2, '2022-06-26 14:00:00', 0, '2022-06-26 18:00:00', 1032),
(3936, 109, 1, 1, '2022-06-26 18:00:00', 0, '2022-06-26 22:00:00', 1033),
(3937, 109, 2, 1, '2022-06-26 18:00:00', 0, '2022-06-26 22:00:00', 1033),
(3938, 109, 3, 1, '2022-06-26 18:00:00', 0, '2022-06-26 22:00:00', 1033),
(3939, 109, 4, 1, '2022-06-26 18:00:00', 0, '2022-06-26 22:00:00', 1033),
(3940, 109, 5, 2, '2022-06-26 18:00:00', 0, '2022-06-26 22:00:00', 1033),
(3941, 109, 6, 1, '2022-06-26 18:00:00', 0, '2022-06-26 22:00:00', 1033),
(3942, 109, 7, 2, '2022-06-26 18:00:00', 0, '2022-06-26 22:00:00', 1033),
(3943, 109, 1, 1, '2022-06-26 22:00:00', 0, '2022-06-27 06:00:00', 1034),
(3944, 109, 2, 1, '2022-06-26 22:00:00', 0, '2022-06-27 06:00:00', 1034),
(3945, 109, 3, 1, '2022-06-26 22:00:00', 0, '2022-06-27 06:00:00', 1034),
(3946, 109, 4, 1, '2022-06-26 22:00:00', 0, '2022-06-27 06:00:00', 1034),
(3947, 109, 5, 2, '2022-06-26 22:00:00', 0, '2022-06-27 06:00:00', 1034),
(3948, 109, 6, 1, '2022-06-26 22:00:00', 0, '2022-06-27 06:00:00', 1034),
(3949, 109, 7, 2, '2022-06-26 22:00:00', 0, '2022-06-27 06:00:00', 1034),
(3950, 110, 1, 1, '2022-08-29 06:00:00', 0, '2022-08-29 10:00:00', 100),
(3951, 110, 2, 2, '2022-08-29 06:00:00', 0, '2022-08-29 10:00:00', 100),
(3952, 110, 3, 2, '2022-08-29 06:00:00', 0, '2022-08-29 10:00:00', 100),
(3953, 110, 4, 1, '2022-08-29 06:00:00', 0, '2022-08-29 10:00:00', 100),
(3954, 110, 5, 3, '2022-08-29 06:00:00', 0, '2022-08-29 10:00:00', 100),
(3955, 110, 6, 1, '2022-08-29 06:00:00', 0, '2022-08-29 10:00:00', 100),
(3956, 110, 7, 1, '2022-08-29 06:00:00', 0, '2022-08-29 10:00:00', 100),
(3957, 110, 1, 1, '2022-08-29 10:00:00', 0, '2022-08-29 14:00:00', 101),
(3958, 110, 2, 2, '2022-08-29 10:00:00', 0, '2022-08-29 14:00:00', 101),
(3959, 110, 3, 2, '2022-08-29 10:00:00', 0, '2022-08-29 14:00:00', 101),
(3960, 110, 4, 1, '2022-08-29 10:00:00', 0, '2022-08-29 14:00:00', 101),
(3961, 110, 5, 3, '2022-08-29 10:00:00', 0, '2022-08-29 14:00:00', 101),
(3962, 110, 6, 1, '2022-08-29 10:00:00', 0, '2022-08-29 14:00:00', 101),
(3963, 110, 7, 1, '2022-08-29 10:00:00', 0, '2022-08-29 14:00:00', 101),
(3964, 110, 1, 1, '2022-08-29 14:00:00', 0, '2022-08-29 18:00:00', 102),
(3965, 110, 2, 2, '2022-08-29 14:00:00', 0, '2022-08-29 18:00:00', 102),
(3966, 110, 3, 2, '2022-08-29 14:00:00', 0, '2022-08-29 18:00:00', 102),
(3967, 110, 4, 1, '2022-08-29 14:00:00', 0, '2022-08-29 18:00:00', 102),
(3968, 110, 5, 3, '2022-08-29 14:00:00', 0, '2022-08-29 18:00:00', 102),
(3969, 110, 6, 1, '2022-08-29 14:00:00', 0, '2022-08-29 18:00:00', 102),
(3970, 110, 7, 1, '2022-08-29 14:00:00', 0, '2022-08-29 18:00:00', 102),
(3971, 110, 1, 1, '2022-08-29 18:00:00', 0, '2022-08-29 22:00:00', 103),
(3972, 110, 2, 2, '2022-08-29 18:00:00', 0, '2022-08-29 22:00:00', 103),
(3973, 110, 3, 2, '2022-08-29 18:00:00', 0, '2022-08-29 22:00:00', 103),
(3974, 110, 4, 1, '2022-08-29 18:00:00', 0, '2022-08-29 22:00:00', 103),
(3975, 110, 5, 3, '2022-08-29 18:00:00', 0, '2022-08-29 22:00:00', 103),
(3976, 110, 6, 1, '2022-08-29 18:00:00', 0, '2022-08-29 22:00:00', 103),
(3977, 110, 7, 1, '2022-08-29 18:00:00', 0, '2022-08-29 22:00:00', 103),
(3978, 110, 1, 1, '2022-08-29 22:00:00', 0, '2022-08-30 06:00:00', 104),
(3979, 110, 2, 2, '2022-08-29 22:00:00', 0, '2022-08-30 06:00:00', 104),
(3980, 110, 3, 2, '2022-08-29 22:00:00', 0, '2022-08-30 06:00:00', 104),
(3981, 110, 4, 1, '2022-08-29 22:00:00', 0, '2022-08-30 06:00:00', 104),
(3982, 110, 5, 3, '2022-08-29 22:00:00', 0, '2022-08-30 06:00:00', 104),
(3983, 110, 6, 1, '2022-08-29 22:00:00', 0, '2022-08-30 06:00:00', 104),
(3984, 110, 7, 1, '2022-08-29 22:00:00', 0, '2022-08-30 06:00:00', 104),
(3985, 110, 1, 1, '2022-08-30 06:00:00', 0, '2022-08-30 10:00:00', 105),
(3986, 110, 2, 2, '2022-08-30 06:00:00', 0, '2022-08-30 10:00:00', 105),
(3987, 110, 3, 2, '2022-08-30 06:00:00', 0, '2022-08-30 10:00:00', 105),
(3988, 110, 4, 1, '2022-08-30 06:00:00', 0, '2022-08-30 10:00:00', 105),
(3989, 110, 5, 3, '2022-08-30 06:00:00', 0, '2022-08-30 10:00:00', 105),
(3990, 110, 6, 1, '2022-08-30 06:00:00', 0, '2022-08-30 10:00:00', 105),
(3991, 110, 7, 1, '2022-08-30 06:00:00', 0, '2022-08-30 10:00:00', 105),
(3992, 110, 1, 1, '2022-08-30 10:00:00', 0, '2022-08-30 14:00:00', 106),
(3993, 110, 2, 2, '2022-08-30 10:00:00', 0, '2022-08-30 14:00:00', 106),
(3994, 110, 3, 2, '2022-08-30 10:00:00', 0, '2022-08-30 14:00:00', 106),
(3995, 110, 4, 1, '2022-08-30 10:00:00', 0, '2022-08-30 14:00:00', 106),
(3996, 110, 5, 3, '2022-08-30 10:00:00', 0, '2022-08-30 14:00:00', 106),
(3997, 110, 6, 1, '2022-08-30 10:00:00', 0, '2022-08-30 14:00:00', 106),
(3998, 110, 7, 1, '2022-08-30 10:00:00', 0, '2022-08-30 14:00:00', 106),
(3999, 110, 1, 1, '2022-08-30 14:00:00', 0, '2022-08-30 18:00:00', 107),
(4000, 110, 2, 2, '2022-08-30 14:00:00', 0, '2022-08-30 18:00:00', 107),
(4001, 110, 3, 2, '2022-08-30 14:00:00', 0, '2022-08-30 18:00:00', 107),
(4002, 110, 4, 1, '2022-08-30 14:00:00', 0, '2022-08-30 18:00:00', 107),
(4003, 110, 5, 3, '2022-08-30 14:00:00', 0, '2022-08-30 18:00:00', 107),
(4004, 110, 6, 1, '2022-08-30 14:00:00', 0, '2022-08-30 18:00:00', 107),
(4005, 110, 7, 1, '2022-08-30 14:00:00', 0, '2022-08-30 18:00:00', 107),
(4006, 110, 1, 1, '2022-08-30 18:00:00', 0, '2022-08-30 22:00:00', 108),
(4007, 110, 2, 2, '2022-08-30 18:00:00', 0, '2022-08-30 22:00:00', 108),
(4008, 110, 3, 2, '2022-08-30 18:00:00', 0, '2022-08-30 22:00:00', 108),
(4009, 110, 4, 1, '2022-08-30 18:00:00', 0, '2022-08-30 22:00:00', 108),
(4010, 110, 5, 3, '2022-08-30 18:00:00', 0, '2022-08-30 22:00:00', 108),
(4011, 110, 6, 1, '2022-08-30 18:00:00', 0, '2022-08-30 22:00:00', 108),
(4012, 110, 7, 1, '2022-08-30 18:00:00', 0, '2022-08-30 22:00:00', 108),
(4013, 110, 1, 1, '2022-08-30 22:00:00', 0, '2022-08-31 06:00:00', 109),
(4014, 110, 2, 2, '2022-08-30 22:00:00', 0, '2022-08-31 06:00:00', 109),
(4015, 110, 3, 2, '2022-08-30 22:00:00', 0, '2022-08-31 06:00:00', 109),
(4016, 110, 4, 1, '2022-08-30 22:00:00', 0, '2022-08-31 06:00:00', 109),
(4017, 110, 5, 3, '2022-08-30 22:00:00', 0, '2022-08-31 06:00:00', 109),
(4018, 110, 6, 1, '2022-08-30 22:00:00', 0, '2022-08-31 06:00:00', 109),
(4019, 110, 7, 1, '2022-08-30 22:00:00', 0, '2022-08-31 06:00:00', 109),
(4020, 110, 1, 1, '2022-08-31 06:00:00', 0, '2022-08-31 10:00:00', 1010),
(4021, 110, 2, 2, '2022-08-31 06:00:00', 0, '2022-08-31 10:00:00', 1010),
(4022, 110, 3, 2, '2022-08-31 06:00:00', 0, '2022-08-31 10:00:00', 1010),
(4023, 110, 4, 1, '2022-08-31 06:00:00', 0, '2022-08-31 10:00:00', 1010),
(4024, 110, 5, 3, '2022-08-31 06:00:00', 0, '2022-08-31 10:00:00', 1010),
(4025, 110, 6, 1, '2022-08-31 06:00:00', 0, '2022-08-31 10:00:00', 1010),
(4026, 110, 7, 1, '2022-08-31 06:00:00', 0, '2022-08-31 10:00:00', 1010),
(4027, 110, 1, 1, '2022-08-31 10:00:00', 0, '2022-08-31 14:00:00', 1011),
(4028, 110, 2, 2, '2022-08-31 10:00:00', 0, '2022-08-31 14:00:00', 1011),
(4029, 110, 3, 2, '2022-08-31 10:00:00', 0, '2022-08-31 14:00:00', 1011),
(4030, 110, 4, 1, '2022-08-31 10:00:00', 0, '2022-08-31 14:00:00', 1011),
(4031, 110, 5, 3, '2022-08-31 10:00:00', 0, '2022-08-31 14:00:00', 1011),
(4032, 110, 6, 1, '2022-08-31 10:00:00', 0, '2022-08-31 14:00:00', 1011),
(4033, 110, 7, 1, '2022-08-31 10:00:00', 0, '2022-08-31 14:00:00', 1011),
(4034, 110, 1, 1, '2022-08-31 14:00:00', 0, '2022-08-31 18:00:00', 1012),
(4035, 110, 2, 2, '2022-08-31 14:00:00', 0, '2022-08-31 18:00:00', 1012),
(4036, 110, 3, 2, '2022-08-31 14:00:00', 0, '2022-08-31 18:00:00', 1012),
(4037, 110, 4, 1, '2022-08-31 14:00:00', 0, '2022-08-31 18:00:00', 1012),
(4038, 110, 5, 3, '2022-08-31 14:00:00', 0, '2022-08-31 18:00:00', 1012),
(4039, 110, 6, 1, '2022-08-31 14:00:00', 0, '2022-08-31 18:00:00', 1012),
(4040, 110, 7, 1, '2022-08-31 14:00:00', 0, '2022-08-31 18:00:00', 1012),
(4041, 110, 1, 1, '2022-08-31 18:00:00', 0, '2022-08-31 22:00:00', 1013),
(4042, 110, 2, 2, '2022-08-31 18:00:00', 0, '2022-08-31 22:00:00', 1013),
(4043, 110, 3, 2, '2022-08-31 18:00:00', 0, '2022-08-31 22:00:00', 1013),
(4044, 110, 4, 1, '2022-08-31 18:00:00', 0, '2022-08-31 22:00:00', 1013),
(4045, 110, 5, 3, '2022-08-31 18:00:00', 0, '2022-08-31 22:00:00', 1013),
(4046, 110, 6, 1, '2022-08-31 18:00:00', 0, '2022-08-31 22:00:00', 1013),
(4047, 110, 7, 1, '2022-08-31 18:00:00', 0, '2022-08-31 22:00:00', 1013),
(4048, 110, 1, 1, '2022-08-31 22:00:00', 0, '2022-09-01 06:00:00', 1014),
(4049, 110, 2, 2, '2022-08-31 22:00:00', 0, '2022-09-01 06:00:00', 1014),
(4050, 110, 3, 2, '2022-08-31 22:00:00', 0, '2022-09-01 06:00:00', 1014),
(4051, 110, 4, 1, '2022-08-31 22:00:00', 0, '2022-09-01 06:00:00', 1014),
(4052, 110, 5, 3, '2022-08-31 22:00:00', 0, '2022-09-01 06:00:00', 1014),
(4053, 110, 6, 1, '2022-08-31 22:00:00', 0, '2022-09-01 06:00:00', 1014),
(4054, 110, 7, 1, '2022-08-31 22:00:00', 0, '2022-09-01 06:00:00', 1014),
(4055, 110, 1, 1, '2022-09-01 06:00:00', 0, '2022-09-01 10:00:00', 1015),
(4056, 110, 2, 2, '2022-09-01 06:00:00', 0, '2022-09-01 10:00:00', 1015),
(4057, 110, 3, 2, '2022-09-01 06:00:00', 0, '2022-09-01 10:00:00', 1015),
(4058, 110, 4, 1, '2022-09-01 06:00:00', 0, '2022-09-01 10:00:00', 1015),
(4059, 110, 5, 3, '2022-09-01 06:00:00', 0, '2022-09-01 10:00:00', 1015),
(4060, 110, 6, 1, '2022-09-01 06:00:00', 0, '2022-09-01 10:00:00', 1015),
(4061, 110, 7, 1, '2022-09-01 06:00:00', 0, '2022-09-01 10:00:00', 1015),
(4062, 110, 1, 1, '2022-09-01 10:00:00', 0, '2022-09-01 14:00:00', 1016),
(4063, 110, 2, 2, '2022-09-01 10:00:00', 0, '2022-09-01 14:00:00', 1016),
(4064, 110, 3, 2, '2022-09-01 10:00:00', 0, '2022-09-01 14:00:00', 1016),
(4065, 110, 4, 1, '2022-09-01 10:00:00', 0, '2022-09-01 14:00:00', 1016),
(4066, 110, 5, 3, '2022-09-01 10:00:00', 0, '2022-09-01 14:00:00', 1016),
(4067, 110, 6, 1, '2022-09-01 10:00:00', 0, '2022-09-01 14:00:00', 1016),
(4068, 110, 7, 1, '2022-09-01 10:00:00', 0, '2022-09-01 14:00:00', 1016),
(4069, 110, 1, 1, '2022-09-01 14:00:00', 0, '2022-09-01 18:00:00', 1017),
(4070, 110, 2, 2, '2022-09-01 14:00:00', 0, '2022-09-01 18:00:00', 1017),
(4071, 110, 3, 2, '2022-09-01 14:00:00', 0, '2022-09-01 18:00:00', 1017),
(4072, 110, 4, 1, '2022-09-01 14:00:00', 0, '2022-09-01 18:00:00', 1017),
(4073, 110, 5, 3, '2022-09-01 14:00:00', 0, '2022-09-01 18:00:00', 1017),
(4074, 110, 6, 1, '2022-09-01 14:00:00', 0, '2022-09-01 18:00:00', 1017),
(4075, 110, 7, 1, '2022-09-01 14:00:00', 0, '2022-09-01 18:00:00', 1017),
(4076, 110, 1, 1, '2022-09-01 18:00:00', 0, '2022-09-01 22:00:00', 1018),
(4077, 110, 2, 2, '2022-09-01 18:00:00', 0, '2022-09-01 22:00:00', 1018),
(4078, 110, 3, 2, '2022-09-01 18:00:00', 0, '2022-09-01 22:00:00', 1018),
(4079, 110, 4, 1, '2022-09-01 18:00:00', 0, '2022-09-01 22:00:00', 1018),
(4080, 110, 5, 3, '2022-09-01 18:00:00', 0, '2022-09-01 22:00:00', 1018),
(4081, 110, 6, 1, '2022-09-01 18:00:00', 0, '2022-09-01 22:00:00', 1018),
(4082, 110, 7, 1, '2022-09-01 18:00:00', 0, '2022-09-01 22:00:00', 1018),
(4083, 110, 1, 1, '2022-09-01 22:00:00', 0, '2022-09-02 06:00:00', 1019),
(4084, 110, 2, 2, '2022-09-01 22:00:00', 0, '2022-09-02 06:00:00', 1019),
(4085, 110, 3, 2, '2022-09-01 22:00:00', 0, '2022-09-02 06:00:00', 1019),
(4086, 110, 4, 1, '2022-09-01 22:00:00', 0, '2022-09-02 06:00:00', 1019),
(4087, 110, 5, 3, '2022-09-01 22:00:00', 0, '2022-09-02 06:00:00', 1019),
(4088, 110, 6, 1, '2022-09-01 22:00:00', 0, '2022-09-02 06:00:00', 1019),
(4089, 110, 7, 1, '2022-09-01 22:00:00', 0, '2022-09-02 06:00:00', 1019),
(4090, 110, 1, 1, '2022-09-02 06:00:00', 0, '2022-09-02 10:00:00', 1020),
(4091, 110, 2, 2, '2022-09-02 06:00:00', 0, '2022-09-02 10:00:00', 1020),
(4092, 110, 3, 2, '2022-09-02 06:00:00', 0, '2022-09-02 10:00:00', 1020),
(4093, 110, 4, 1, '2022-09-02 06:00:00', 0, '2022-09-02 10:00:00', 1020),
(4094, 110, 5, 3, '2022-09-02 06:00:00', 0, '2022-09-02 10:00:00', 1020),
(4095, 110, 6, 1, '2022-09-02 06:00:00', 0, '2022-09-02 10:00:00', 1020),
(4096, 110, 7, 1, '2022-09-02 06:00:00', 0, '2022-09-02 10:00:00', 1020),
(4097, 110, 1, 1, '2022-09-02 10:00:00', 0, '2022-09-02 14:00:00', 1021),
(4098, 110, 2, 2, '2022-09-02 10:00:00', 0, '2022-09-02 14:00:00', 1021),
(4099, 110, 3, 2, '2022-09-02 10:00:00', 0, '2022-09-02 14:00:00', 1021),
(4100, 110, 4, 1, '2022-09-02 10:00:00', 0, '2022-09-02 14:00:00', 1021),
(4101, 110, 5, 3, '2022-09-02 10:00:00', 0, '2022-09-02 14:00:00', 1021),
(4102, 110, 6, 1, '2022-09-02 10:00:00', 0, '2022-09-02 14:00:00', 1021),
(4103, 110, 7, 1, '2022-09-02 10:00:00', 0, '2022-09-02 14:00:00', 1021),
(4104, 110, 1, 1, '2022-09-02 14:00:00', 0, '2022-09-02 18:00:00', 1022),
(4105, 110, 2, 2, '2022-09-02 14:00:00', 0, '2022-09-02 18:00:00', 1022),
(4106, 110, 3, 2, '2022-09-02 14:00:00', 0, '2022-09-02 18:00:00', 1022),
(4107, 110, 4, 1, '2022-09-02 14:00:00', 0, '2022-09-02 18:00:00', 1022),
(4108, 110, 5, 3, '2022-09-02 14:00:00', 0, '2022-09-02 18:00:00', 1022),
(4109, 110, 6, 1, '2022-09-02 14:00:00', 0, '2022-09-02 18:00:00', 1022),
(4110, 110, 7, 1, '2022-09-02 14:00:00', 0, '2022-09-02 18:00:00', 1022),
(4111, 110, 1, 1, '2022-09-02 18:00:00', 0, '2022-09-02 22:00:00', 1023),
(4112, 110, 2, 2, '2022-09-02 18:00:00', 0, '2022-09-02 22:00:00', 1023),
(4113, 110, 3, 2, '2022-09-02 18:00:00', 0, '2022-09-02 22:00:00', 1023),
(4114, 110, 4, 1, '2022-09-02 18:00:00', 0, '2022-09-02 22:00:00', 1023),
(4115, 110, 5, 3, '2022-09-02 18:00:00', 0, '2022-09-02 22:00:00', 1023),
(4116, 110, 6, 1, '2022-09-02 18:00:00', 0, '2022-09-02 22:00:00', 1023),
(4117, 110, 7, 1, '2022-09-02 18:00:00', 0, '2022-09-02 22:00:00', 1023),
(4118, 110, 1, 1, '2022-09-02 22:00:00', 0, '2022-09-03 06:00:00', 1024),
(4119, 110, 2, 2, '2022-09-02 22:00:00', 0, '2022-09-03 06:00:00', 1024),
(4120, 110, 3, 2, '2022-09-02 22:00:00', 0, '2022-09-03 06:00:00', 1024),
(4121, 110, 4, 1, '2022-09-02 22:00:00', 0, '2022-09-03 06:00:00', 1024),
(4122, 110, 5, 3, '2022-09-02 22:00:00', 0, '2022-09-03 06:00:00', 1024),
(4123, 110, 6, 1, '2022-09-02 22:00:00', 0, '2022-09-03 06:00:00', 1024),
(4124, 110, 7, 1, '2022-09-02 22:00:00', 0, '2022-09-03 06:00:00', 1024),
(4125, 110, 1, 1, '2022-09-03 06:00:00', 0, '2022-09-03 10:00:00', 1025),
(4126, 110, 2, 2, '2022-09-03 06:00:00', 0, '2022-09-03 10:00:00', 1025),
(4127, 110, 3, 2, '2022-09-03 06:00:00', 0, '2022-09-03 10:00:00', 1025),
(4128, 110, 4, 1, '2022-09-03 06:00:00', 0, '2022-09-03 10:00:00', 1025),
(4129, 110, 5, 3, '2022-09-03 06:00:00', 0, '2022-09-03 10:00:00', 1025),
(4130, 110, 6, 1, '2022-09-03 06:00:00', 0, '2022-09-03 10:00:00', 1025),
(4131, 110, 7, 1, '2022-09-03 06:00:00', 0, '2022-09-03 10:00:00', 1025),
(4132, 110, 1, 1, '2022-09-03 10:00:00', 0, '2022-09-03 14:00:00', 1026),
(4133, 110, 2, 2, '2022-09-03 10:00:00', 0, '2022-09-03 14:00:00', 1026),
(4134, 110, 3, 2, '2022-09-03 10:00:00', 0, '2022-09-03 14:00:00', 1026),
(4135, 110, 4, 1, '2022-09-03 10:00:00', 0, '2022-09-03 14:00:00', 1026),
(4136, 110, 5, 3, '2022-09-03 10:00:00', 0, '2022-09-03 14:00:00', 1026),
(4137, 110, 6, 1, '2022-09-03 10:00:00', 0, '2022-09-03 14:00:00', 1026),
(4138, 110, 7, 1, '2022-09-03 10:00:00', 0, '2022-09-03 14:00:00', 1026),
(4139, 110, 1, 1, '2022-09-03 14:00:00', 0, '2022-09-03 18:00:00', 1027),
(4140, 110, 2, 2, '2022-09-03 14:00:00', 0, '2022-09-03 18:00:00', 1027),
(4141, 110, 3, 2, '2022-09-03 14:00:00', 0, '2022-09-03 18:00:00', 1027),
(4142, 110, 4, 1, '2022-09-03 14:00:00', 0, '2022-09-03 18:00:00', 1027),
(4143, 110, 5, 3, '2022-09-03 14:00:00', 0, '2022-09-03 18:00:00', 1027),
(4144, 110, 6, 1, '2022-09-03 14:00:00', 0, '2022-09-03 18:00:00', 1027),
(4145, 110, 7, 1, '2022-09-03 14:00:00', 0, '2022-09-03 18:00:00', 1027),
(4146, 110, 1, 1, '2022-09-03 18:00:00', 0, '2022-09-03 22:00:00', 1028),
(4147, 110, 2, 2, '2022-09-03 18:00:00', 0, '2022-09-03 22:00:00', 1028),
(4148, 110, 3, 2, '2022-09-03 18:00:00', 0, '2022-09-03 22:00:00', 1028),
(4149, 110, 4, 1, '2022-09-03 18:00:00', 0, '2022-09-03 22:00:00', 1028),
(4150, 110, 5, 3, '2022-09-03 18:00:00', 0, '2022-09-03 22:00:00', 1028),
(4151, 110, 6, 1, '2022-09-03 18:00:00', 0, '2022-09-03 22:00:00', 1028),
(4152, 110, 7, 1, '2022-09-03 18:00:00', 0, '2022-09-03 22:00:00', 1028),
(4153, 110, 1, 1, '2022-09-03 22:00:00', 0, '2022-09-04 06:00:00', 1029),
(4154, 110, 2, 2, '2022-09-03 22:00:00', 0, '2022-09-04 06:00:00', 1029),
(4155, 110, 3, 2, '2022-09-03 22:00:00', 0, '2022-09-04 06:00:00', 1029),
(4156, 110, 4, 1, '2022-09-03 22:00:00', 0, '2022-09-04 06:00:00', 1029),
(4157, 110, 5, 3, '2022-09-03 22:00:00', 0, '2022-09-04 06:00:00', 1029),
(4158, 110, 6, 1, '2022-09-03 22:00:00', 0, '2022-09-04 06:00:00', 1029),
(4159, 110, 7, 1, '2022-09-03 22:00:00', 0, '2022-09-04 06:00:00', 1029),
(4160, 110, 1, 1, '2022-09-04 06:00:00', 0, '2022-09-04 10:00:00', 1030),
(4161, 110, 2, 2, '2022-09-04 06:00:00', 0, '2022-09-04 10:00:00', 1030),
(4162, 110, 3, 2, '2022-09-04 06:00:00', 0, '2022-09-04 10:00:00', 1030),
(4163, 110, 4, 1, '2022-09-04 06:00:00', 0, '2022-09-04 10:00:00', 1030),
(4164, 110, 5, 3, '2022-09-04 06:00:00', 0, '2022-09-04 10:00:00', 1030),
(4165, 110, 6, 1, '2022-09-04 06:00:00', 0, '2022-09-04 10:00:00', 1030),
(4166, 110, 7, 1, '2022-09-04 06:00:00', 0, '2022-09-04 10:00:00', 1030),
(4167, 110, 1, 1, '2022-09-04 10:00:00', 0, '2022-09-04 14:00:00', 1031),
(4168, 110, 2, 2, '2022-09-04 10:00:00', 0, '2022-09-04 14:00:00', 1031),
(4169, 110, 3, 2, '2022-09-04 10:00:00', 0, '2022-09-04 14:00:00', 1031),
(4170, 110, 4, 1, '2022-09-04 10:00:00', 0, '2022-09-04 14:00:00', 1031),
(4171, 110, 5, 3, '2022-09-04 10:00:00', 0, '2022-09-04 14:00:00', 1031),
(4172, 110, 6, 1, '2022-09-04 10:00:00', 0, '2022-09-04 14:00:00', 1031),
(4173, 110, 7, 1, '2022-09-04 10:00:00', 0, '2022-09-04 14:00:00', 1031),
(4174, 110, 1, 1, '2022-09-04 14:00:00', 0, '2022-09-04 18:00:00', 1032),
(4175, 110, 2, 2, '2022-09-04 14:00:00', 0, '2022-09-04 18:00:00', 1032),
(4176, 110, 3, 2, '2022-09-04 14:00:00', 0, '2022-09-04 18:00:00', 1032),
(4177, 110, 4, 1, '2022-09-04 14:00:00', 0, '2022-09-04 18:00:00', 1032),
(4178, 110, 5, 3, '2022-09-04 14:00:00', 0, '2022-09-04 18:00:00', 1032),
(4179, 110, 6, 1, '2022-09-04 14:00:00', 0, '2022-09-04 18:00:00', 1032),
(4180, 110, 7, 1, '2022-09-04 14:00:00', 0, '2022-09-04 18:00:00', 1032),
(4181, 110, 1, 1, '2022-09-04 18:00:00', 0, '2022-09-04 22:00:00', 1033),
(4182, 110, 2, 2, '2022-09-04 18:00:00', 0, '2022-09-04 22:00:00', 1033),
(4183, 110, 3, 2, '2022-09-04 18:00:00', 0, '2022-09-04 22:00:00', 1033),
(4184, 110, 4, 1, '2022-09-04 18:00:00', 0, '2022-09-04 22:00:00', 1033),
(4185, 110, 5, 3, '2022-09-04 18:00:00', 0, '2022-09-04 22:00:00', 1033),
(4186, 110, 6, 1, '2022-09-04 18:00:00', 0, '2022-09-04 22:00:00', 1033),
(4187, 110, 7, 1, '2022-09-04 18:00:00', 0, '2022-09-04 22:00:00', 1033),
(4188, 110, 1, 1, '2022-09-04 22:00:00', 0, '2022-09-05 06:00:00', 1034),
(4189, 110, 2, 2, '2022-09-04 22:00:00', 0, '2022-09-05 06:00:00', 1034),
(4190, 110, 3, 2, '2022-09-04 22:00:00', 0, '2022-09-05 06:00:00', 1034),
(4191, 110, 4, 1, '2022-09-04 22:00:00', 0, '2022-09-05 06:00:00', 1034),
(4192, 110, 5, 3, '2022-09-04 22:00:00', 0, '2022-09-05 06:00:00', 1034),
(4193, 110, 6, 1, '2022-09-04 22:00:00', 0, '2022-09-05 06:00:00', 1034),
(4194, 110, 7, 1, '2022-09-04 22:00:00', 0, '2022-09-05 06:00:00', 1034),
(4195, 111, 1, 1, '2022-06-27 06:00:00', 0, '2022-06-27 10:00:00', 100),
(4196, 111, 3, 2, '2022-06-27 06:00:00', 0, '2022-06-27 10:00:00', 100),
(4197, 111, 4, 1, '2022-06-27 06:00:00', 0, '2022-06-27 10:00:00', 100),
(4198, 111, 5, 1, '2022-06-27 06:00:00', 0, '2022-06-27 10:00:00', 100),
(4199, 111, 6, 1, '2022-06-27 06:00:00', 0, '2022-06-27 10:00:00', 100),
(4200, 111, 7, 1, '2022-06-27 06:00:00', 0, '2022-06-27 10:00:00', 100),
(4201, 111, 1, 1, '2022-06-27 10:00:00', 0, '2022-06-27 14:00:00', 101),
(4202, 111, 3, 2, '2022-06-27 10:00:00', 0, '2022-06-27 14:00:00', 101),
(4203, 111, 4, 1, '2022-06-27 10:00:00', 0, '2022-06-27 14:00:00', 101),
(4204, 111, 5, 1, '2022-06-27 10:00:00', 0, '2022-06-27 14:00:00', 101),
(4205, 111, 6, 1, '2022-06-27 10:00:00', 0, '2022-06-27 14:00:00', 101),
(4206, 111, 7, 1, '2022-06-27 10:00:00', 0, '2022-06-27 14:00:00', 101),
(4207, 111, 1, 1, '2022-06-27 14:00:00', 0, '2022-06-27 18:00:00', 102),
(4208, 111, 3, 2, '2022-06-27 14:00:00', 0, '2022-06-27 18:00:00', 102),
(4209, 111, 4, 1, '2022-06-27 14:00:00', 0, '2022-06-27 18:00:00', 102),
(4210, 111, 5, 1, '2022-06-27 14:00:00', 0, '2022-06-27 18:00:00', 102),
(4211, 111, 6, 1, '2022-06-27 14:00:00', 0, '2022-06-27 18:00:00', 102),
(4212, 111, 7, 1, '2022-06-27 14:00:00', 0, '2022-06-27 18:00:00', 102),
(4213, 111, 1, 1, '2022-06-27 18:00:00', 0, '2022-06-27 22:00:00', 103),
(4214, 111, 3, 2, '2022-06-27 18:00:00', 0, '2022-06-27 22:00:00', 103),
(4215, 111, 4, 1, '2022-06-27 18:00:00', 0, '2022-06-27 22:00:00', 103),
(4216, 111, 5, 1, '2022-06-27 18:00:00', 0, '2022-06-27 22:00:00', 103),
(4217, 111, 6, 1, '2022-06-27 18:00:00', 0, '2022-06-27 22:00:00', 103),
(4218, 111, 7, 1, '2022-06-27 18:00:00', 0, '2022-06-27 22:00:00', 103),
(4219, 111, 1, 1, '2022-06-27 22:00:00', 0, '2022-06-28 06:00:00', 104),
(4220, 111, 3, 2, '2022-06-27 22:00:00', 0, '2022-06-28 06:00:00', 104),
(4221, 111, 4, 1, '2022-06-27 22:00:00', 0, '2022-06-28 06:00:00', 104),
(4222, 111, 5, 1, '2022-06-27 22:00:00', 0, '2022-06-28 06:00:00', 104),
(4223, 111, 6, 1, '2022-06-27 22:00:00', 0, '2022-06-28 06:00:00', 104),
(4224, 111, 7, 1, '2022-06-27 22:00:00', 0, '2022-06-28 06:00:00', 104),
(4225, 111, 1, 1, '2022-06-28 06:00:00', 0, '2022-06-28 10:00:00', 105),
(4226, 111, 3, 2, '2022-06-28 06:00:00', 0, '2022-06-28 10:00:00', 105),
(4227, 111, 4, 1, '2022-06-28 06:00:00', 0, '2022-06-28 10:00:00', 105),
(4228, 111, 5, 1, '2022-06-28 06:00:00', 0, '2022-06-28 10:00:00', 105),
(4229, 111, 6, 1, '2022-06-28 06:00:00', 0, '2022-06-28 10:00:00', 105),
(4230, 111, 7, 1, '2022-06-28 06:00:00', 0, '2022-06-28 10:00:00', 105),
(4231, 111, 1, 1, '2022-06-28 10:00:00', 0, '2022-06-28 14:00:00', 106),
(4232, 111, 3, 2, '2022-06-28 10:00:00', 0, '2022-06-28 14:00:00', 106),
(4233, 111, 4, 1, '2022-06-28 10:00:00', 0, '2022-06-28 14:00:00', 106),
(4234, 111, 5, 1, '2022-06-28 10:00:00', 0, '2022-06-28 14:00:00', 106),
(4235, 111, 6, 1, '2022-06-28 10:00:00', 0, '2022-06-28 14:00:00', 106),
(4236, 111, 7, 1, '2022-06-28 10:00:00', 0, '2022-06-28 14:00:00', 106),
(4237, 111, 1, 1, '2022-06-28 14:00:00', 0, '2022-06-28 18:00:00', 107),
(4238, 111, 3, 2, '2022-06-28 14:00:00', 0, '2022-06-28 18:00:00', 107),
(4239, 111, 4, 1, '2022-06-28 14:00:00', 0, '2022-06-28 18:00:00', 107),
(4240, 111, 5, 1, '2022-06-28 14:00:00', 0, '2022-06-28 18:00:00', 107),
(4241, 111, 6, 1, '2022-06-28 14:00:00', 0, '2022-06-28 18:00:00', 107),
(4242, 111, 7, 1, '2022-06-28 14:00:00', 0, '2022-06-28 18:00:00', 107),
(4243, 111, 1, 1, '2022-06-28 18:00:00', 0, '2022-06-28 22:00:00', 108),
(4244, 111, 3, 2, '2022-06-28 18:00:00', 0, '2022-06-28 22:00:00', 108),
(4245, 111, 4, 1, '2022-06-28 18:00:00', 0, '2022-06-28 22:00:00', 108),
(4246, 111, 5, 1, '2022-06-28 18:00:00', 0, '2022-06-28 22:00:00', 108),
(4247, 111, 6, 1, '2022-06-28 18:00:00', 0, '2022-06-28 22:00:00', 108),
(4248, 111, 7, 1, '2022-06-28 18:00:00', 0, '2022-06-28 22:00:00', 108),
(4249, 111, 1, 1, '2022-06-28 22:00:00', 0, '2022-06-29 06:00:00', 109),
(4250, 111, 3, 2, '2022-06-28 22:00:00', 0, '2022-06-29 06:00:00', 109),
(4251, 111, 4, 1, '2022-06-28 22:00:00', 0, '2022-06-29 06:00:00', 109),
(4252, 111, 5, 1, '2022-06-28 22:00:00', 0, '2022-06-29 06:00:00', 109),
(4253, 111, 6, 1, '2022-06-28 22:00:00', 0, '2022-06-29 06:00:00', 109),
(4254, 111, 7, 1, '2022-06-28 22:00:00', 0, '2022-06-29 06:00:00', 109),
(4255, 111, 1, 1, '2022-06-29 06:00:00', 0, '2022-06-29 10:00:00', 1010),
(4256, 111, 3, 2, '2022-06-29 06:00:00', 0, '2022-06-29 10:00:00', 1010),
(4257, 111, 4, 1, '2022-06-29 06:00:00', 0, '2022-06-29 10:00:00', 1010),
(4258, 111, 5, 1, '2022-06-29 06:00:00', 0, '2022-06-29 10:00:00', 1010),
(4259, 111, 6, 1, '2022-06-29 06:00:00', 0, '2022-06-29 10:00:00', 1010),
(4260, 111, 7, 1, '2022-06-29 06:00:00', 0, '2022-06-29 10:00:00', 1010),
(4261, 111, 1, 1, '2022-06-29 10:00:00', 0, '2022-06-29 14:00:00', 1011),
(4262, 111, 3, 2, '2022-06-29 10:00:00', 0, '2022-06-29 14:00:00', 1011),
(4263, 111, 4, 1, '2022-06-29 10:00:00', 0, '2022-06-29 14:00:00', 1011),
(4264, 111, 5, 1, '2022-06-29 10:00:00', 0, '2022-06-29 14:00:00', 1011),
(4265, 111, 6, 1, '2022-06-29 10:00:00', 0, '2022-06-29 14:00:00', 1011),
(4266, 111, 7, 1, '2022-06-29 10:00:00', 0, '2022-06-29 14:00:00', 1011),
(4267, 111, 1, 1, '2022-06-29 14:00:00', 0, '2022-06-29 18:00:00', 1012),
(4268, 111, 3, 2, '2022-06-29 14:00:00', 0, '2022-06-29 18:00:00', 1012),
(4269, 111, 4, 1, '2022-06-29 14:00:00', 0, '2022-06-29 18:00:00', 1012),
(4270, 111, 5, 1, '2022-06-29 14:00:00', 0, '2022-06-29 18:00:00', 1012),
(4271, 111, 6, 1, '2022-06-29 14:00:00', 0, '2022-06-29 18:00:00', 1012),
(4272, 111, 7, 1, '2022-06-29 14:00:00', 0, '2022-06-29 18:00:00', 1012),
(4273, 111, 1, 1, '2022-06-29 18:00:00', 0, '2022-06-29 22:00:00', 1013),
(4274, 111, 3, 2, '2022-06-29 18:00:00', 0, '2022-06-29 22:00:00', 1013),
(4275, 111, 4, 1, '2022-06-29 18:00:00', 0, '2022-06-29 22:00:00', 1013),
(4276, 111, 5, 1, '2022-06-29 18:00:00', 0, '2022-06-29 22:00:00', 1013),
(4277, 111, 6, 1, '2022-06-29 18:00:00', 0, '2022-06-29 22:00:00', 1013),
(4278, 111, 7, 1, '2022-06-29 18:00:00', 0, '2022-06-29 22:00:00', 1013),
(4279, 111, 1, 1, '2022-06-29 22:00:00', 0, '2022-06-30 06:00:00', 1014),
(4280, 111, 3, 2, '2022-06-29 22:00:00', 0, '2022-06-30 06:00:00', 1014),
(4281, 111, 4, 1, '2022-06-29 22:00:00', 0, '2022-06-30 06:00:00', 1014),
(4282, 111, 5, 1, '2022-06-29 22:00:00', 0, '2022-06-30 06:00:00', 1014),
(4283, 111, 6, 1, '2022-06-29 22:00:00', 0, '2022-06-30 06:00:00', 1014),
(4284, 111, 7, 1, '2022-06-29 22:00:00', 0, '2022-06-30 06:00:00', 1014),
(4285, 111, 1, 1, '2022-06-30 06:00:00', 0, '2022-06-30 10:00:00', 1015),
(4286, 111, 3, 2, '2022-06-30 06:00:00', 0, '2022-06-30 10:00:00', 1015),
(4287, 111, 4, 1, '2022-06-30 06:00:00', 0, '2022-06-30 10:00:00', 1015),
(4288, 111, 5, 1, '2022-06-30 06:00:00', 0, '2022-06-30 10:00:00', 1015),
(4289, 111, 6, 1, '2022-06-30 06:00:00', 0, '2022-06-30 10:00:00', 1015),
(4290, 111, 7, 1, '2022-06-30 06:00:00', 0, '2022-06-30 10:00:00', 1015),
(4291, 111, 1, 1, '2022-06-30 10:00:00', 0, '2022-06-30 14:00:00', 1016),
(4292, 111, 3, 2, '2022-06-30 10:00:00', 0, '2022-06-30 14:00:00', 1016),
(4293, 111, 4, 1, '2022-06-30 10:00:00', 0, '2022-06-30 14:00:00', 1016),
(4294, 111, 5, 1, '2022-06-30 10:00:00', 0, '2022-06-30 14:00:00', 1016),
(4295, 111, 6, 1, '2022-06-30 10:00:00', 0, '2022-06-30 14:00:00', 1016),
(4296, 111, 7, 1, '2022-06-30 10:00:00', 0, '2022-06-30 14:00:00', 1016),
(4297, 111, 1, 1, '2022-06-30 14:00:00', 0, '2022-06-30 18:00:00', 1017),
(4298, 111, 3, 2, '2022-06-30 14:00:00', 0, '2022-06-30 18:00:00', 1017),
(4299, 111, 4, 1, '2022-06-30 14:00:00', 0, '2022-06-30 18:00:00', 1017),
(4300, 111, 5, 1, '2022-06-30 14:00:00', 0, '2022-06-30 18:00:00', 1017),
(4301, 111, 6, 1, '2022-06-30 14:00:00', 0, '2022-06-30 18:00:00', 1017),
(4302, 111, 7, 1, '2022-06-30 14:00:00', 0, '2022-06-30 18:00:00', 1017),
(4303, 111, 1, 1, '2022-06-30 18:00:00', 0, '2022-06-30 22:00:00', 1018),
(4304, 111, 3, 2, '2022-06-30 18:00:00', 0, '2022-06-30 22:00:00', 1018),
(4305, 111, 4, 1, '2022-06-30 18:00:00', 0, '2022-06-30 22:00:00', 1018),
(4306, 111, 5, 1, '2022-06-30 18:00:00', 0, '2022-06-30 22:00:00', 1018),
(4307, 111, 6, 1, '2022-06-30 18:00:00', 0, '2022-06-30 22:00:00', 1018),
(4308, 111, 7, 1, '2022-06-30 18:00:00', 0, '2022-06-30 22:00:00', 1018),
(4309, 111, 1, 1, '2022-06-30 22:00:00', 0, '2022-07-01 06:00:00', 1019),
(4310, 111, 3, 2, '2022-06-30 22:00:00', 0, '2022-07-01 06:00:00', 1019),
(4311, 111, 4, 1, '2022-06-30 22:00:00', 0, '2022-07-01 06:00:00', 1019),
(4312, 111, 5, 1, '2022-06-30 22:00:00', 0, '2022-07-01 06:00:00', 1019),
(4313, 111, 6, 1, '2022-06-30 22:00:00', 0, '2022-07-01 06:00:00', 1019),
(4314, 111, 7, 1, '2022-06-30 22:00:00', 0, '2022-07-01 06:00:00', 1019),
(4315, 111, 1, 1, '2022-07-01 06:00:00', 0, '2022-07-01 10:00:00', 1020),
(4316, 111, 3, 2, '2022-07-01 06:00:00', 0, '2022-07-01 10:00:00', 1020),
(4317, 111, 4, 1, '2022-07-01 06:00:00', 0, '2022-07-01 10:00:00', 1020),
(4318, 111, 5, 1, '2022-07-01 06:00:00', 0, '2022-07-01 10:00:00', 1020),
(4319, 111, 6, 1, '2022-07-01 06:00:00', 0, '2022-07-01 10:00:00', 1020),
(4320, 111, 7, 1, '2022-07-01 06:00:00', 0, '2022-07-01 10:00:00', 1020),
(4321, 111, 1, 1, '2022-07-01 10:00:00', 0, '2022-07-01 14:00:00', 1021),
(4322, 111, 3, 2, '2022-07-01 10:00:00', 0, '2022-07-01 14:00:00', 1021),
(4323, 111, 4, 1, '2022-07-01 10:00:00', 0, '2022-07-01 14:00:00', 1021),
(4324, 111, 5, 1, '2022-07-01 10:00:00', 0, '2022-07-01 14:00:00', 1021),
(4325, 111, 6, 1, '2022-07-01 10:00:00', 0, '2022-07-01 14:00:00', 1021),
(4326, 111, 7, 1, '2022-07-01 10:00:00', 0, '2022-07-01 14:00:00', 1021),
(4327, 111, 1, 1, '2022-07-01 14:00:00', 0, '2022-07-01 18:00:00', 1022),
(4328, 111, 3, 2, '2022-07-01 14:00:00', 0, '2022-07-01 18:00:00', 1022),
(4329, 111, 4, 1, '2022-07-01 14:00:00', 0, '2022-07-01 18:00:00', 1022),
(4330, 111, 5, 1, '2022-07-01 14:00:00', 0, '2022-07-01 18:00:00', 1022),
(4331, 111, 6, 1, '2022-07-01 14:00:00', 0, '2022-07-01 18:00:00', 1022),
(4332, 111, 7, 1, '2022-07-01 14:00:00', 0, '2022-07-01 18:00:00', 1022),
(4333, 111, 1, 1, '2022-07-01 18:00:00', 0, '2022-07-01 22:00:00', 1023),
(4334, 111, 3, 2, '2022-07-01 18:00:00', 0, '2022-07-01 22:00:00', 1023),
(4335, 111, 4, 1, '2022-07-01 18:00:00', 0, '2022-07-01 22:00:00', 1023),
(4336, 111, 5, 1, '2022-07-01 18:00:00', 0, '2022-07-01 22:00:00', 1023),
(4337, 111, 6, 1, '2022-07-01 18:00:00', 0, '2022-07-01 22:00:00', 1023),
(4338, 111, 7, 1, '2022-07-01 18:00:00', 0, '2022-07-01 22:00:00', 1023),
(4339, 111, 1, 1, '2022-07-01 22:00:00', 0, '2022-07-02 06:00:00', 1024),
(4340, 111, 3, 2, '2022-07-01 22:00:00', 0, '2022-07-02 06:00:00', 1024),
(4341, 111, 4, 1, '2022-07-01 22:00:00', 0, '2022-07-02 06:00:00', 1024),
(4342, 111, 5, 1, '2022-07-01 22:00:00', 0, '2022-07-02 06:00:00', 1024),
(4343, 111, 6, 1, '2022-07-01 22:00:00', 0, '2022-07-02 06:00:00', 1024),
(4344, 111, 7, 1, '2022-07-01 22:00:00', 0, '2022-07-02 06:00:00', 1024),
(4345, 111, 1, 1, '2022-07-02 06:00:00', 0, '2022-07-02 10:00:00', 1025),
(4346, 111, 3, 2, '2022-07-02 06:00:00', 0, '2022-07-02 10:00:00', 1025),
(4347, 111, 4, 1, '2022-07-02 06:00:00', 0, '2022-07-02 10:00:00', 1025),
(4348, 111, 5, 1, '2022-07-02 06:00:00', 0, '2022-07-02 10:00:00', 1025),
(4349, 111, 6, 1, '2022-07-02 06:00:00', 0, '2022-07-02 10:00:00', 1025),
(4350, 111, 7, 1, '2022-07-02 06:00:00', 0, '2022-07-02 10:00:00', 1025),
(4351, 111, 1, 1, '2022-07-02 10:00:00', 0, '2022-07-02 14:00:00', 1026),
(4352, 111, 3, 2, '2022-07-02 10:00:00', 0, '2022-07-02 14:00:00', 1026),
(4353, 111, 4, 1, '2022-07-02 10:00:00', 0, '2022-07-02 14:00:00', 1026),
(4354, 111, 5, 1, '2022-07-02 10:00:00', 0, '2022-07-02 14:00:00', 1026),
(4355, 111, 6, 1, '2022-07-02 10:00:00', 0, '2022-07-02 14:00:00', 1026),
(4356, 111, 7, 1, '2022-07-02 10:00:00', 0, '2022-07-02 14:00:00', 1026),
(4357, 111, 1, 1, '2022-07-02 14:00:00', 0, '2022-07-02 18:00:00', 1027),
(4358, 111, 3, 2, '2022-07-02 14:00:00', 0, '2022-07-02 18:00:00', 1027),
(4359, 111, 4, 1, '2022-07-02 14:00:00', 0, '2022-07-02 18:00:00', 1027);
INSERT INTO `shift` (`Id`, `Id_Timeline`, `Id_Position`, `Number`, `Time_start`, `Is_OT`, `Time_end`, `Shift_code`) VALUES
(4360, 111, 5, 1, '2022-07-02 14:00:00', 0, '2022-07-02 18:00:00', 1027),
(4361, 111, 6, 1, '2022-07-02 14:00:00', 0, '2022-07-02 18:00:00', 1027),
(4362, 111, 7, 1, '2022-07-02 14:00:00', 0, '2022-07-02 18:00:00', 1027),
(4363, 111, 1, 1, '2022-07-02 18:00:00', 0, '2022-07-02 22:00:00', 1028),
(4364, 111, 3, 2, '2022-07-02 18:00:00', 0, '2022-07-02 22:00:00', 1028),
(4365, 111, 4, 1, '2022-07-02 18:00:00', 0, '2022-07-02 22:00:00', 1028),
(4366, 111, 5, 1, '2022-07-02 18:00:00', 0, '2022-07-02 22:00:00', 1028),
(4367, 111, 6, 1, '2022-07-02 18:00:00', 0, '2022-07-02 22:00:00', 1028),
(4368, 111, 7, 1, '2022-07-02 18:00:00', 0, '2022-07-02 22:00:00', 1028),
(4369, 111, 1, 1, '2022-07-02 22:00:00', 0, '2022-07-03 06:00:00', 1029),
(4370, 111, 3, 2, '2022-07-02 22:00:00', 0, '2022-07-03 06:00:00', 1029),
(4371, 111, 4, 1, '2022-07-02 22:00:00', 0, '2022-07-03 06:00:00', 1029),
(4372, 111, 5, 1, '2022-07-02 22:00:00', 0, '2022-07-03 06:00:00', 1029),
(4373, 111, 6, 1, '2022-07-02 22:00:00', 0, '2022-07-03 06:00:00', 1029),
(4374, 111, 7, 1, '2022-07-02 22:00:00', 0, '2022-07-03 06:00:00', 1029),
(4375, 111, 1, 1, '2022-07-03 06:00:00', 0, '2022-07-03 10:00:00', 1030),
(4376, 111, 3, 2, '2022-07-03 06:00:00', 0, '2022-07-03 10:00:00', 1030),
(4377, 111, 4, 1, '2022-07-03 06:00:00', 0, '2022-07-03 10:00:00', 1030),
(4378, 111, 5, 1, '2022-07-03 06:00:00', 0, '2022-07-03 10:00:00', 1030),
(4379, 111, 6, 1, '2022-07-03 06:00:00', 0, '2022-07-03 10:00:00', 1030),
(4380, 111, 7, 1, '2022-07-03 06:00:00', 0, '2022-07-03 10:00:00', 1030),
(4381, 111, 1, 1, '2022-07-03 10:00:00', 0, '2022-07-03 14:00:00', 1031),
(4382, 111, 3, 2, '2022-07-03 10:00:00', 0, '2022-07-03 14:00:00', 1031),
(4383, 111, 4, 1, '2022-07-03 10:00:00', 0, '2022-07-03 14:00:00', 1031),
(4384, 111, 5, 1, '2022-07-03 10:00:00', 0, '2022-07-03 14:00:00', 1031),
(4385, 111, 6, 1, '2022-07-03 10:00:00', 0, '2022-07-03 14:00:00', 1031),
(4386, 111, 7, 1, '2022-07-03 10:00:00', 0, '2022-07-03 14:00:00', 1031),
(4387, 111, 1, 1, '2022-07-03 14:00:00', 0, '2022-07-03 18:00:00', 1032),
(4388, 111, 3, 2, '2022-07-03 14:00:00', 0, '2022-07-03 18:00:00', 1032),
(4389, 111, 4, 1, '2022-07-03 14:00:00', 0, '2022-07-03 18:00:00', 1032),
(4390, 111, 5, 1, '2022-07-03 14:00:00', 0, '2022-07-03 18:00:00', 1032),
(4391, 111, 6, 1, '2022-07-03 14:00:00', 0, '2022-07-03 18:00:00', 1032),
(4392, 111, 7, 1, '2022-07-03 14:00:00', 0, '2022-07-03 18:00:00', 1032),
(4393, 111, 1, 1, '2022-07-03 18:00:00', 0, '2022-07-03 22:00:00', 1033),
(4394, 111, 3, 2, '2022-07-03 18:00:00', 0, '2022-07-03 22:00:00', 1033),
(4395, 111, 4, 1, '2022-07-03 18:00:00', 0, '2022-07-03 22:00:00', 1033),
(4396, 111, 5, 1, '2022-07-03 18:00:00', 0, '2022-07-03 22:00:00', 1033),
(4397, 111, 6, 1, '2022-07-03 18:00:00', 0, '2022-07-03 22:00:00', 1033),
(4398, 111, 7, 1, '2022-07-03 18:00:00', 0, '2022-07-03 22:00:00', 1033),
(4399, 111, 1, 1, '2022-07-03 22:00:00', 0, '2022-07-04 06:00:00', 1034),
(4400, 111, 3, 2, '2022-07-03 22:00:00', 0, '2022-07-04 06:00:00', 1034),
(4401, 111, 4, 1, '2022-07-03 22:00:00', 0, '2022-07-04 06:00:00', 1034),
(4402, 111, 5, 1, '2022-07-03 22:00:00', 0, '2022-07-04 06:00:00', 1034),
(4403, 111, 6, 1, '2022-07-03 22:00:00', 0, '2022-07-04 06:00:00', 1034),
(4404, 111, 7, 1, '2022-07-03 22:00:00', 0, '2022-07-04 06:00:00', 1034),
(4405, 112, 1, 1, '2022-07-04 06:00:00', 0, '2022-07-04 10:00:00', 100),
(4406, 112, 2, 2, '2022-07-04 06:00:00', 0, '2022-07-04 10:00:00', 100),
(4407, 112, 3, 1, '2022-07-04 06:00:00', 0, '2022-07-04 10:00:00', 100),
(4408, 112, 4, 1, '2022-07-04 06:00:00', 0, '2022-07-04 10:00:00', 100),
(4409, 112, 5, 1, '2022-07-04 06:00:00', 0, '2022-07-04 10:00:00', 100),
(4410, 112, 6, 2, '2022-07-04 06:00:00', 0, '2022-07-04 10:00:00', 100),
(4411, 112, 7, 2, '2022-07-04 06:00:00', 0, '2022-07-04 10:00:00', 100),
(4412, 112, 1, 1, '2022-07-04 10:00:00', 0, '2022-07-04 14:00:00', 101),
(4413, 112, 2, 2, '2022-07-04 10:00:00', 0, '2022-07-04 14:00:00', 101),
(4414, 112, 3, 1, '2022-07-04 10:00:00', 0, '2022-07-04 14:00:00', 101),
(4415, 112, 4, 1, '2022-07-04 10:00:00', 0, '2022-07-04 14:00:00', 101),
(4416, 112, 5, 1, '2022-07-04 10:00:00', 0, '2022-07-04 14:00:00', 101),
(4417, 112, 6, 2, '2022-07-04 10:00:00', 0, '2022-07-04 14:00:00', 101),
(4418, 112, 7, 2, '2022-07-04 10:00:00', 0, '2022-07-04 14:00:00', 101),
(4419, 112, 1, 1, '2022-07-04 14:00:00', 0, '2022-07-04 18:00:00', 102),
(4420, 112, 2, 2, '2022-07-04 14:00:00', 0, '2022-07-04 18:00:00', 102),
(4421, 112, 3, 1, '2022-07-04 14:00:00', 0, '2022-07-04 18:00:00', 102),
(4422, 112, 4, 1, '2022-07-04 14:00:00', 0, '2022-07-04 18:00:00', 102),
(4423, 112, 5, 1, '2022-07-04 14:00:00', 0, '2022-07-04 18:00:00', 102),
(4424, 112, 6, 2, '2022-07-04 14:00:00', 0, '2022-07-04 18:00:00', 102),
(4425, 112, 7, 2, '2022-07-04 14:00:00', 0, '2022-07-04 18:00:00', 102),
(4426, 112, 1, 1, '2022-07-04 18:00:00', 0, '2022-07-04 22:00:00', 103),
(4427, 112, 2, 2, '2022-07-04 18:00:00', 0, '2022-07-04 22:00:00', 103),
(4428, 112, 3, 1, '2022-07-04 18:00:00', 0, '2022-07-04 22:00:00', 103),
(4429, 112, 4, 1, '2022-07-04 18:00:00', 0, '2022-07-04 22:00:00', 103),
(4430, 112, 5, 1, '2022-07-04 18:00:00', 0, '2022-07-04 22:00:00', 103),
(4431, 112, 6, 2, '2022-07-04 18:00:00', 0, '2022-07-04 22:00:00', 103),
(4432, 112, 7, 2, '2022-07-04 18:00:00', 0, '2022-07-04 22:00:00', 103),
(4433, 112, 1, 1, '2022-07-04 22:00:00', 0, '2022-07-05 06:00:00', 104),
(4434, 112, 2, 2, '2022-07-04 22:00:00', 0, '2022-07-05 06:00:00', 104),
(4435, 112, 3, 1, '2022-07-04 22:00:00', 0, '2022-07-05 06:00:00', 104),
(4436, 112, 4, 1, '2022-07-04 22:00:00', 0, '2022-07-05 06:00:00', 104),
(4437, 112, 5, 1, '2022-07-04 22:00:00', 0, '2022-07-05 06:00:00', 104),
(4438, 112, 6, 2, '2022-07-04 22:00:00', 0, '2022-07-05 06:00:00', 104),
(4439, 112, 7, 2, '2022-07-04 22:00:00', 0, '2022-07-05 06:00:00', 104),
(4440, 112, 1, 1, '2022-07-05 06:00:00', 0, '2022-07-05 10:00:00', 105),
(4441, 112, 2, 2, '2022-07-05 06:00:00', 0, '2022-07-05 10:00:00', 105),
(4442, 112, 3, 1, '2022-07-05 06:00:00', 0, '2022-07-05 10:00:00', 105),
(4443, 112, 4, 1, '2022-07-05 06:00:00', 0, '2022-07-05 10:00:00', 105),
(4444, 112, 5, 1, '2022-07-05 06:00:00', 0, '2022-07-05 10:00:00', 105),
(4445, 112, 6, 2, '2022-07-05 06:00:00', 0, '2022-07-05 10:00:00', 105),
(4446, 112, 7, 2, '2022-07-05 06:00:00', 0, '2022-07-05 10:00:00', 105),
(4447, 112, 1, 1, '2022-07-05 10:00:00', 0, '2022-07-05 14:00:00', 106),
(4448, 112, 2, 2, '2022-07-05 10:00:00', 0, '2022-07-05 14:00:00', 106),
(4449, 112, 3, 1, '2022-07-05 10:00:00', 0, '2022-07-05 14:00:00', 106),
(4450, 112, 4, 1, '2022-07-05 10:00:00', 0, '2022-07-05 14:00:00', 106),
(4451, 112, 5, 1, '2022-07-05 10:00:00', 0, '2022-07-05 14:00:00', 106),
(4452, 112, 6, 2, '2022-07-05 10:00:00', 0, '2022-07-05 14:00:00', 106),
(4453, 112, 7, 2, '2022-07-05 10:00:00', 0, '2022-07-05 14:00:00', 106),
(4454, 112, 1, 1, '2022-07-05 14:00:00', 0, '2022-07-05 18:00:00', 107),
(4455, 112, 2, 2, '2022-07-05 14:00:00', 0, '2022-07-05 18:00:00', 107),
(4456, 112, 3, 1, '2022-07-05 14:00:00', 0, '2022-07-05 18:00:00', 107),
(4457, 112, 4, 1, '2022-07-05 14:00:00', 0, '2022-07-05 18:00:00', 107),
(4458, 112, 5, 1, '2022-07-05 14:00:00', 0, '2022-07-05 18:00:00', 107),
(4459, 112, 6, 2, '2022-07-05 14:00:00', 0, '2022-07-05 18:00:00', 107),
(4460, 112, 7, 2, '2022-07-05 14:00:00', 0, '2022-07-05 18:00:00', 107),
(4461, 112, 1, 1, '2022-07-05 18:00:00', 0, '2022-07-05 22:00:00', 108),
(4462, 112, 2, 2, '2022-07-05 18:00:00', 0, '2022-07-05 22:00:00', 108),
(4463, 112, 3, 1, '2022-07-05 18:00:00', 0, '2022-07-05 22:00:00', 108),
(4464, 112, 4, 1, '2022-07-05 18:00:00', 0, '2022-07-05 22:00:00', 108),
(4465, 112, 5, 1, '2022-07-05 18:00:00', 0, '2022-07-05 22:00:00', 108),
(4466, 112, 6, 2, '2022-07-05 18:00:00', 0, '2022-07-05 22:00:00', 108),
(4467, 112, 7, 2, '2022-07-05 18:00:00', 0, '2022-07-05 22:00:00', 108),
(4468, 112, 1, 1, '2022-07-05 22:00:00', 0, '2022-07-06 06:00:00', 109),
(4469, 112, 2, 2, '2022-07-05 22:00:00', 0, '2022-07-06 06:00:00', 109),
(4470, 112, 3, 1, '2022-07-05 22:00:00', 0, '2022-07-06 06:00:00', 109),
(4471, 112, 4, 1, '2022-07-05 22:00:00', 0, '2022-07-06 06:00:00', 109),
(4472, 112, 5, 1, '2022-07-05 22:00:00', 0, '2022-07-06 06:00:00', 109),
(4473, 112, 6, 2, '2022-07-05 22:00:00', 0, '2022-07-06 06:00:00', 109),
(4474, 112, 7, 2, '2022-07-05 22:00:00', 0, '2022-07-06 06:00:00', 109),
(4475, 112, 1, 1, '2022-07-06 06:00:00', 0, '2022-07-06 10:00:00', 1010),
(4476, 112, 2, 2, '2022-07-06 06:00:00', 0, '2022-07-06 10:00:00', 1010),
(4477, 112, 3, 1, '2022-07-06 06:00:00', 0, '2022-07-06 10:00:00', 1010),
(4478, 112, 4, 1, '2022-07-06 06:00:00', 0, '2022-07-06 10:00:00', 1010),
(4479, 112, 5, 1, '2022-07-06 06:00:00', 0, '2022-07-06 10:00:00', 1010),
(4480, 112, 6, 2, '2022-07-06 06:00:00', 0, '2022-07-06 10:00:00', 1010),
(4481, 112, 7, 2, '2022-07-06 06:00:00', 0, '2022-07-06 10:00:00', 1010),
(4482, 112, 1, 1, '2022-07-06 10:00:00', 0, '2022-07-06 14:00:00', 1011),
(4483, 112, 2, 2, '2022-07-06 10:00:00', 0, '2022-07-06 14:00:00', 1011),
(4484, 112, 3, 1, '2022-07-06 10:00:00', 0, '2022-07-06 14:00:00', 1011),
(4485, 112, 4, 1, '2022-07-06 10:00:00', 0, '2022-07-06 14:00:00', 1011),
(4486, 112, 5, 1, '2022-07-06 10:00:00', 0, '2022-07-06 14:00:00', 1011),
(4487, 112, 6, 2, '2022-07-06 10:00:00', 0, '2022-07-06 14:00:00', 1011),
(4488, 112, 7, 2, '2022-07-06 10:00:00', 0, '2022-07-06 14:00:00', 1011),
(4489, 112, 1, 1, '2022-07-06 14:00:00', 0, '2022-07-06 18:00:00', 1012),
(4490, 112, 2, 2, '2022-07-06 14:00:00', 0, '2022-07-06 18:00:00', 1012),
(4491, 112, 3, 1, '2022-07-06 14:00:00', 0, '2022-07-06 18:00:00', 1012),
(4492, 112, 4, 1, '2022-07-06 14:00:00', 0, '2022-07-06 18:00:00', 1012),
(4493, 112, 5, 1, '2022-07-06 14:00:00', 0, '2022-07-06 18:00:00', 1012),
(4494, 112, 6, 2, '2022-07-06 14:00:00', 0, '2022-07-06 18:00:00', 1012),
(4495, 112, 7, 2, '2022-07-06 14:00:00', 0, '2022-07-06 18:00:00', 1012),
(4496, 112, 1, 1, '2022-07-06 18:00:00', 0, '2022-07-06 22:00:00', 1013),
(4497, 112, 2, 2, '2022-07-06 18:00:00', 0, '2022-07-06 22:00:00', 1013),
(4498, 112, 3, 1, '2022-07-06 18:00:00', 0, '2022-07-06 22:00:00', 1013),
(4499, 112, 4, 1, '2022-07-06 18:00:00', 0, '2022-07-06 22:00:00', 1013),
(4500, 112, 5, 1, '2022-07-06 18:00:00', 0, '2022-07-06 22:00:00', 1013),
(4501, 112, 6, 2, '2022-07-06 18:00:00', 0, '2022-07-06 22:00:00', 1013),
(4502, 112, 7, 2, '2022-07-06 18:00:00', 0, '2022-07-06 22:00:00', 1013),
(4503, 112, 1, 1, '2022-07-06 22:00:00', 0, '2022-07-07 06:00:00', 1014),
(4504, 112, 2, 2, '2022-07-06 22:00:00', 0, '2022-07-07 06:00:00', 1014),
(4505, 112, 3, 1, '2022-07-06 22:00:00', 0, '2022-07-07 06:00:00', 1014),
(4506, 112, 4, 1, '2022-07-06 22:00:00', 0, '2022-07-07 06:00:00', 1014),
(4507, 112, 5, 1, '2022-07-06 22:00:00', 0, '2022-07-07 06:00:00', 1014),
(4508, 112, 6, 2, '2022-07-06 22:00:00', 0, '2022-07-07 06:00:00', 1014),
(4509, 112, 7, 2, '2022-07-06 22:00:00', 0, '2022-07-07 06:00:00', 1014),
(4510, 112, 1, 1, '2022-07-07 06:00:00', 0, '2022-07-07 10:00:00', 1015),
(4511, 112, 2, 2, '2022-07-07 06:00:00', 0, '2022-07-07 10:00:00', 1015),
(4512, 112, 3, 1, '2022-07-07 06:00:00', 0, '2022-07-07 10:00:00', 1015),
(4513, 112, 4, 1, '2022-07-07 06:00:00', 0, '2022-07-07 10:00:00', 1015),
(4514, 112, 5, 1, '2022-07-07 06:00:00', 0, '2022-07-07 10:00:00', 1015),
(4515, 112, 6, 2, '2022-07-07 06:00:00', 0, '2022-07-07 10:00:00', 1015),
(4516, 112, 7, 2, '2022-07-07 06:00:00', 0, '2022-07-07 10:00:00', 1015),
(4517, 112, 1, 1, '2022-07-07 10:00:00', 0, '2022-07-07 14:00:00', 1016),
(4518, 112, 2, 2, '2022-07-07 10:00:00', 0, '2022-07-07 14:00:00', 1016),
(4519, 112, 3, 1, '2022-07-07 10:00:00', 0, '2022-07-07 14:00:00', 1016),
(4520, 112, 4, 1, '2022-07-07 10:00:00', 0, '2022-07-07 14:00:00', 1016),
(4521, 112, 5, 1, '2022-07-07 10:00:00', 0, '2022-07-07 14:00:00', 1016),
(4522, 112, 6, 2, '2022-07-07 10:00:00', 0, '2022-07-07 14:00:00', 1016),
(4523, 112, 7, 2, '2022-07-07 10:00:00', 0, '2022-07-07 14:00:00', 1016),
(4524, 112, 1, 1, '2022-07-07 14:00:00', 0, '2022-07-07 18:00:00', 1017),
(4525, 112, 2, 2, '2022-07-07 14:00:00', 0, '2022-07-07 18:00:00', 1017),
(4526, 112, 3, 1, '2022-07-07 14:00:00', 0, '2022-07-07 18:00:00', 1017),
(4527, 112, 4, 1, '2022-07-07 14:00:00', 0, '2022-07-07 18:00:00', 1017),
(4528, 112, 5, 1, '2022-07-07 14:00:00', 0, '2022-07-07 18:00:00', 1017),
(4529, 112, 6, 2, '2022-07-07 14:00:00', 0, '2022-07-07 18:00:00', 1017),
(4530, 112, 7, 2, '2022-07-07 14:00:00', 0, '2022-07-07 18:00:00', 1017),
(4531, 112, 1, 1, '2022-07-07 18:00:00', 0, '2022-07-07 22:00:00', 1018),
(4532, 112, 2, 2, '2022-07-07 18:00:00', 0, '2022-07-07 22:00:00', 1018),
(4533, 112, 3, 1, '2022-07-07 18:00:00', 0, '2022-07-07 22:00:00', 1018),
(4534, 112, 4, 1, '2022-07-07 18:00:00', 0, '2022-07-07 22:00:00', 1018),
(4535, 112, 5, 1, '2022-07-07 18:00:00', 0, '2022-07-07 22:00:00', 1018),
(4536, 112, 6, 2, '2022-07-07 18:00:00', 0, '2022-07-07 22:00:00', 1018),
(4537, 112, 7, 2, '2022-07-07 18:00:00', 0, '2022-07-07 22:00:00', 1018),
(4538, 112, 1, 1, '2022-07-07 22:00:00', 0, '2022-07-08 06:00:00', 1019),
(4539, 112, 2, 2, '2022-07-07 22:00:00', 0, '2022-07-08 06:00:00', 1019),
(4540, 112, 3, 1, '2022-07-07 22:00:00', 0, '2022-07-08 06:00:00', 1019),
(4541, 112, 4, 1, '2022-07-07 22:00:00', 0, '2022-07-08 06:00:00', 1019),
(4542, 112, 5, 1, '2022-07-07 22:00:00', 0, '2022-07-08 06:00:00', 1019),
(4543, 112, 6, 2, '2022-07-07 22:00:00', 0, '2022-07-08 06:00:00', 1019),
(4544, 112, 7, 2, '2022-07-07 22:00:00', 0, '2022-07-08 06:00:00', 1019),
(4545, 112, 1, 1, '2022-07-08 06:00:00', 0, '2022-07-08 10:00:00', 1020),
(4546, 112, 2, 2, '2022-07-08 06:00:00', 0, '2022-07-08 10:00:00', 1020),
(4547, 112, 3, 1, '2022-07-08 06:00:00', 0, '2022-07-08 10:00:00', 1020),
(4548, 112, 4, 1, '2022-07-08 06:00:00', 0, '2022-07-08 10:00:00', 1020),
(4549, 112, 5, 1, '2022-07-08 06:00:00', 0, '2022-07-08 10:00:00', 1020),
(4550, 112, 6, 2, '2022-07-08 06:00:00', 0, '2022-07-08 10:00:00', 1020),
(4551, 112, 7, 2, '2022-07-08 06:00:00', 0, '2022-07-08 10:00:00', 1020),
(4552, 112, 1, 1, '2022-07-08 10:00:00', 0, '2022-07-08 14:00:00', 1021),
(4553, 112, 2, 2, '2022-07-08 10:00:00', 0, '2022-07-08 14:00:00', 1021),
(4554, 112, 3, 1, '2022-07-08 10:00:00', 0, '2022-07-08 14:00:00', 1021),
(4555, 112, 4, 1, '2022-07-08 10:00:00', 0, '2022-07-08 14:00:00', 1021),
(4556, 112, 5, 1, '2022-07-08 10:00:00', 0, '2022-07-08 14:00:00', 1021),
(4557, 112, 6, 2, '2022-07-08 10:00:00', 0, '2022-07-08 14:00:00', 1021),
(4558, 112, 7, 2, '2022-07-08 10:00:00', 0, '2022-07-08 14:00:00', 1021),
(4559, 112, 1, 1, '2022-07-08 14:00:00', 0, '2022-07-08 18:00:00', 1022),
(4560, 112, 2, 2, '2022-07-08 14:00:00', 0, '2022-07-08 18:00:00', 1022),
(4561, 112, 3, 1, '2022-07-08 14:00:00', 0, '2022-07-08 18:00:00', 1022),
(4562, 112, 4, 1, '2022-07-08 14:00:00', 0, '2022-07-08 18:00:00', 1022),
(4563, 112, 5, 1, '2022-07-08 14:00:00', 0, '2022-07-08 18:00:00', 1022),
(4564, 112, 6, 2, '2022-07-08 14:00:00', 0, '2022-07-08 18:00:00', 1022),
(4565, 112, 7, 2, '2022-07-08 14:00:00', 0, '2022-07-08 18:00:00', 1022),
(4566, 112, 1, 1, '2022-07-08 18:00:00', 0, '2022-07-08 22:00:00', 1023),
(4567, 112, 2, 2, '2022-07-08 18:00:00', 0, '2022-07-08 22:00:00', 1023),
(4568, 112, 3, 1, '2022-07-08 18:00:00', 0, '2022-07-08 22:00:00', 1023),
(4569, 112, 4, 1, '2022-07-08 18:00:00', 0, '2022-07-08 22:00:00', 1023),
(4570, 112, 5, 1, '2022-07-08 18:00:00', 0, '2022-07-08 22:00:00', 1023),
(4571, 112, 6, 2, '2022-07-08 18:00:00', 0, '2022-07-08 22:00:00', 1023),
(4572, 112, 7, 2, '2022-07-08 18:00:00', 0, '2022-07-08 22:00:00', 1023),
(4573, 112, 1, 1, '2022-07-08 22:00:00', 0, '2022-07-09 06:00:00', 1024),
(4574, 112, 2, 2, '2022-07-08 22:00:00', 0, '2022-07-09 06:00:00', 1024),
(4575, 112, 3, 1, '2022-07-08 22:00:00', 0, '2022-07-09 06:00:00', 1024),
(4576, 112, 4, 1, '2022-07-08 22:00:00', 0, '2022-07-09 06:00:00', 1024),
(4577, 112, 5, 1, '2022-07-08 22:00:00', 0, '2022-07-09 06:00:00', 1024),
(4578, 112, 6, 2, '2022-07-08 22:00:00', 0, '2022-07-09 06:00:00', 1024),
(4579, 112, 7, 2, '2022-07-08 22:00:00', 0, '2022-07-09 06:00:00', 1024),
(4580, 112, 1, 1, '2022-07-09 06:00:00', 0, '2022-07-09 10:00:00', 1025),
(4581, 112, 2, 2, '2022-07-09 06:00:00', 0, '2022-07-09 10:00:00', 1025),
(4582, 112, 3, 1, '2022-07-09 06:00:00', 0, '2022-07-09 10:00:00', 1025),
(4583, 112, 4, 1, '2022-07-09 06:00:00', 0, '2022-07-09 10:00:00', 1025),
(4584, 112, 5, 1, '2022-07-09 06:00:00', 0, '2022-07-09 10:00:00', 1025),
(4585, 112, 6, 2, '2022-07-09 06:00:00', 0, '2022-07-09 10:00:00', 1025),
(4586, 112, 7, 2, '2022-07-09 06:00:00', 0, '2022-07-09 10:00:00', 1025),
(4587, 112, 1, 1, '2022-07-09 10:00:00', 0, '2022-07-09 14:00:00', 1026),
(4588, 112, 2, 2, '2022-07-09 10:00:00', 0, '2022-07-09 14:00:00', 1026),
(4589, 112, 3, 1, '2022-07-09 10:00:00', 0, '2022-07-09 14:00:00', 1026),
(4590, 112, 4, 1, '2022-07-09 10:00:00', 0, '2022-07-09 14:00:00', 1026),
(4591, 112, 5, 1, '2022-07-09 10:00:00', 0, '2022-07-09 14:00:00', 1026),
(4592, 112, 6, 2, '2022-07-09 10:00:00', 0, '2022-07-09 14:00:00', 1026),
(4593, 112, 7, 2, '2022-07-09 10:00:00', 0, '2022-07-09 14:00:00', 1026),
(4594, 112, 1, 1, '2022-07-09 14:00:00', 0, '2022-07-09 18:00:00', 1027),
(4595, 112, 2, 2, '2022-07-09 14:00:00', 0, '2022-07-09 18:00:00', 1027),
(4596, 112, 3, 1, '2022-07-09 14:00:00', 0, '2022-07-09 18:00:00', 1027),
(4597, 112, 4, 1, '2022-07-09 14:00:00', 0, '2022-07-09 18:00:00', 1027),
(4598, 112, 5, 1, '2022-07-09 14:00:00', 0, '2022-07-09 18:00:00', 1027),
(4599, 112, 6, 2, '2022-07-09 14:00:00', 0, '2022-07-09 18:00:00', 1027),
(4600, 112, 7, 2, '2022-07-09 14:00:00', 0, '2022-07-09 18:00:00', 1027),
(4601, 112, 1, 1, '2022-07-09 18:00:00', 0, '2022-07-09 22:00:00', 1028),
(4602, 112, 2, 2, '2022-07-09 18:00:00', 0, '2022-07-09 22:00:00', 1028),
(4603, 112, 3, 1, '2022-07-09 18:00:00', 0, '2022-07-09 22:00:00', 1028),
(4604, 112, 4, 1, '2022-07-09 18:00:00', 0, '2022-07-09 22:00:00', 1028),
(4605, 112, 5, 1, '2022-07-09 18:00:00', 0, '2022-07-09 22:00:00', 1028),
(4606, 112, 6, 2, '2022-07-09 18:00:00', 0, '2022-07-09 22:00:00', 1028),
(4607, 112, 7, 2, '2022-07-09 18:00:00', 0, '2022-07-09 22:00:00', 1028),
(4608, 112, 1, 1, '2022-07-09 22:00:00', 0, '2022-07-10 06:00:00', 1029),
(4609, 112, 2, 2, '2022-07-09 22:00:00', 0, '2022-07-10 06:00:00', 1029),
(4610, 112, 3, 1, '2022-07-09 22:00:00', 0, '2022-07-10 06:00:00', 1029),
(4611, 112, 4, 1, '2022-07-09 22:00:00', 0, '2022-07-10 06:00:00', 1029),
(4612, 112, 5, 1, '2022-07-09 22:00:00', 0, '2022-07-10 06:00:00', 1029),
(4613, 112, 6, 2, '2022-07-09 22:00:00', 0, '2022-07-10 06:00:00', 1029),
(4614, 112, 7, 2, '2022-07-09 22:00:00', 0, '2022-07-10 06:00:00', 1029),
(4615, 112, 1, 1, '2022-07-10 06:00:00', 0, '2022-07-10 10:00:00', 1030),
(4616, 112, 2, 2, '2022-07-10 06:00:00', 0, '2022-07-10 10:00:00', 1030),
(4617, 112, 3, 1, '2022-07-10 06:00:00', 0, '2022-07-10 10:00:00', 1030),
(4618, 112, 4, 1, '2022-07-10 06:00:00', 0, '2022-07-10 10:00:00', 1030),
(4619, 112, 5, 1, '2022-07-10 06:00:00', 0, '2022-07-10 10:00:00', 1030),
(4620, 112, 6, 2, '2022-07-10 06:00:00', 0, '2022-07-10 10:00:00', 1030),
(4621, 112, 7, 2, '2022-07-10 06:00:00', 0, '2022-07-10 10:00:00', 1030),
(4622, 112, 1, 1, '2022-07-10 10:00:00', 0, '2022-07-10 14:00:00', 1031),
(4623, 112, 2, 2, '2022-07-10 10:00:00', 0, '2022-07-10 14:00:00', 1031),
(4624, 112, 3, 1, '2022-07-10 10:00:00', 0, '2022-07-10 14:00:00', 1031),
(4625, 112, 4, 1, '2022-07-10 10:00:00', 0, '2022-07-10 14:00:00', 1031),
(4626, 112, 5, 1, '2022-07-10 10:00:00', 0, '2022-07-10 14:00:00', 1031),
(4627, 112, 6, 2, '2022-07-10 10:00:00', 0, '2022-07-10 14:00:00', 1031),
(4628, 112, 7, 2, '2022-07-10 10:00:00', 0, '2022-07-10 14:00:00', 1031),
(4629, 112, 1, 1, '2022-07-10 14:00:00', 0, '2022-07-10 18:00:00', 1032),
(4630, 112, 2, 2, '2022-07-10 14:00:00', 0, '2022-07-10 18:00:00', 1032),
(4631, 112, 3, 1, '2022-07-10 14:00:00', 0, '2022-07-10 18:00:00', 1032),
(4632, 112, 4, 1, '2022-07-10 14:00:00', 0, '2022-07-10 18:00:00', 1032),
(4633, 112, 5, 1, '2022-07-10 14:00:00', 0, '2022-07-10 18:00:00', 1032),
(4634, 112, 6, 2, '2022-07-10 14:00:00', 0, '2022-07-10 18:00:00', 1032),
(4635, 112, 7, 2, '2022-07-10 14:00:00', 0, '2022-07-10 18:00:00', 1032),
(4636, 112, 1, 1, '2022-07-10 18:00:00', 0, '2022-07-10 22:00:00', 1033),
(4637, 112, 2, 2, '2022-07-10 18:00:00', 0, '2022-07-10 22:00:00', 1033),
(4638, 112, 3, 1, '2022-07-10 18:00:00', 0, '2022-07-10 22:00:00', 1033),
(4639, 112, 4, 1, '2022-07-10 18:00:00', 0, '2022-07-10 22:00:00', 1033),
(4640, 112, 5, 1, '2022-07-10 18:00:00', 0, '2022-07-10 22:00:00', 1033),
(4641, 112, 6, 2, '2022-07-10 18:00:00', 0, '2022-07-10 22:00:00', 1033),
(4642, 112, 7, 2, '2022-07-10 18:00:00', 0, '2022-07-10 22:00:00', 1033),
(4643, 112, 1, 1, '2022-07-10 22:00:00', 0, '2022-07-11 06:00:00', 1034),
(4644, 112, 2, 2, '2022-07-10 22:00:00', 0, '2022-07-11 06:00:00', 1034),
(4645, 112, 3, 1, '2022-07-10 22:00:00', 0, '2022-07-11 06:00:00', 1034),
(4646, 112, 4, 1, '2022-07-10 22:00:00', 0, '2022-07-11 06:00:00', 1034),
(4647, 112, 5, 1, '2022-07-10 22:00:00', 0, '2022-07-11 06:00:00', 1034),
(4648, 112, 6, 2, '2022-07-10 22:00:00', 0, '2022-07-11 06:00:00', 1034),
(4649, 112, 7, 2, '2022-07-10 22:00:00', 0, '2022-07-11 06:00:00', 1034),
(4650, 113, 1, 1, '2022-07-11 06:00:00', 0, '2022-07-11 10:00:00', 100),
(4651, 113, 2, 1, '2022-07-11 06:00:00', 0, '2022-07-11 10:00:00', 100),
(4652, 113, 3, 3, '2022-07-11 06:00:00', 0, '2022-07-11 10:00:00', 100),
(4653, 113, 4, 2, '2022-07-11 06:00:00', 0, '2022-07-11 10:00:00', 100),
(4654, 113, 5, 4, '2022-07-11 06:00:00', 0, '2022-07-11 10:00:00', 100),
(4655, 113, 6, 2, '2022-07-11 06:00:00', 0, '2022-07-11 10:00:00', 100),
(4656, 113, 7, 1, '2022-07-11 06:00:00', 0, '2022-07-11 10:00:00', 100),
(4657, 113, 1, 1, '2022-07-11 10:00:00', 0, '2022-07-11 14:00:00', 101),
(4658, 113, 2, 1, '2022-07-11 10:00:00', 0, '2022-07-11 14:00:00', 101),
(4659, 113, 3, 3, '2022-07-11 10:00:00', 0, '2022-07-11 14:00:00', 101),
(4660, 113, 4, 2, '2022-07-11 10:00:00', 0, '2022-07-11 14:00:00', 101),
(4661, 113, 5, 4, '2022-07-11 10:00:00', 0, '2022-07-11 14:00:00', 101),
(4662, 113, 6, 2, '2022-07-11 10:00:00', 0, '2022-07-11 14:00:00', 101),
(4663, 113, 7, 1, '2022-07-11 10:00:00', 0, '2022-07-11 14:00:00', 101),
(4664, 113, 1, 1, '2022-07-11 14:00:00', 0, '2022-07-11 18:00:00', 102),
(4665, 113, 2, 1, '2022-07-11 14:00:00', 0, '2022-07-11 18:00:00', 102),
(4666, 113, 3, 3, '2022-07-11 14:00:00', 0, '2022-07-11 18:00:00', 102),
(4667, 113, 4, 2, '2022-07-11 14:00:00', 0, '2022-07-11 18:00:00', 102),
(4668, 113, 5, 4, '2022-07-11 14:00:00', 0, '2022-07-11 18:00:00', 102),
(4669, 113, 6, 2, '2022-07-11 14:00:00', 0, '2022-07-11 18:00:00', 102),
(4670, 113, 7, 1, '2022-07-11 14:00:00', 0, '2022-07-11 18:00:00', 102),
(4671, 113, 1, 1, '2022-07-11 18:00:00', 0, '2022-07-11 22:00:00', 103),
(4672, 113, 2, 1, '2022-07-11 18:00:00', 0, '2022-07-11 22:00:00', 103),
(4673, 113, 3, 3, '2022-07-11 18:00:00', 0, '2022-07-11 22:00:00', 103),
(4674, 113, 4, 2, '2022-07-11 18:00:00', 0, '2022-07-11 22:00:00', 103),
(4675, 113, 5, 4, '2022-07-11 18:00:00', 0, '2022-07-11 22:00:00', 103),
(4676, 113, 6, 2, '2022-07-11 18:00:00', 0, '2022-07-11 22:00:00', 103),
(4677, 113, 7, 1, '2022-07-11 18:00:00', 0, '2022-07-11 22:00:00', 103),
(4678, 113, 1, 1, '2022-07-11 22:00:00', 0, '2022-07-12 06:00:00', 104),
(4679, 113, 2, 1, '2022-07-11 22:00:00', 0, '2022-07-12 06:00:00', 104),
(4680, 113, 3, 3, '2022-07-11 22:00:00', 0, '2022-07-12 06:00:00', 104),
(4681, 113, 4, 2, '2022-07-11 22:00:00', 0, '2022-07-12 06:00:00', 104),
(4682, 113, 5, 4, '2022-07-11 22:00:00', 0, '2022-07-12 06:00:00', 104),
(4683, 113, 6, 2, '2022-07-11 22:00:00', 0, '2022-07-12 06:00:00', 104),
(4684, 113, 7, 1, '2022-07-11 22:00:00', 0, '2022-07-12 06:00:00', 104),
(4685, 113, 1, 1, '2022-07-12 06:00:00', 0, '2022-07-12 10:00:00', 105),
(4686, 113, 2, 1, '2022-07-12 06:00:00', 0, '2022-07-12 10:00:00', 105),
(4687, 113, 3, 3, '2022-07-12 06:00:00', 0, '2022-07-12 10:00:00', 105),
(4688, 113, 4, 2, '2022-07-12 06:00:00', 0, '2022-07-12 10:00:00', 105),
(4689, 113, 5, 4, '2022-07-12 06:00:00', 0, '2022-07-12 10:00:00', 105),
(4690, 113, 6, 2, '2022-07-12 06:00:00', 0, '2022-07-12 10:00:00', 105),
(4691, 113, 7, 1, '2022-07-12 06:00:00', 0, '2022-07-12 10:00:00', 105),
(4692, 113, 1, 1, '2022-07-12 10:00:00', 0, '2022-07-12 14:00:00', 106),
(4693, 113, 2, 1, '2022-07-12 10:00:00', 0, '2022-07-12 14:00:00', 106),
(4694, 113, 3, 3, '2022-07-12 10:00:00', 0, '2022-07-12 14:00:00', 106),
(4695, 113, 4, 2, '2022-07-12 10:00:00', 0, '2022-07-12 14:00:00', 106),
(4696, 113, 5, 4, '2022-07-12 10:00:00', 0, '2022-07-12 14:00:00', 106),
(4697, 113, 6, 2, '2022-07-12 10:00:00', 0, '2022-07-12 14:00:00', 106),
(4698, 113, 7, 1, '2022-07-12 10:00:00', 0, '2022-07-12 14:00:00', 106),
(4699, 113, 1, 1, '2022-07-12 14:00:00', 0, '2022-07-12 18:00:00', 107),
(4700, 113, 2, 1, '2022-07-12 14:00:00', 0, '2022-07-12 18:00:00', 107),
(4701, 113, 3, 3, '2022-07-12 14:00:00', 0, '2022-07-12 18:00:00', 107),
(4702, 113, 4, 2, '2022-07-12 14:00:00', 0, '2022-07-12 18:00:00', 107),
(4703, 113, 5, 4, '2022-07-12 14:00:00', 0, '2022-07-12 18:00:00', 107),
(4704, 113, 6, 2, '2022-07-12 14:00:00', 0, '2022-07-12 18:00:00', 107),
(4705, 113, 7, 1, '2022-07-12 14:00:00', 0, '2022-07-12 18:00:00', 107),
(4706, 113, 1, 1, '2022-07-12 18:00:00', 0, '2022-07-12 22:00:00', 108),
(4707, 113, 2, 1, '2022-07-12 18:00:00', 0, '2022-07-12 22:00:00', 108),
(4708, 113, 3, 3, '2022-07-12 18:00:00', 0, '2022-07-12 22:00:00', 108),
(4709, 113, 4, 2, '2022-07-12 18:00:00', 0, '2022-07-12 22:00:00', 108),
(4710, 113, 5, 4, '2022-07-12 18:00:00', 0, '2022-07-12 22:00:00', 108),
(4711, 113, 6, 2, '2022-07-12 18:00:00', 0, '2022-07-12 22:00:00', 108),
(4712, 113, 7, 1, '2022-07-12 18:00:00', 0, '2022-07-12 22:00:00', 108),
(4713, 113, 1, 1, '2022-07-12 22:00:00', 0, '2022-07-13 06:00:00', 109),
(4714, 113, 2, 1, '2022-07-12 22:00:00', 0, '2022-07-13 06:00:00', 109),
(4715, 113, 3, 3, '2022-07-12 22:00:00', 0, '2022-07-13 06:00:00', 109),
(4716, 113, 4, 2, '2022-07-12 22:00:00', 0, '2022-07-13 06:00:00', 109),
(4717, 113, 5, 4, '2022-07-12 22:00:00', 0, '2022-07-13 06:00:00', 109),
(4718, 113, 6, 2, '2022-07-12 22:00:00', 0, '2022-07-13 06:00:00', 109),
(4719, 113, 7, 1, '2022-07-12 22:00:00', 0, '2022-07-13 06:00:00', 109),
(4720, 113, 1, 1, '2022-07-13 06:00:00', 0, '2022-07-13 10:00:00', 1010),
(4721, 113, 2, 1, '2022-07-13 06:00:00', 0, '2022-07-13 10:00:00', 1010),
(4722, 113, 3, 3, '2022-07-13 06:00:00', 0, '2022-07-13 10:00:00', 1010),
(4723, 113, 4, 2, '2022-07-13 06:00:00', 0, '2022-07-13 10:00:00', 1010),
(4724, 113, 5, 4, '2022-07-13 06:00:00', 0, '2022-07-13 10:00:00', 1010),
(4725, 113, 6, 2, '2022-07-13 06:00:00', 0, '2022-07-13 10:00:00', 1010),
(4726, 113, 7, 1, '2022-07-13 06:00:00', 0, '2022-07-13 10:00:00', 1010),
(4727, 113, 1, 1, '2022-07-13 10:00:00', 0, '2022-07-13 14:00:00', 1011),
(4728, 113, 2, 1, '2022-07-13 10:00:00', 0, '2022-07-13 14:00:00', 1011),
(4729, 113, 3, 3, '2022-07-13 10:00:00', 0, '2022-07-13 14:00:00', 1011),
(4730, 113, 4, 2, '2022-07-13 10:00:00', 0, '2022-07-13 14:00:00', 1011),
(4731, 113, 5, 4, '2022-07-13 10:00:00', 0, '2022-07-13 14:00:00', 1011),
(4732, 113, 6, 2, '2022-07-13 10:00:00', 0, '2022-07-13 14:00:00', 1011),
(4733, 113, 7, 1, '2022-07-13 10:00:00', 0, '2022-07-13 14:00:00', 1011),
(4734, 113, 1, 1, '2022-07-13 14:00:00', 0, '2022-07-13 18:00:00', 1012),
(4735, 113, 2, 1, '2022-07-13 14:00:00', 0, '2022-07-13 18:00:00', 1012),
(4736, 113, 3, 3, '2022-07-13 14:00:00', 0, '2022-07-13 18:00:00', 1012),
(4737, 113, 4, 2, '2022-07-13 14:00:00', 0, '2022-07-13 18:00:00', 1012),
(4738, 113, 5, 4, '2022-07-13 14:00:00', 0, '2022-07-13 18:00:00', 1012),
(4739, 113, 6, 2, '2022-07-13 14:00:00', 0, '2022-07-13 18:00:00', 1012),
(4740, 113, 7, 1, '2022-07-13 14:00:00', 0, '2022-07-13 18:00:00', 1012),
(4741, 113, 1, 1, '2022-07-13 18:00:00', 0, '2022-07-13 22:00:00', 1013),
(4742, 113, 2, 1, '2022-07-13 18:00:00', 0, '2022-07-13 22:00:00', 1013),
(4743, 113, 3, 3, '2022-07-13 18:00:00', 0, '2022-07-13 22:00:00', 1013),
(4744, 113, 4, 2, '2022-07-13 18:00:00', 0, '2022-07-13 22:00:00', 1013),
(4745, 113, 5, 4, '2022-07-13 18:00:00', 0, '2022-07-13 22:00:00', 1013),
(4746, 113, 6, 2, '2022-07-13 18:00:00', 0, '2022-07-13 22:00:00', 1013),
(4747, 113, 7, 1, '2022-07-13 18:00:00', 0, '2022-07-13 22:00:00', 1013),
(4748, 113, 1, 1, '2022-07-13 22:00:00', 0, '2022-07-14 06:00:00', 1014),
(4749, 113, 2, 1, '2022-07-13 22:00:00', 0, '2022-07-14 06:00:00', 1014),
(4750, 113, 3, 3, '2022-07-13 22:00:00', 0, '2022-07-14 06:00:00', 1014),
(4751, 113, 4, 2, '2022-07-13 22:00:00', 0, '2022-07-14 06:00:00', 1014),
(4752, 113, 5, 4, '2022-07-13 22:00:00', 0, '2022-07-14 06:00:00', 1014),
(4753, 113, 6, 2, '2022-07-13 22:00:00', 0, '2022-07-14 06:00:00', 1014),
(4754, 113, 7, 1, '2022-07-13 22:00:00', 0, '2022-07-14 06:00:00', 1014),
(4755, 113, 1, 1, '2022-07-14 06:00:00', 0, '2022-07-14 10:00:00', 1015),
(4756, 113, 2, 1, '2022-07-14 06:00:00', 0, '2022-07-14 10:00:00', 1015),
(4757, 113, 3, 3, '2022-07-14 06:00:00', 0, '2022-07-14 10:00:00', 1015),
(4758, 113, 4, 2, '2022-07-14 06:00:00', 0, '2022-07-14 10:00:00', 1015),
(4759, 113, 5, 4, '2022-07-14 06:00:00', 0, '2022-07-14 10:00:00', 1015),
(4760, 113, 6, 2, '2022-07-14 06:00:00', 0, '2022-07-14 10:00:00', 1015),
(4761, 113, 7, 1, '2022-07-14 06:00:00', 0, '2022-07-14 10:00:00', 1015),
(4762, 113, 1, 1, '2022-07-14 10:00:00', 0, '2022-07-14 14:00:00', 1016),
(4763, 113, 2, 1, '2022-07-14 10:00:00', 0, '2022-07-14 14:00:00', 1016),
(4764, 113, 3, 3, '2022-07-14 10:00:00', 0, '2022-07-14 14:00:00', 1016),
(4765, 113, 4, 2, '2022-07-14 10:00:00', 0, '2022-07-14 14:00:00', 1016),
(4766, 113, 5, 4, '2022-07-14 10:00:00', 0, '2022-07-14 14:00:00', 1016),
(4767, 113, 6, 2, '2022-07-14 10:00:00', 0, '2022-07-14 14:00:00', 1016),
(4768, 113, 7, 1, '2022-07-14 10:00:00', 0, '2022-07-14 14:00:00', 1016),
(4769, 113, 1, 1, '2022-07-14 14:00:00', 0, '2022-07-14 18:00:00', 1017),
(4770, 113, 2, 1, '2022-07-14 14:00:00', 0, '2022-07-14 18:00:00', 1017),
(4771, 113, 3, 3, '2022-07-14 14:00:00', 0, '2022-07-14 18:00:00', 1017),
(4772, 113, 4, 2, '2022-07-14 14:00:00', 0, '2022-07-14 18:00:00', 1017),
(4773, 113, 5, 4, '2022-07-14 14:00:00', 0, '2022-07-14 18:00:00', 1017),
(4774, 113, 6, 2, '2022-07-14 14:00:00', 0, '2022-07-14 18:00:00', 1017),
(4775, 113, 7, 1, '2022-07-14 14:00:00', 0, '2022-07-14 18:00:00', 1017),
(4776, 113, 1, 1, '2022-07-14 18:00:00', 0, '2022-07-14 22:00:00', 1018),
(4777, 113, 2, 1, '2022-07-14 18:00:00', 0, '2022-07-14 22:00:00', 1018),
(4778, 113, 3, 3, '2022-07-14 18:00:00', 0, '2022-07-14 22:00:00', 1018),
(4779, 113, 4, 2, '2022-07-14 18:00:00', 0, '2022-07-14 22:00:00', 1018),
(4780, 113, 5, 4, '2022-07-14 18:00:00', 0, '2022-07-14 22:00:00', 1018),
(4781, 113, 6, 2, '2022-07-14 18:00:00', 0, '2022-07-14 22:00:00', 1018),
(4782, 113, 7, 1, '2022-07-14 18:00:00', 0, '2022-07-14 22:00:00', 1018),
(4783, 113, 1, 1, '2022-07-14 22:00:00', 0, '2022-07-15 06:00:00', 1019),
(4784, 113, 2, 1, '2022-07-14 22:00:00', 0, '2022-07-15 06:00:00', 1019),
(4785, 113, 3, 3, '2022-07-14 22:00:00', 0, '2022-07-15 06:00:00', 1019),
(4786, 113, 4, 2, '2022-07-14 22:00:00', 0, '2022-07-15 06:00:00', 1019),
(4787, 113, 5, 4, '2022-07-14 22:00:00', 0, '2022-07-15 06:00:00', 1019),
(4788, 113, 6, 2, '2022-07-14 22:00:00', 0, '2022-07-15 06:00:00', 1019),
(4789, 113, 7, 1, '2022-07-14 22:00:00', 0, '2022-07-15 06:00:00', 1019),
(4790, 113, 1, 1, '2022-07-15 06:00:00', 0, '2022-07-15 10:00:00', 1020),
(4791, 113, 2, 1, '2022-07-15 06:00:00', 0, '2022-07-15 10:00:00', 1020),
(4792, 113, 3, 3, '2022-07-15 06:00:00', 0, '2022-07-15 10:00:00', 1020),
(4793, 113, 4, 2, '2022-07-15 06:00:00', 0, '2022-07-15 10:00:00', 1020),
(4794, 113, 5, 4, '2022-07-15 06:00:00', 0, '2022-07-15 10:00:00', 1020),
(4795, 113, 6, 2, '2022-07-15 06:00:00', 0, '2022-07-15 10:00:00', 1020),
(4796, 113, 7, 1, '2022-07-15 06:00:00', 0, '2022-07-15 10:00:00', 1020),
(4797, 113, 1, 1, '2022-07-15 10:00:00', 0, '2022-07-15 14:00:00', 1021),
(4798, 113, 2, 1, '2022-07-15 10:00:00', 0, '2022-07-15 14:00:00', 1021),
(4799, 113, 3, 3, '2022-07-15 10:00:00', 0, '2022-07-15 14:00:00', 1021),
(4800, 113, 4, 2, '2022-07-15 10:00:00', 0, '2022-07-15 14:00:00', 1021),
(4801, 113, 5, 4, '2022-07-15 10:00:00', 0, '2022-07-15 14:00:00', 1021),
(4802, 113, 6, 2, '2022-07-15 10:00:00', 0, '2022-07-15 14:00:00', 1021),
(4803, 113, 7, 1, '2022-07-15 10:00:00', 0, '2022-07-15 14:00:00', 1021),
(4804, 113, 1, 1, '2022-07-15 14:00:00', 0, '2022-07-15 18:00:00', 1022),
(4805, 113, 2, 1, '2022-07-15 14:00:00', 0, '2022-07-15 18:00:00', 1022),
(4806, 113, 3, 3, '2022-07-15 14:00:00', 0, '2022-07-15 18:00:00', 1022),
(4807, 113, 4, 2, '2022-07-15 14:00:00', 0, '2022-07-15 18:00:00', 1022),
(4808, 113, 5, 4, '2022-07-15 14:00:00', 0, '2022-07-15 18:00:00', 1022),
(4809, 113, 6, 2, '2022-07-15 14:00:00', 0, '2022-07-15 18:00:00', 1022),
(4810, 113, 7, 1, '2022-07-15 14:00:00', 0, '2022-07-15 18:00:00', 1022),
(4811, 113, 1, 1, '2022-07-15 18:00:00', 0, '2022-07-15 22:00:00', 1023),
(4812, 113, 2, 1, '2022-07-15 18:00:00', 0, '2022-07-15 22:00:00', 1023),
(4813, 113, 3, 3, '2022-07-15 18:00:00', 0, '2022-07-15 22:00:00', 1023),
(4814, 113, 4, 2, '2022-07-15 18:00:00', 0, '2022-07-15 22:00:00', 1023),
(4815, 113, 5, 4, '2022-07-15 18:00:00', 0, '2022-07-15 22:00:00', 1023),
(4816, 113, 6, 2, '2022-07-15 18:00:00', 0, '2022-07-15 22:00:00', 1023),
(4817, 113, 7, 1, '2022-07-15 18:00:00', 0, '2022-07-15 22:00:00', 1023),
(4818, 113, 1, 1, '2022-07-15 22:00:00', 0, '2022-07-16 06:00:00', 1024),
(4819, 113, 2, 1, '2022-07-15 22:00:00', 0, '2022-07-16 06:00:00', 1024),
(4820, 113, 3, 3, '2022-07-15 22:00:00', 0, '2022-07-16 06:00:00', 1024),
(4821, 113, 4, 2, '2022-07-15 22:00:00', 0, '2022-07-16 06:00:00', 1024),
(4822, 113, 5, 4, '2022-07-15 22:00:00', 0, '2022-07-16 06:00:00', 1024),
(4823, 113, 6, 2, '2022-07-15 22:00:00', 0, '2022-07-16 06:00:00', 1024),
(4824, 113, 7, 1, '2022-07-15 22:00:00', 0, '2022-07-16 06:00:00', 1024),
(4825, 113, 1, 1, '2022-07-16 06:00:00', 0, '2022-07-16 10:00:00', 1025),
(4826, 113, 2, 1, '2022-07-16 06:00:00', 0, '2022-07-16 10:00:00', 1025),
(4827, 113, 3, 3, '2022-07-16 06:00:00', 0, '2022-07-16 10:00:00', 1025),
(4828, 113, 4, 2, '2022-07-16 06:00:00', 0, '2022-07-16 10:00:00', 1025),
(4829, 113, 5, 4, '2022-07-16 06:00:00', 0, '2022-07-16 10:00:00', 1025),
(4830, 113, 6, 2, '2022-07-16 06:00:00', 0, '2022-07-16 10:00:00', 1025),
(4831, 113, 7, 1, '2022-07-16 06:00:00', 0, '2022-07-16 10:00:00', 1025),
(4832, 113, 1, 1, '2022-07-16 10:00:00', 0, '2022-07-16 14:00:00', 1026),
(4833, 113, 2, 1, '2022-07-16 10:00:00', 0, '2022-07-16 14:00:00', 1026),
(4834, 113, 3, 3, '2022-07-16 10:00:00', 0, '2022-07-16 14:00:00', 1026),
(4835, 113, 4, 2, '2022-07-16 10:00:00', 0, '2022-07-16 14:00:00', 1026),
(4836, 113, 5, 4, '2022-07-16 10:00:00', 0, '2022-07-16 14:00:00', 1026),
(4837, 113, 6, 2, '2022-07-16 10:00:00', 0, '2022-07-16 14:00:00', 1026),
(4838, 113, 7, 1, '2022-07-16 10:00:00', 0, '2022-07-16 14:00:00', 1026),
(4839, 113, 1, 1, '2022-07-16 14:00:00', 0, '2022-07-16 18:00:00', 1027),
(4840, 113, 2, 1, '2022-07-16 14:00:00', 0, '2022-07-16 18:00:00', 1027),
(4841, 113, 3, 3, '2022-07-16 14:00:00', 0, '2022-07-16 18:00:00', 1027),
(4842, 113, 4, 2, '2022-07-16 14:00:00', 0, '2022-07-16 18:00:00', 1027),
(4843, 113, 5, 4, '2022-07-16 14:00:00', 0, '2022-07-16 18:00:00', 1027),
(4844, 113, 6, 2, '2022-07-16 14:00:00', 0, '2022-07-16 18:00:00', 1027),
(4845, 113, 7, 1, '2022-07-16 14:00:00', 0, '2022-07-16 18:00:00', 1027),
(4846, 113, 1, 1, '2022-07-16 18:00:00', 0, '2022-07-16 22:00:00', 1028),
(4847, 113, 2, 1, '2022-07-16 18:00:00', 0, '2022-07-16 22:00:00', 1028),
(4848, 113, 3, 3, '2022-07-16 18:00:00', 0, '2022-07-16 22:00:00', 1028),
(4849, 113, 4, 2, '2022-07-16 18:00:00', 0, '2022-07-16 22:00:00', 1028),
(4850, 113, 5, 4, '2022-07-16 18:00:00', 0, '2022-07-16 22:00:00', 1028),
(4851, 113, 6, 2, '2022-07-16 18:00:00', 0, '2022-07-16 22:00:00', 1028),
(4852, 113, 7, 1, '2022-07-16 18:00:00', 0, '2022-07-16 22:00:00', 1028),
(4853, 113, 1, 1, '2022-07-16 22:00:00', 0, '2022-07-17 06:00:00', 1029),
(4854, 113, 2, 1, '2022-07-16 22:00:00', 0, '2022-07-17 06:00:00', 1029),
(4855, 113, 3, 3, '2022-07-16 22:00:00', 0, '2022-07-17 06:00:00', 1029),
(4856, 113, 4, 2, '2022-07-16 22:00:00', 0, '2022-07-17 06:00:00', 1029),
(4857, 113, 5, 4, '2022-07-16 22:00:00', 0, '2022-07-17 06:00:00', 1029),
(4858, 113, 6, 2, '2022-07-16 22:00:00', 0, '2022-07-17 06:00:00', 1029),
(4859, 113, 7, 1, '2022-07-16 22:00:00', 0, '2022-07-17 06:00:00', 1029),
(4860, 113, 1, 1, '2022-07-17 06:00:00', 0, '2022-07-17 10:00:00', 1030),
(4861, 113, 2, 1, '2022-07-17 06:00:00', 0, '2022-07-17 10:00:00', 1030),
(4862, 113, 3, 3, '2022-07-17 06:00:00', 0, '2022-07-17 10:00:00', 1030),
(4863, 113, 4, 2, '2022-07-17 06:00:00', 0, '2022-07-17 10:00:00', 1030),
(4864, 113, 5, 4, '2022-07-17 06:00:00', 0, '2022-07-17 10:00:00', 1030),
(4865, 113, 6, 2, '2022-07-17 06:00:00', 0, '2022-07-17 10:00:00', 1030),
(4866, 113, 7, 1, '2022-07-17 06:00:00', 0, '2022-07-17 10:00:00', 1030),
(4867, 113, 1, 1, '2022-07-17 10:00:00', 0, '2022-07-17 14:00:00', 1031),
(4868, 113, 2, 1, '2022-07-17 10:00:00', 0, '2022-07-17 14:00:00', 1031),
(4869, 113, 3, 3, '2022-07-17 10:00:00', 0, '2022-07-17 14:00:00', 1031),
(4870, 113, 4, 2, '2022-07-17 10:00:00', 0, '2022-07-17 14:00:00', 1031),
(4871, 113, 5, 4, '2022-07-17 10:00:00', 0, '2022-07-17 14:00:00', 1031),
(4872, 113, 6, 2, '2022-07-17 10:00:00', 0, '2022-07-17 14:00:00', 1031),
(4873, 113, 7, 1, '2022-07-17 10:00:00', 0, '2022-07-17 14:00:00', 1031),
(4874, 113, 1, 1, '2022-07-17 14:00:00', 0, '2022-07-17 18:00:00', 1032),
(4875, 113, 2, 1, '2022-07-17 14:00:00', 0, '2022-07-17 18:00:00', 1032),
(4876, 113, 3, 3, '2022-07-17 14:00:00', 0, '2022-07-17 18:00:00', 1032),
(4877, 113, 4, 2, '2022-07-17 14:00:00', 0, '2022-07-17 18:00:00', 1032),
(4878, 113, 5, 4, '2022-07-17 14:00:00', 0, '2022-07-17 18:00:00', 1032),
(4879, 113, 6, 2, '2022-07-17 14:00:00', 0, '2022-07-17 18:00:00', 1032),
(4880, 113, 7, 1, '2022-07-17 14:00:00', 0, '2022-07-17 18:00:00', 1032),
(4881, 113, 1, 1, '2022-07-17 18:00:00', 0, '2022-07-17 22:00:00', 1033),
(4882, 113, 2, 1, '2022-07-17 18:00:00', 0, '2022-07-17 22:00:00', 1033),
(4883, 113, 3, 3, '2022-07-17 18:00:00', 0, '2022-07-17 22:00:00', 1033),
(4884, 113, 4, 2, '2022-07-17 18:00:00', 0, '2022-07-17 22:00:00', 1033),
(4885, 113, 5, 4, '2022-07-17 18:00:00', 0, '2022-07-17 22:00:00', 1033),
(4886, 113, 6, 2, '2022-07-17 18:00:00', 0, '2022-07-17 22:00:00', 1033),
(4887, 113, 7, 1, '2022-07-17 18:00:00', 0, '2022-07-17 22:00:00', 1033),
(4888, 113, 1, 1, '2022-07-17 22:00:00', 0, '2022-07-18 06:00:00', 1034),
(4889, 113, 2, 1, '2022-07-17 22:00:00', 0, '2022-07-18 06:00:00', 1034),
(4890, 113, 3, 3, '2022-07-17 22:00:00', 0, '2022-07-18 06:00:00', 1034),
(4891, 113, 4, 2, '2022-07-17 22:00:00', 0, '2022-07-18 06:00:00', 1034),
(4892, 113, 5, 4, '2022-07-17 22:00:00', 0, '2022-07-18 06:00:00', 1034),
(4893, 113, 6, 2, '2022-07-17 22:00:00', 0, '2022-07-18 06:00:00', 1034),
(4894, 113, 7, 1, '2022-07-17 22:00:00', 0, '2022-07-18 06:00:00', 1034),
(4895, 114, 1, 1, '2022-07-18 06:00:00', 0, '2022-07-18 10:00:00', 100),
(4896, 114, 2, 1, '2022-07-18 06:00:00', 0, '2022-07-18 10:00:00', 100),
(4897, 114, 3, 1, '2022-07-18 06:00:00', 0, '2022-07-18 10:00:00', 100),
(4898, 114, 4, 2, '2022-07-18 06:00:00', 0, '2022-07-18 10:00:00', 100),
(4899, 114, 5, 4, '2022-07-18 06:00:00', 0, '2022-07-18 10:00:00', 100),
(4900, 114, 6, 1, '2022-07-18 06:00:00', 0, '2022-07-18 10:00:00', 100),
(4901, 114, 7, 1, '2022-07-18 06:00:00', 0, '2022-07-18 10:00:00', 100),
(4902, 114, 1, 1, '2022-07-18 10:00:00', 0, '2022-07-18 14:00:00', 101),
(4903, 114, 2, 1, '2022-07-18 10:00:00', 0, '2022-07-18 14:00:00', 101),
(4904, 114, 3, 1, '2022-07-18 10:00:00', 0, '2022-07-18 14:00:00', 101),
(4905, 114, 4, 2, '2022-07-18 10:00:00', 0, '2022-07-18 14:00:00', 101),
(4906, 114, 5, 4, '2022-07-18 10:00:00', 0, '2022-07-18 14:00:00', 101),
(4907, 114, 6, 1, '2022-07-18 10:00:00', 0, '2022-07-18 14:00:00', 101),
(4908, 114, 7, 1, '2022-07-18 10:00:00', 0, '2022-07-18 14:00:00', 101),
(4909, 114, 1, 1, '2022-07-18 14:00:00', 0, '2022-07-18 18:00:00', 102),
(4910, 114, 2, 1, '2022-07-18 14:00:00', 0, '2022-07-18 18:00:00', 102),
(4911, 114, 3, 1, '2022-07-18 14:00:00', 0, '2022-07-18 18:00:00', 102),
(4912, 114, 4, 2, '2022-07-18 14:00:00', 0, '2022-07-18 18:00:00', 102),
(4913, 114, 5, 4, '2022-07-18 14:00:00', 0, '2022-07-18 18:00:00', 102),
(4914, 114, 6, 1, '2022-07-18 14:00:00', 0, '2022-07-18 18:00:00', 102),
(4915, 114, 7, 1, '2022-07-18 14:00:00', 0, '2022-07-18 18:00:00', 102),
(4916, 114, 1, 1, '2022-07-18 18:00:00', 0, '2022-07-18 22:00:00', 103),
(4917, 114, 2, 1, '2022-07-18 18:00:00', 0, '2022-07-18 22:00:00', 103),
(4918, 114, 3, 1, '2022-07-18 18:00:00', 0, '2022-07-18 22:00:00', 103),
(4919, 114, 4, 2, '2022-07-18 18:00:00', 0, '2022-07-18 22:00:00', 103),
(4920, 114, 5, 4, '2022-07-18 18:00:00', 0, '2022-07-18 22:00:00', 103),
(4921, 114, 6, 1, '2022-07-18 18:00:00', 0, '2022-07-18 22:00:00', 103),
(4922, 114, 7, 1, '2022-07-18 18:00:00', 0, '2022-07-18 22:00:00', 103),
(4923, 114, 1, 1, '2022-07-18 22:00:00', 0, '2022-07-19 06:00:00', 104),
(4924, 114, 2, 1, '2022-07-18 22:00:00', 0, '2022-07-19 06:00:00', 104),
(4925, 114, 3, 1, '2022-07-18 22:00:00', 0, '2022-07-19 06:00:00', 104),
(4926, 114, 4, 2, '2022-07-18 22:00:00', 0, '2022-07-19 06:00:00', 104),
(4927, 114, 5, 4, '2022-07-18 22:00:00', 0, '2022-07-19 06:00:00', 104),
(4928, 114, 6, 1, '2022-07-18 22:00:00', 0, '2022-07-19 06:00:00', 104),
(4929, 114, 7, 1, '2022-07-18 22:00:00', 0, '2022-07-19 06:00:00', 104),
(4930, 114, 1, 1, '2022-07-19 06:00:00', 0, '2022-07-19 10:00:00', 105),
(4931, 114, 2, 1, '2022-07-19 06:00:00', 0, '2022-07-19 10:00:00', 105),
(4932, 114, 3, 1, '2022-07-19 06:00:00', 0, '2022-07-19 10:00:00', 105),
(4933, 114, 4, 2, '2022-07-19 06:00:00', 0, '2022-07-19 10:00:00', 105),
(4934, 114, 5, 4, '2022-07-19 06:00:00', 0, '2022-07-19 10:00:00', 105),
(4935, 114, 6, 1, '2022-07-19 06:00:00', 0, '2022-07-19 10:00:00', 105),
(4936, 114, 7, 1, '2022-07-19 06:00:00', 0, '2022-07-19 10:00:00', 105),
(4937, 114, 1, 1, '2022-07-19 10:00:00', 0, '2022-07-19 14:00:00', 106),
(4938, 114, 2, 1, '2022-07-19 10:00:00', 0, '2022-07-19 14:00:00', 106),
(4939, 114, 3, 1, '2022-07-19 10:00:00', 0, '2022-07-19 14:00:00', 106),
(4940, 114, 4, 2, '2022-07-19 10:00:00', 0, '2022-07-19 14:00:00', 106),
(4941, 114, 5, 4, '2022-07-19 10:00:00', 0, '2022-07-19 14:00:00', 106),
(4942, 114, 6, 1, '2022-07-19 10:00:00', 0, '2022-07-19 14:00:00', 106),
(4943, 114, 7, 1, '2022-07-19 10:00:00', 0, '2022-07-19 14:00:00', 106),
(4944, 114, 1, 1, '2022-07-19 14:00:00', 0, '2022-07-19 18:00:00', 107),
(4945, 114, 2, 1, '2022-07-19 14:00:00', 0, '2022-07-19 18:00:00', 107),
(4946, 114, 3, 1, '2022-07-19 14:00:00', 0, '2022-07-19 18:00:00', 107),
(4947, 114, 4, 2, '2022-07-19 14:00:00', 0, '2022-07-19 18:00:00', 107),
(4948, 114, 5, 4, '2022-07-19 14:00:00', 0, '2022-07-19 18:00:00', 107),
(4949, 114, 6, 1, '2022-07-19 14:00:00', 0, '2022-07-19 18:00:00', 107),
(4950, 114, 7, 1, '2022-07-19 14:00:00', 0, '2022-07-19 18:00:00', 107),
(4951, 114, 1, 1, '2022-07-19 18:00:00', 0, '2022-07-19 22:00:00', 108),
(4952, 114, 2, 1, '2022-07-19 18:00:00', 0, '2022-07-19 22:00:00', 108),
(4953, 114, 3, 1, '2022-07-19 18:00:00', 0, '2022-07-19 22:00:00', 108),
(4954, 114, 4, 2, '2022-07-19 18:00:00', 0, '2022-07-19 22:00:00', 108),
(4955, 114, 5, 4, '2022-07-19 18:00:00', 0, '2022-07-19 22:00:00', 108),
(4956, 114, 6, 1, '2022-07-19 18:00:00', 0, '2022-07-19 22:00:00', 108),
(4957, 114, 7, 1, '2022-07-19 18:00:00', 0, '2022-07-19 22:00:00', 108),
(4958, 114, 1, 1, '2022-07-19 22:00:00', 0, '2022-07-20 06:00:00', 109),
(4959, 114, 2, 1, '2022-07-19 22:00:00', 0, '2022-07-20 06:00:00', 109),
(4960, 114, 3, 1, '2022-07-19 22:00:00', 0, '2022-07-20 06:00:00', 109),
(4961, 114, 4, 2, '2022-07-19 22:00:00', 0, '2022-07-20 06:00:00', 109),
(4962, 114, 5, 4, '2022-07-19 22:00:00', 0, '2022-07-20 06:00:00', 109),
(4963, 114, 6, 1, '2022-07-19 22:00:00', 0, '2022-07-20 06:00:00', 109),
(4964, 114, 7, 1, '2022-07-19 22:00:00', 0, '2022-07-20 06:00:00', 109),
(4965, 114, 1, 1, '2022-07-20 06:00:00', 0, '2022-07-20 10:00:00', 1010),
(4966, 114, 2, 1, '2022-07-20 06:00:00', 0, '2022-07-20 10:00:00', 1010),
(4967, 114, 3, 1, '2022-07-20 06:00:00', 0, '2022-07-20 10:00:00', 1010),
(4968, 114, 4, 2, '2022-07-20 06:00:00', 0, '2022-07-20 10:00:00', 1010),
(4969, 114, 5, 4, '2022-07-20 06:00:00', 0, '2022-07-20 10:00:00', 1010),
(4970, 114, 6, 1, '2022-07-20 06:00:00', 0, '2022-07-20 10:00:00', 1010),
(4971, 114, 7, 1, '2022-07-20 06:00:00', 0, '2022-07-20 10:00:00', 1010),
(4972, 114, 1, 1, '2022-07-20 10:00:00', 0, '2022-07-20 14:00:00', 1011),
(4973, 114, 2, 1, '2022-07-20 10:00:00', 0, '2022-07-20 14:00:00', 1011),
(4974, 114, 3, 1, '2022-07-20 10:00:00', 0, '2022-07-20 14:00:00', 1011),
(4975, 114, 4, 2, '2022-07-20 10:00:00', 0, '2022-07-20 14:00:00', 1011),
(4976, 114, 5, 4, '2022-07-20 10:00:00', 0, '2022-07-20 14:00:00', 1011),
(4977, 114, 6, 1, '2022-07-20 10:00:00', 0, '2022-07-20 14:00:00', 1011),
(4978, 114, 7, 1, '2022-07-20 10:00:00', 0, '2022-07-20 14:00:00', 1011),
(4979, 114, 1, 1, '2022-07-20 14:00:00', 0, '2022-07-20 18:00:00', 1012),
(4980, 114, 2, 1, '2022-07-20 14:00:00', 0, '2022-07-20 18:00:00', 1012),
(4981, 114, 3, 1, '2022-07-20 14:00:00', 0, '2022-07-20 18:00:00', 1012),
(4982, 114, 4, 2, '2022-07-20 14:00:00', 0, '2022-07-20 18:00:00', 1012),
(4983, 114, 5, 4, '2022-07-20 14:00:00', 0, '2022-07-20 18:00:00', 1012),
(4984, 114, 6, 1, '2022-07-20 14:00:00', 0, '2022-07-20 18:00:00', 1012),
(4985, 114, 7, 1, '2022-07-20 14:00:00', 0, '2022-07-20 18:00:00', 1012),
(4986, 114, 1, 1, '2022-07-20 18:00:00', 0, '2022-07-20 22:00:00', 1013),
(4987, 114, 2, 1, '2022-07-20 18:00:00', 0, '2022-07-20 22:00:00', 1013),
(4988, 114, 3, 1, '2022-07-20 18:00:00', 0, '2022-07-20 22:00:00', 1013),
(4989, 114, 4, 2, '2022-07-20 18:00:00', 0, '2022-07-20 22:00:00', 1013),
(4990, 114, 5, 4, '2022-07-20 18:00:00', 0, '2022-07-20 22:00:00', 1013),
(4991, 114, 6, 1, '2022-07-20 18:00:00', 0, '2022-07-20 22:00:00', 1013),
(4992, 114, 7, 1, '2022-07-20 18:00:00', 0, '2022-07-20 22:00:00', 1013),
(4993, 114, 1, 1, '2022-07-20 22:00:00', 0, '2022-07-21 06:00:00', 1014),
(4994, 114, 2, 1, '2022-07-20 22:00:00', 0, '2022-07-21 06:00:00', 1014),
(4995, 114, 3, 1, '2022-07-20 22:00:00', 0, '2022-07-21 06:00:00', 1014),
(4996, 114, 4, 2, '2022-07-20 22:00:00', 0, '2022-07-21 06:00:00', 1014),
(4997, 114, 5, 4, '2022-07-20 22:00:00', 0, '2022-07-21 06:00:00', 1014),
(4998, 114, 6, 1, '2022-07-20 22:00:00', 0, '2022-07-21 06:00:00', 1014),
(4999, 114, 7, 1, '2022-07-20 22:00:00', 0, '2022-07-21 06:00:00', 1014),
(5000, 114, 1, 1, '2022-07-21 06:00:00', 0, '2022-07-21 10:00:00', 1015),
(5001, 114, 2, 1, '2022-07-21 06:00:00', 0, '2022-07-21 10:00:00', 1015),
(5002, 114, 3, 1, '2022-07-21 06:00:00', 0, '2022-07-21 10:00:00', 1015),
(5003, 114, 4, 2, '2022-07-21 06:00:00', 0, '2022-07-21 10:00:00', 1015),
(5004, 114, 5, 4, '2022-07-21 06:00:00', 0, '2022-07-21 10:00:00', 1015),
(5005, 114, 6, 1, '2022-07-21 06:00:00', 0, '2022-07-21 10:00:00', 1015),
(5006, 114, 7, 1, '2022-07-21 06:00:00', 0, '2022-07-21 10:00:00', 1015),
(5007, 114, 1, 1, '2022-07-21 10:00:00', 0, '2022-07-21 14:00:00', 1016),
(5008, 114, 2, 1, '2022-07-21 10:00:00', 0, '2022-07-21 14:00:00', 1016),
(5009, 114, 3, 1, '2022-07-21 10:00:00', 0, '2022-07-21 14:00:00', 1016),
(5010, 114, 4, 2, '2022-07-21 10:00:00', 0, '2022-07-21 14:00:00', 1016),
(5011, 114, 5, 4, '2022-07-21 10:00:00', 0, '2022-07-21 14:00:00', 1016),
(5012, 114, 6, 1, '2022-07-21 10:00:00', 0, '2022-07-21 14:00:00', 1016),
(5013, 114, 7, 1, '2022-07-21 10:00:00', 0, '2022-07-21 14:00:00', 1016),
(5014, 114, 1, 1, '2022-07-21 14:00:00', 0, '2022-07-21 18:00:00', 1017),
(5015, 114, 2, 1, '2022-07-21 14:00:00', 0, '2022-07-21 18:00:00', 1017),
(5016, 114, 3, 1, '2022-07-21 14:00:00', 0, '2022-07-21 18:00:00', 1017),
(5017, 114, 4, 2, '2022-07-21 14:00:00', 0, '2022-07-21 18:00:00', 1017),
(5018, 114, 5, 4, '2022-07-21 14:00:00', 0, '2022-07-21 18:00:00', 1017),
(5019, 114, 6, 1, '2022-07-21 14:00:00', 0, '2022-07-21 18:00:00', 1017),
(5020, 114, 7, 1, '2022-07-21 14:00:00', 0, '2022-07-21 18:00:00', 1017),
(5021, 114, 1, 1, '2022-07-21 18:00:00', 0, '2022-07-21 22:00:00', 1018),
(5022, 114, 2, 1, '2022-07-21 18:00:00', 0, '2022-07-21 22:00:00', 1018),
(5023, 114, 3, 1, '2022-07-21 18:00:00', 0, '2022-07-21 22:00:00', 1018),
(5024, 114, 4, 2, '2022-07-21 18:00:00', 0, '2022-07-21 22:00:00', 1018),
(5025, 114, 5, 4, '2022-07-21 18:00:00', 0, '2022-07-21 22:00:00', 1018),
(5026, 114, 6, 1, '2022-07-21 18:00:00', 0, '2022-07-21 22:00:00', 1018),
(5027, 114, 7, 1, '2022-07-21 18:00:00', 0, '2022-07-21 22:00:00', 1018),
(5028, 114, 1, 1, '2022-07-21 22:00:00', 0, '2022-07-22 06:00:00', 1019),
(5029, 114, 2, 1, '2022-07-21 22:00:00', 0, '2022-07-22 06:00:00', 1019),
(5030, 114, 3, 1, '2022-07-21 22:00:00', 0, '2022-07-22 06:00:00', 1019),
(5031, 114, 4, 2, '2022-07-21 22:00:00', 0, '2022-07-22 06:00:00', 1019),
(5032, 114, 5, 4, '2022-07-21 22:00:00', 0, '2022-07-22 06:00:00', 1019),
(5033, 114, 6, 1, '2022-07-21 22:00:00', 0, '2022-07-22 06:00:00', 1019),
(5034, 114, 7, 1, '2022-07-21 22:00:00', 0, '2022-07-22 06:00:00', 1019),
(5035, 114, 1, 1, '2022-07-22 06:00:00', 0, '2022-07-22 10:00:00', 1020),
(5036, 114, 2, 1, '2022-07-22 06:00:00', 0, '2022-07-22 10:00:00', 1020),
(5037, 114, 3, 1, '2022-07-22 06:00:00', 0, '2022-07-22 10:00:00', 1020),
(5038, 114, 4, 2, '2022-07-22 06:00:00', 0, '2022-07-22 10:00:00', 1020),
(5039, 114, 5, 4, '2022-07-22 06:00:00', 0, '2022-07-22 10:00:00', 1020),
(5040, 114, 6, 1, '2022-07-22 06:00:00', 0, '2022-07-22 10:00:00', 1020),
(5041, 114, 7, 1, '2022-07-22 06:00:00', 0, '2022-07-22 10:00:00', 1020),
(5042, 114, 1, 1, '2022-07-22 10:00:00', 0, '2022-07-22 14:00:00', 1021),
(5043, 114, 2, 1, '2022-07-22 10:00:00', 0, '2022-07-22 14:00:00', 1021),
(5044, 114, 3, 1, '2022-07-22 10:00:00', 0, '2022-07-22 14:00:00', 1021),
(5045, 114, 4, 2, '2022-07-22 10:00:00', 0, '2022-07-22 14:00:00', 1021),
(5046, 114, 5, 4, '2022-07-22 10:00:00', 0, '2022-07-22 14:00:00', 1021),
(5047, 114, 6, 1, '2022-07-22 10:00:00', 0, '2022-07-22 14:00:00', 1021),
(5048, 114, 7, 1, '2022-07-22 10:00:00', 0, '2022-07-22 14:00:00', 1021),
(5049, 114, 1, 1, '2022-07-22 14:00:00', 0, '2022-07-22 18:00:00', 1022),
(5050, 114, 2, 1, '2022-07-22 14:00:00', 0, '2022-07-22 18:00:00', 1022),
(5051, 114, 3, 1, '2022-07-22 14:00:00', 0, '2022-07-22 18:00:00', 1022),
(5052, 114, 4, 2, '2022-07-22 14:00:00', 0, '2022-07-22 18:00:00', 1022),
(5053, 114, 5, 4, '2022-07-22 14:00:00', 0, '2022-07-22 18:00:00', 1022),
(5054, 114, 6, 1, '2022-07-22 14:00:00', 0, '2022-07-22 18:00:00', 1022);
INSERT INTO `shift` (`Id`, `Id_Timeline`, `Id_Position`, `Number`, `Time_start`, `Is_OT`, `Time_end`, `Shift_code`) VALUES
(5055, 114, 7, 1, '2022-07-22 14:00:00', 0, '2022-07-22 18:00:00', 1022),
(5056, 114, 1, 1, '2022-07-22 18:00:00', 0, '2022-07-22 22:00:00', 1023),
(5057, 114, 2, 1, '2022-07-22 18:00:00', 0, '2022-07-22 22:00:00', 1023),
(5058, 114, 3, 1, '2022-07-22 18:00:00', 0, '2022-07-22 22:00:00', 1023),
(5059, 114, 4, 2, '2022-07-22 18:00:00', 0, '2022-07-22 22:00:00', 1023),
(5060, 114, 5, 4, '2022-07-22 18:00:00', 0, '2022-07-22 22:00:00', 1023),
(5061, 114, 6, 1, '2022-07-22 18:00:00', 0, '2022-07-22 22:00:00', 1023),
(5062, 114, 7, 1, '2022-07-22 18:00:00', 0, '2022-07-22 22:00:00', 1023),
(5063, 114, 1, 1, '2022-07-22 22:00:00', 0, '2022-07-23 06:00:00', 1024),
(5064, 114, 2, 1, '2022-07-22 22:00:00', 0, '2022-07-23 06:00:00', 1024),
(5065, 114, 3, 1, '2022-07-22 22:00:00', 0, '2022-07-23 06:00:00', 1024),
(5066, 114, 4, 2, '2022-07-22 22:00:00', 0, '2022-07-23 06:00:00', 1024),
(5067, 114, 5, 4, '2022-07-22 22:00:00', 0, '2022-07-23 06:00:00', 1024),
(5068, 114, 6, 1, '2022-07-22 22:00:00', 0, '2022-07-23 06:00:00', 1024),
(5069, 114, 7, 1, '2022-07-22 22:00:00', 0, '2022-07-23 06:00:00', 1024),
(5070, 114, 1, 1, '2022-07-23 06:00:00', 0, '2022-07-23 10:00:00', 1025),
(5071, 114, 2, 1, '2022-07-23 06:00:00', 0, '2022-07-23 10:00:00', 1025),
(5072, 114, 3, 1, '2022-07-23 06:00:00', 0, '2022-07-23 10:00:00', 1025),
(5073, 114, 4, 2, '2022-07-23 06:00:00', 0, '2022-07-23 10:00:00', 1025),
(5074, 114, 5, 4, '2022-07-23 06:00:00', 0, '2022-07-23 10:00:00', 1025),
(5075, 114, 6, 1, '2022-07-23 06:00:00', 0, '2022-07-23 10:00:00', 1025),
(5076, 114, 7, 1, '2022-07-23 06:00:00', 0, '2022-07-23 10:00:00', 1025),
(5077, 114, 1, 1, '2022-07-23 10:00:00', 0, '2022-07-23 14:00:00', 1026),
(5078, 114, 2, 1, '2022-07-23 10:00:00', 0, '2022-07-23 14:00:00', 1026),
(5079, 114, 3, 1, '2022-07-23 10:00:00', 0, '2022-07-23 14:00:00', 1026),
(5080, 114, 4, 2, '2022-07-23 10:00:00', 0, '2022-07-23 14:00:00', 1026),
(5081, 114, 5, 4, '2022-07-23 10:00:00', 0, '2022-07-23 14:00:00', 1026),
(5082, 114, 6, 1, '2022-07-23 10:00:00', 0, '2022-07-23 14:00:00', 1026),
(5083, 114, 7, 1, '2022-07-23 10:00:00', 0, '2022-07-23 14:00:00', 1026),
(5084, 114, 1, 1, '2022-07-23 14:00:00', 0, '2022-07-23 18:00:00', 1027),
(5085, 114, 2, 1, '2022-07-23 14:00:00', 0, '2022-07-23 18:00:00', 1027),
(5086, 114, 3, 1, '2022-07-23 14:00:00', 0, '2022-07-23 18:00:00', 1027),
(5087, 114, 4, 2, '2022-07-23 14:00:00', 0, '2022-07-23 18:00:00', 1027),
(5088, 114, 5, 4, '2022-07-23 14:00:00', 0, '2022-07-23 18:00:00', 1027),
(5089, 114, 6, 1, '2022-07-23 14:00:00', 0, '2022-07-23 18:00:00', 1027),
(5090, 114, 7, 1, '2022-07-23 14:00:00', 0, '2022-07-23 18:00:00', 1027),
(5091, 114, 1, 1, '2022-07-23 18:00:00', 0, '2022-07-23 22:00:00', 1028),
(5092, 114, 2, 1, '2022-07-23 18:00:00', 0, '2022-07-23 22:00:00', 1028),
(5093, 114, 3, 1, '2022-07-23 18:00:00', 0, '2022-07-23 22:00:00', 1028),
(5094, 114, 4, 2, '2022-07-23 18:00:00', 0, '2022-07-23 22:00:00', 1028),
(5095, 114, 5, 4, '2022-07-23 18:00:00', 0, '2022-07-23 22:00:00', 1028),
(5096, 114, 6, 1, '2022-07-23 18:00:00', 0, '2022-07-23 22:00:00', 1028),
(5097, 114, 7, 1, '2022-07-23 18:00:00', 0, '2022-07-23 22:00:00', 1028),
(5098, 114, 1, 1, '2022-07-23 22:00:00', 0, '2022-07-24 06:00:00', 1029),
(5099, 114, 2, 1, '2022-07-23 22:00:00', 0, '2022-07-24 06:00:00', 1029),
(5100, 114, 3, 1, '2022-07-23 22:00:00', 0, '2022-07-24 06:00:00', 1029),
(5101, 114, 4, 2, '2022-07-23 22:00:00', 0, '2022-07-24 06:00:00', 1029),
(5102, 114, 5, 4, '2022-07-23 22:00:00', 0, '2022-07-24 06:00:00', 1029),
(5103, 114, 6, 1, '2022-07-23 22:00:00', 0, '2022-07-24 06:00:00', 1029),
(5104, 114, 7, 1, '2022-07-23 22:00:00', 0, '2022-07-24 06:00:00', 1029),
(5105, 114, 1, 1, '2022-07-24 06:00:00', 0, '2022-07-24 10:00:00', 1030),
(5106, 114, 2, 1, '2022-07-24 06:00:00', 0, '2022-07-24 10:00:00', 1030),
(5107, 114, 3, 1, '2022-07-24 06:00:00', 0, '2022-07-24 10:00:00', 1030),
(5108, 114, 4, 2, '2022-07-24 06:00:00', 0, '2022-07-24 10:00:00', 1030),
(5109, 114, 5, 4, '2022-07-24 06:00:00', 0, '2022-07-24 10:00:00', 1030),
(5110, 114, 6, 1, '2022-07-24 06:00:00', 0, '2022-07-24 10:00:00', 1030),
(5111, 114, 7, 1, '2022-07-24 06:00:00', 0, '2022-07-24 10:00:00', 1030),
(5112, 114, 1, 1, '2022-07-24 10:00:00', 0, '2022-07-24 14:00:00', 1031),
(5113, 114, 2, 1, '2022-07-24 10:00:00', 0, '2022-07-24 14:00:00', 1031),
(5114, 114, 3, 1, '2022-07-24 10:00:00', 0, '2022-07-24 14:00:00', 1031),
(5115, 114, 4, 2, '2022-07-24 10:00:00', 0, '2022-07-24 14:00:00', 1031),
(5116, 114, 5, 4, '2022-07-24 10:00:00', 0, '2022-07-24 14:00:00', 1031),
(5117, 114, 6, 1, '2022-07-24 10:00:00', 0, '2022-07-24 14:00:00', 1031),
(5118, 114, 7, 1, '2022-07-24 10:00:00', 0, '2022-07-24 14:00:00', 1031),
(5119, 114, 1, 1, '2022-07-24 14:00:00', 0, '2022-07-24 18:00:00', 1032),
(5120, 114, 2, 1, '2022-07-24 14:00:00', 0, '2022-07-24 18:00:00', 1032),
(5121, 114, 3, 1, '2022-07-24 14:00:00', 0, '2022-07-24 18:00:00', 1032),
(5122, 114, 4, 2, '2022-07-24 14:00:00', 0, '2022-07-24 18:00:00', 1032),
(5123, 114, 5, 4, '2022-07-24 14:00:00', 0, '2022-07-24 18:00:00', 1032),
(5124, 114, 6, 1, '2022-07-24 14:00:00', 0, '2022-07-24 18:00:00', 1032),
(5125, 114, 7, 1, '2022-07-24 14:00:00', 0, '2022-07-24 18:00:00', 1032),
(5126, 114, 1, 1, '2022-07-24 18:00:00', 0, '2022-07-24 22:00:00', 1033),
(5127, 114, 2, 1, '2022-07-24 18:00:00', 0, '2022-07-24 22:00:00', 1033),
(5128, 114, 3, 1, '2022-07-24 18:00:00', 0, '2022-07-24 22:00:00', 1033),
(5129, 114, 4, 2, '2022-07-24 18:00:00', 0, '2022-07-24 22:00:00', 1033),
(5130, 114, 5, 4, '2022-07-24 18:00:00', 0, '2022-07-24 22:00:00', 1033),
(5131, 114, 6, 1, '2022-07-24 18:00:00', 0, '2022-07-24 22:00:00', 1033),
(5132, 114, 7, 1, '2022-07-24 18:00:00', 0, '2022-07-24 22:00:00', 1033),
(5133, 114, 1, 1, '2022-07-24 22:00:00', 0, '2022-07-25 06:00:00', 1034),
(5134, 114, 2, 1, '2022-07-24 22:00:00', 0, '2022-07-25 06:00:00', 1034),
(5135, 114, 3, 1, '2022-07-24 22:00:00', 0, '2022-07-25 06:00:00', 1034),
(5136, 114, 4, 2, '2022-07-24 22:00:00', 0, '2022-07-25 06:00:00', 1034),
(5137, 114, 5, 4, '2022-07-24 22:00:00', 0, '2022-07-25 06:00:00', 1034),
(5138, 114, 6, 1, '2022-07-24 22:00:00', 0, '2022-07-25 06:00:00', 1034),
(5139, 114, 7, 1, '2022-07-24 22:00:00', 0, '2022-07-25 06:00:00', 1034),
(5140, 115, 1, 2, '2022-07-25 06:00:00', 0, '2022-07-25 10:00:00', 100),
(5141, 115, 2, 1, '2022-07-25 06:00:00', 0, '2022-07-25 10:00:00', 100),
(5142, 115, 3, 2, '2022-07-25 06:00:00', 0, '2022-07-25 10:00:00', 100),
(5143, 115, 4, 1, '2022-07-25 06:00:00', 0, '2022-07-25 10:00:00', 100),
(5144, 115, 5, 4, '2022-07-25 06:00:00', 0, '2022-07-25 10:00:00', 100),
(5145, 115, 6, 1, '2022-07-25 06:00:00', 0, '2022-07-25 10:00:00', 100),
(5146, 115, 7, 2, '2022-07-25 06:00:00', 0, '2022-07-25 10:00:00', 100),
(5147, 115, 1, 2, '2022-07-25 10:00:00', 0, '2022-07-25 14:00:00', 101),
(5148, 115, 2, 1, '2022-07-25 10:00:00', 0, '2022-07-25 14:00:00', 101),
(5149, 115, 3, 2, '2022-07-25 10:00:00', 0, '2022-07-25 14:00:00', 101),
(5150, 115, 4, 1, '2022-07-25 10:00:00', 0, '2022-07-25 14:00:00', 101),
(5151, 115, 5, 4, '2022-07-25 10:00:00', 0, '2022-07-25 14:00:00', 101),
(5152, 115, 6, 1, '2022-07-25 10:00:00', 0, '2022-07-25 14:00:00', 101),
(5153, 115, 7, 2, '2022-07-25 10:00:00', 0, '2022-07-25 14:00:00', 101),
(5154, 115, 1, 2, '2022-07-25 14:00:00', 0, '2022-07-25 18:00:00', 102),
(5155, 115, 2, 1, '2022-07-25 14:00:00', 0, '2022-07-25 18:00:00', 102),
(5156, 115, 3, 2, '2022-07-25 14:00:00', 0, '2022-07-25 18:00:00', 102),
(5157, 115, 4, 1, '2022-07-25 14:00:00', 0, '2022-07-25 18:00:00', 102),
(5158, 115, 5, 4, '2022-07-25 14:00:00', 0, '2022-07-25 18:00:00', 102),
(5159, 115, 6, 1, '2022-07-25 14:00:00', 0, '2022-07-25 18:00:00', 102),
(5160, 115, 7, 2, '2022-07-25 14:00:00', 0, '2022-07-25 18:00:00', 102),
(5161, 115, 1, 2, '2022-07-25 18:00:00', 0, '2022-07-25 22:00:00', 103),
(5162, 115, 2, 1, '2022-07-25 18:00:00', 0, '2022-07-25 22:00:00', 103),
(5163, 115, 3, 2, '2022-07-25 18:00:00', 0, '2022-07-25 22:00:00', 103),
(5164, 115, 4, 1, '2022-07-25 18:00:00', 0, '2022-07-25 22:00:00', 103),
(5165, 115, 5, 4, '2022-07-25 18:00:00', 0, '2022-07-25 22:00:00', 103),
(5166, 115, 6, 1, '2022-07-25 18:00:00', 0, '2022-07-25 22:00:00', 103),
(5167, 115, 7, 2, '2022-07-25 18:00:00', 0, '2022-07-25 22:00:00', 103),
(5168, 115, 1, 2, '2022-07-25 22:00:00', 0, '2022-07-26 06:00:00', 104),
(5169, 115, 2, 1, '2022-07-25 22:00:00', 0, '2022-07-26 06:00:00', 104),
(5170, 115, 3, 2, '2022-07-25 22:00:00', 0, '2022-07-26 06:00:00', 104),
(5171, 115, 4, 1, '2022-07-25 22:00:00', 0, '2022-07-26 06:00:00', 104),
(5172, 115, 5, 4, '2022-07-25 22:00:00', 0, '2022-07-26 06:00:00', 104),
(5173, 115, 6, 1, '2022-07-25 22:00:00', 0, '2022-07-26 06:00:00', 104),
(5174, 115, 7, 2, '2022-07-25 22:00:00', 0, '2022-07-26 06:00:00', 104),
(5175, 115, 1, 2, '2022-07-26 06:00:00', 0, '2022-07-26 10:00:00', 105),
(5176, 115, 2, 1, '2022-07-26 06:00:00', 0, '2022-07-26 10:00:00', 105),
(5177, 115, 3, 2, '2022-07-26 06:00:00', 0, '2022-07-26 10:00:00', 105),
(5178, 115, 4, 1, '2022-07-26 06:00:00', 0, '2022-07-26 10:00:00', 105),
(5179, 115, 5, 4, '2022-07-26 06:00:00', 0, '2022-07-26 10:00:00', 105),
(5180, 115, 6, 1, '2022-07-26 06:00:00', 0, '2022-07-26 10:00:00', 105),
(5181, 115, 7, 2, '2022-07-26 06:00:00', 0, '2022-07-26 10:00:00', 105),
(5182, 115, 1, 2, '2022-07-26 10:00:00', 0, '2022-07-26 14:00:00', 106),
(5183, 115, 2, 1, '2022-07-26 10:00:00', 0, '2022-07-26 14:00:00', 106),
(5184, 115, 3, 2, '2022-07-26 10:00:00', 0, '2022-07-26 14:00:00', 106),
(5185, 115, 4, 1, '2022-07-26 10:00:00', 0, '2022-07-26 14:00:00', 106),
(5186, 115, 5, 4, '2022-07-26 10:00:00', 0, '2022-07-26 14:00:00', 106),
(5187, 115, 6, 1, '2022-07-26 10:00:00', 0, '2022-07-26 14:00:00', 106),
(5188, 115, 7, 2, '2022-07-26 10:00:00', 0, '2022-07-26 14:00:00', 106),
(5189, 115, 1, 2, '2022-07-26 14:00:00', 0, '2022-07-26 18:00:00', 107),
(5190, 115, 2, 1, '2022-07-26 14:00:00', 0, '2022-07-26 18:00:00', 107),
(5191, 115, 3, 2, '2022-07-26 14:00:00', 0, '2022-07-26 18:00:00', 107),
(5192, 115, 4, 1, '2022-07-26 14:00:00', 0, '2022-07-26 18:00:00', 107),
(5193, 115, 5, 4, '2022-07-26 14:00:00', 0, '2022-07-26 18:00:00', 107),
(5194, 115, 6, 1, '2022-07-26 14:00:00', 0, '2022-07-26 18:00:00', 107),
(5195, 115, 7, 2, '2022-07-26 14:00:00', 0, '2022-07-26 18:00:00', 107),
(5196, 115, 1, 2, '2022-07-26 18:00:00', 0, '2022-07-26 22:00:00', 108),
(5197, 115, 2, 1, '2022-07-26 18:00:00', 0, '2022-07-26 22:00:00', 108),
(5198, 115, 3, 2, '2022-07-26 18:00:00', 0, '2022-07-26 22:00:00', 108),
(5199, 115, 4, 1, '2022-07-26 18:00:00', 0, '2022-07-26 22:00:00', 108),
(5200, 115, 5, 4, '2022-07-26 18:00:00', 0, '2022-07-26 22:00:00', 108),
(5201, 115, 6, 1, '2022-07-26 18:00:00', 0, '2022-07-26 22:00:00', 108),
(5202, 115, 7, 2, '2022-07-26 18:00:00', 0, '2022-07-26 22:00:00', 108),
(5203, 115, 1, 2, '2022-07-26 22:00:00', 0, '2022-07-27 06:00:00', 109),
(5204, 115, 2, 1, '2022-07-26 22:00:00', 0, '2022-07-27 06:00:00', 109),
(5205, 115, 3, 2, '2022-07-26 22:00:00', 0, '2022-07-27 06:00:00', 109),
(5206, 115, 4, 1, '2022-07-26 22:00:00', 0, '2022-07-27 06:00:00', 109),
(5207, 115, 5, 4, '2022-07-26 22:00:00', 0, '2022-07-27 06:00:00', 109),
(5208, 115, 6, 1, '2022-07-26 22:00:00', 0, '2022-07-27 06:00:00', 109),
(5209, 115, 7, 2, '2022-07-26 22:00:00', 0, '2022-07-27 06:00:00', 109),
(5210, 115, 1, 2, '2022-07-27 06:00:00', 0, '2022-07-27 10:00:00', 1010),
(5211, 115, 2, 1, '2022-07-27 06:00:00', 0, '2022-07-27 10:00:00', 1010),
(5212, 115, 3, 2, '2022-07-27 06:00:00', 0, '2022-07-27 10:00:00', 1010),
(5213, 115, 4, 1, '2022-07-27 06:00:00', 0, '2022-07-27 10:00:00', 1010),
(5214, 115, 5, 4, '2022-07-27 06:00:00', 0, '2022-07-27 10:00:00', 1010),
(5215, 115, 6, 1, '2022-07-27 06:00:00', 0, '2022-07-27 10:00:00', 1010),
(5216, 115, 7, 2, '2022-07-27 06:00:00', 0, '2022-07-27 10:00:00', 1010),
(5217, 115, 1, 2, '2022-07-27 10:00:00', 0, '2022-07-27 14:00:00', 1011),
(5218, 115, 2, 1, '2022-07-27 10:00:00', 0, '2022-07-27 14:00:00', 1011),
(5219, 115, 3, 2, '2022-07-27 10:00:00', 0, '2022-07-27 14:00:00', 1011),
(5220, 115, 4, 1, '2022-07-27 10:00:00', 0, '2022-07-27 14:00:00', 1011),
(5221, 115, 5, 4, '2022-07-27 10:00:00', 0, '2022-07-27 14:00:00', 1011),
(5222, 115, 6, 1, '2022-07-27 10:00:00', 0, '2022-07-27 14:00:00', 1011),
(5223, 115, 7, 2, '2022-07-27 10:00:00', 0, '2022-07-27 14:00:00', 1011),
(5224, 115, 1, 2, '2022-07-27 14:00:00', 0, '2022-07-27 18:00:00', 1012),
(5225, 115, 2, 1, '2022-07-27 14:00:00', 0, '2022-07-27 18:00:00', 1012),
(5226, 115, 3, 2, '2022-07-27 14:00:00', 0, '2022-07-27 18:00:00', 1012),
(5227, 115, 4, 1, '2022-07-27 14:00:00', 0, '2022-07-27 18:00:00', 1012),
(5228, 115, 5, 4, '2022-07-27 14:00:00', 0, '2022-07-27 18:00:00', 1012),
(5229, 115, 6, 1, '2022-07-27 14:00:00', 0, '2022-07-27 18:00:00', 1012),
(5230, 115, 7, 2, '2022-07-27 14:00:00', 0, '2022-07-27 18:00:00', 1012),
(5231, 115, 1, 2, '2022-07-27 18:00:00', 0, '2022-07-27 22:00:00', 1013),
(5232, 115, 2, 1, '2022-07-27 18:00:00', 0, '2022-07-27 22:00:00', 1013),
(5233, 115, 3, 2, '2022-07-27 18:00:00', 0, '2022-07-27 22:00:00', 1013),
(5234, 115, 4, 1, '2022-07-27 18:00:00', 0, '2022-07-27 22:00:00', 1013),
(5235, 115, 5, 4, '2022-07-27 18:00:00', 0, '2022-07-27 22:00:00', 1013),
(5236, 115, 6, 1, '2022-07-27 18:00:00', 0, '2022-07-27 22:00:00', 1013),
(5237, 115, 7, 2, '2022-07-27 18:00:00', 0, '2022-07-27 22:00:00', 1013),
(5238, 115, 1, 2, '2022-07-27 22:00:00', 0, '2022-07-28 06:00:00', 1014),
(5239, 115, 2, 1, '2022-07-27 22:00:00', 0, '2022-07-28 06:00:00', 1014),
(5240, 115, 3, 2, '2022-07-27 22:00:00', 0, '2022-07-28 06:00:00', 1014),
(5241, 115, 4, 1, '2022-07-27 22:00:00', 0, '2022-07-28 06:00:00', 1014),
(5242, 115, 5, 4, '2022-07-27 22:00:00', 0, '2022-07-28 06:00:00', 1014),
(5243, 115, 6, 1, '2022-07-27 22:00:00', 0, '2022-07-28 06:00:00', 1014),
(5244, 115, 7, 2, '2022-07-27 22:00:00', 0, '2022-07-28 06:00:00', 1014),
(5245, 115, 1, 2, '2022-07-28 06:00:00', 0, '2022-07-28 10:00:00', 1015),
(5246, 115, 2, 1, '2022-07-28 06:00:00', 0, '2022-07-28 10:00:00', 1015),
(5247, 115, 3, 2, '2022-07-28 06:00:00', 0, '2022-07-28 10:00:00', 1015),
(5248, 115, 4, 1, '2022-07-28 06:00:00', 0, '2022-07-28 10:00:00', 1015),
(5249, 115, 5, 4, '2022-07-28 06:00:00', 0, '2022-07-28 10:00:00', 1015),
(5250, 115, 6, 1, '2022-07-28 06:00:00', 0, '2022-07-28 10:00:00', 1015),
(5251, 115, 7, 2, '2022-07-28 06:00:00', 0, '2022-07-28 10:00:00', 1015),
(5252, 115, 1, 2, '2022-07-28 10:00:00', 0, '2022-07-28 14:00:00', 1016),
(5253, 115, 2, 1, '2022-07-28 10:00:00', 0, '2022-07-28 14:00:00', 1016),
(5254, 115, 3, 2, '2022-07-28 10:00:00', 0, '2022-07-28 14:00:00', 1016),
(5255, 115, 4, 1, '2022-07-28 10:00:00', 0, '2022-07-28 14:00:00', 1016),
(5256, 115, 5, 4, '2022-07-28 10:00:00', 0, '2022-07-28 14:00:00', 1016),
(5257, 115, 6, 1, '2022-07-28 10:00:00', 0, '2022-07-28 14:00:00', 1016),
(5258, 115, 7, 2, '2022-07-28 10:00:00', 0, '2022-07-28 14:00:00', 1016),
(5259, 115, 1, 2, '2022-07-28 14:00:00', 0, '2022-07-28 18:00:00', 1017),
(5260, 115, 2, 1, '2022-07-28 14:00:00', 0, '2022-07-28 18:00:00', 1017),
(5261, 115, 3, 2, '2022-07-28 14:00:00', 0, '2022-07-28 18:00:00', 1017),
(5262, 115, 4, 1, '2022-07-28 14:00:00', 0, '2022-07-28 18:00:00', 1017),
(5263, 115, 5, 4, '2022-07-28 14:00:00', 0, '2022-07-28 18:00:00', 1017),
(5264, 115, 6, 1, '2022-07-28 14:00:00', 0, '2022-07-28 18:00:00', 1017),
(5265, 115, 7, 2, '2022-07-28 14:00:00', 0, '2022-07-28 18:00:00', 1017),
(5266, 115, 1, 2, '2022-07-28 18:00:00', 0, '2022-07-28 22:00:00', 1018),
(5267, 115, 2, 1, '2022-07-28 18:00:00', 0, '2022-07-28 22:00:00', 1018),
(5268, 115, 3, 2, '2022-07-28 18:00:00', 0, '2022-07-28 22:00:00', 1018),
(5269, 115, 4, 1, '2022-07-28 18:00:00', 0, '2022-07-28 22:00:00', 1018),
(5270, 115, 5, 4, '2022-07-28 18:00:00', 0, '2022-07-28 22:00:00', 1018),
(5271, 115, 6, 1, '2022-07-28 18:00:00', 0, '2022-07-28 22:00:00', 1018),
(5272, 115, 7, 2, '2022-07-28 18:00:00', 0, '2022-07-28 22:00:00', 1018),
(5273, 115, 1, 2, '2022-07-28 22:00:00', 0, '2022-07-29 06:00:00', 1019),
(5274, 115, 2, 1, '2022-07-28 22:00:00', 0, '2022-07-29 06:00:00', 1019),
(5275, 115, 3, 2, '2022-07-28 22:00:00', 0, '2022-07-29 06:00:00', 1019),
(5276, 115, 4, 1, '2022-07-28 22:00:00', 0, '2022-07-29 06:00:00', 1019),
(5277, 115, 5, 4, '2022-07-28 22:00:00', 0, '2022-07-29 06:00:00', 1019),
(5278, 115, 6, 1, '2022-07-28 22:00:00', 0, '2022-07-29 06:00:00', 1019),
(5279, 115, 7, 2, '2022-07-28 22:00:00', 0, '2022-07-29 06:00:00', 1019),
(5280, 115, 1, 2, '2022-07-29 06:00:00', 0, '2022-07-29 10:00:00', 1020),
(5281, 115, 2, 1, '2022-07-29 06:00:00', 0, '2022-07-29 10:00:00', 1020),
(5282, 115, 3, 2, '2022-07-29 06:00:00', 0, '2022-07-29 10:00:00', 1020),
(5283, 115, 4, 1, '2022-07-29 06:00:00', 0, '2022-07-29 10:00:00', 1020),
(5284, 115, 5, 4, '2022-07-29 06:00:00', 0, '2022-07-29 10:00:00', 1020),
(5285, 115, 6, 1, '2022-07-29 06:00:00', 0, '2022-07-29 10:00:00', 1020),
(5286, 115, 7, 2, '2022-07-29 06:00:00', 0, '2022-07-29 10:00:00', 1020),
(5287, 115, 1, 2, '2022-07-29 10:00:00', 0, '2022-07-29 14:00:00', 1021),
(5288, 115, 2, 1, '2022-07-29 10:00:00', 0, '2022-07-29 14:00:00', 1021),
(5289, 115, 3, 2, '2022-07-29 10:00:00', 0, '2022-07-29 14:00:00', 1021),
(5290, 115, 4, 1, '2022-07-29 10:00:00', 0, '2022-07-29 14:00:00', 1021),
(5291, 115, 5, 4, '2022-07-29 10:00:00', 0, '2022-07-29 14:00:00', 1021),
(5292, 115, 6, 1, '2022-07-29 10:00:00', 0, '2022-07-29 14:00:00', 1021),
(5293, 115, 7, 2, '2022-07-29 10:00:00', 0, '2022-07-29 14:00:00', 1021),
(5294, 115, 1, 2, '2022-07-29 14:00:00', 0, '2022-07-29 18:00:00', 1022),
(5295, 115, 2, 1, '2022-07-29 14:00:00', 0, '2022-07-29 18:00:00', 1022),
(5296, 115, 3, 2, '2022-07-29 14:00:00', 0, '2022-07-29 18:00:00', 1022),
(5297, 115, 4, 1, '2022-07-29 14:00:00', 0, '2022-07-29 18:00:00', 1022),
(5298, 115, 5, 4, '2022-07-29 14:00:00', 0, '2022-07-29 18:00:00', 1022),
(5299, 115, 6, 1, '2022-07-29 14:00:00', 0, '2022-07-29 18:00:00', 1022),
(5300, 115, 7, 2, '2022-07-29 14:00:00', 0, '2022-07-29 18:00:00', 1022),
(5301, 115, 1, 2, '2022-07-29 18:00:00', 0, '2022-07-29 22:00:00', 1023),
(5302, 115, 2, 1, '2022-07-29 18:00:00', 0, '2022-07-29 22:00:00', 1023),
(5303, 115, 3, 2, '2022-07-29 18:00:00', 0, '2022-07-29 22:00:00', 1023),
(5304, 115, 4, 1, '2022-07-29 18:00:00', 0, '2022-07-29 22:00:00', 1023),
(5305, 115, 5, 4, '2022-07-29 18:00:00', 0, '2022-07-29 22:00:00', 1023),
(5306, 115, 6, 1, '2022-07-29 18:00:00', 0, '2022-07-29 22:00:00', 1023),
(5307, 115, 7, 2, '2022-07-29 18:00:00', 0, '2022-07-29 22:00:00', 1023),
(5308, 115, 1, 2, '2022-07-29 22:00:00', 0, '2022-07-30 06:00:00', 1024),
(5309, 115, 2, 1, '2022-07-29 22:00:00', 0, '2022-07-30 06:00:00', 1024),
(5310, 115, 3, 2, '2022-07-29 22:00:00', 0, '2022-07-30 06:00:00', 1024),
(5311, 115, 4, 1, '2022-07-29 22:00:00', 0, '2022-07-30 06:00:00', 1024),
(5312, 115, 5, 4, '2022-07-29 22:00:00', 0, '2022-07-30 06:00:00', 1024),
(5313, 115, 6, 1, '2022-07-29 22:00:00', 0, '2022-07-30 06:00:00', 1024),
(5314, 115, 7, 2, '2022-07-29 22:00:00', 0, '2022-07-30 06:00:00', 1024),
(5315, 115, 1, 2, '2022-07-30 06:00:00', 0, '2022-07-30 10:00:00', 1025),
(5316, 115, 2, 1, '2022-07-30 06:00:00', 0, '2022-07-30 10:00:00', 1025),
(5317, 115, 3, 2, '2022-07-30 06:00:00', 0, '2022-07-30 10:00:00', 1025),
(5318, 115, 4, 1, '2022-07-30 06:00:00', 0, '2022-07-30 10:00:00', 1025),
(5319, 115, 5, 4, '2022-07-30 06:00:00', 0, '2022-07-30 10:00:00', 1025),
(5320, 115, 6, 1, '2022-07-30 06:00:00', 0, '2022-07-30 10:00:00', 1025),
(5321, 115, 7, 2, '2022-07-30 06:00:00', 0, '2022-07-30 10:00:00', 1025),
(5322, 115, 1, 2, '2022-07-30 10:00:00', 0, '2022-07-30 14:00:00', 1026),
(5323, 115, 2, 1, '2022-07-30 10:00:00', 0, '2022-07-30 14:00:00', 1026),
(5324, 115, 3, 2, '2022-07-30 10:00:00', 0, '2022-07-30 14:00:00', 1026),
(5325, 115, 4, 1, '2022-07-30 10:00:00', 0, '2022-07-30 14:00:00', 1026),
(5326, 115, 5, 4, '2022-07-30 10:00:00', 0, '2022-07-30 14:00:00', 1026),
(5327, 115, 6, 1, '2022-07-30 10:00:00', 0, '2022-07-30 14:00:00', 1026),
(5328, 115, 7, 2, '2022-07-30 10:00:00', 0, '2022-07-30 14:00:00', 1026),
(5329, 115, 1, 2, '2022-07-30 14:00:00', 0, '2022-07-30 18:00:00', 1027),
(5330, 115, 2, 1, '2022-07-30 14:00:00', 0, '2022-07-30 18:00:00', 1027),
(5331, 115, 3, 2, '2022-07-30 14:00:00', 0, '2022-07-30 18:00:00', 1027),
(5332, 115, 4, 1, '2022-07-30 14:00:00', 0, '2022-07-30 18:00:00', 1027),
(5333, 115, 5, 4, '2022-07-30 14:00:00', 0, '2022-07-30 18:00:00', 1027),
(5334, 115, 6, 1, '2022-07-30 14:00:00', 0, '2022-07-30 18:00:00', 1027),
(5335, 115, 7, 2, '2022-07-30 14:00:00', 0, '2022-07-30 18:00:00', 1027),
(5336, 115, 1, 2, '2022-07-30 18:00:00', 0, '2022-07-30 22:00:00', 1028),
(5337, 115, 2, 1, '2022-07-30 18:00:00', 0, '2022-07-30 22:00:00', 1028),
(5338, 115, 3, 2, '2022-07-30 18:00:00', 0, '2022-07-30 22:00:00', 1028),
(5339, 115, 4, 1, '2022-07-30 18:00:00', 0, '2022-07-30 22:00:00', 1028),
(5340, 115, 5, 4, '2022-07-30 18:00:00', 0, '2022-07-30 22:00:00', 1028),
(5341, 115, 6, 1, '2022-07-30 18:00:00', 0, '2022-07-30 22:00:00', 1028),
(5342, 115, 7, 2, '2022-07-30 18:00:00', 0, '2022-07-30 22:00:00', 1028),
(5343, 115, 1, 2, '2022-07-30 22:00:00', 0, '2022-07-31 06:00:00', 1029),
(5344, 115, 2, 1, '2022-07-30 22:00:00', 0, '2022-07-31 06:00:00', 1029),
(5345, 115, 3, 2, '2022-07-30 22:00:00', 0, '2022-07-31 06:00:00', 1029),
(5346, 115, 4, 1, '2022-07-30 22:00:00', 0, '2022-07-31 06:00:00', 1029),
(5347, 115, 5, 4, '2022-07-30 22:00:00', 0, '2022-07-31 06:00:00', 1029),
(5348, 115, 6, 1, '2022-07-30 22:00:00', 0, '2022-07-31 06:00:00', 1029),
(5349, 115, 7, 2, '2022-07-30 22:00:00', 0, '2022-07-31 06:00:00', 1029),
(5350, 115, 1, 2, '2022-07-31 06:00:00', 0, '2022-07-31 10:00:00', 1030),
(5351, 115, 2, 1, '2022-07-31 06:00:00', 0, '2022-07-31 10:00:00', 1030),
(5352, 115, 3, 2, '2022-07-31 06:00:00', 0, '2022-07-31 10:00:00', 1030),
(5353, 115, 4, 1, '2022-07-31 06:00:00', 0, '2022-07-31 10:00:00', 1030),
(5354, 115, 5, 4, '2022-07-31 06:00:00', 0, '2022-07-31 10:00:00', 1030),
(5355, 115, 6, 1, '2022-07-31 06:00:00', 0, '2022-07-31 10:00:00', 1030),
(5356, 115, 7, 2, '2022-07-31 06:00:00', 0, '2022-07-31 10:00:00', 1030),
(5357, 115, 1, 2, '2022-07-31 10:00:00', 0, '2022-07-31 14:00:00', 1031),
(5358, 115, 2, 1, '2022-07-31 10:00:00', 0, '2022-07-31 14:00:00', 1031),
(5359, 115, 3, 2, '2022-07-31 10:00:00', 0, '2022-07-31 14:00:00', 1031),
(5360, 115, 4, 1, '2022-07-31 10:00:00', 0, '2022-07-31 14:00:00', 1031),
(5361, 115, 5, 4, '2022-07-31 10:00:00', 0, '2022-07-31 14:00:00', 1031),
(5362, 115, 6, 1, '2022-07-31 10:00:00', 0, '2022-07-31 14:00:00', 1031),
(5363, 115, 7, 2, '2022-07-31 10:00:00', 0, '2022-07-31 14:00:00', 1031),
(5364, 115, 1, 2, '2022-07-31 14:00:00', 0, '2022-07-31 18:00:00', 1032),
(5365, 115, 2, 1, '2022-07-31 14:00:00', 0, '2022-07-31 18:00:00', 1032),
(5366, 115, 3, 2, '2022-07-31 14:00:00', 0, '2022-07-31 18:00:00', 1032),
(5367, 115, 4, 1, '2022-07-31 14:00:00', 0, '2022-07-31 18:00:00', 1032),
(5368, 115, 5, 4, '2022-07-31 14:00:00', 0, '2022-07-31 18:00:00', 1032),
(5369, 115, 6, 1, '2022-07-31 14:00:00', 0, '2022-07-31 18:00:00', 1032),
(5370, 115, 7, 2, '2022-07-31 14:00:00', 0, '2022-07-31 18:00:00', 1032),
(5371, 115, 1, 2, '2022-07-31 18:00:00', 0, '2022-07-31 22:00:00', 1033),
(5372, 115, 2, 1, '2022-07-31 18:00:00', 0, '2022-07-31 22:00:00', 1033),
(5373, 115, 3, 2, '2022-07-31 18:00:00', 0, '2022-07-31 22:00:00', 1033),
(5374, 115, 4, 1, '2022-07-31 18:00:00', 0, '2022-07-31 22:00:00', 1033),
(5375, 115, 5, 4, '2022-07-31 18:00:00', 0, '2022-07-31 22:00:00', 1033),
(5376, 115, 6, 1, '2022-07-31 18:00:00', 0, '2022-07-31 22:00:00', 1033),
(5377, 115, 7, 2, '2022-07-31 18:00:00', 0, '2022-07-31 22:00:00', 1033),
(5378, 115, 1, 2, '2022-07-31 22:00:00', 0, '2022-08-01 06:00:00', 1034),
(5379, 115, 2, 1, '2022-07-31 22:00:00', 0, '2022-08-01 06:00:00', 1034),
(5380, 115, 3, 2, '2022-07-31 22:00:00', 0, '2022-08-01 06:00:00', 1034),
(5381, 115, 4, 1, '2022-07-31 22:00:00', 0, '2022-08-01 06:00:00', 1034),
(5382, 115, 5, 4, '2022-07-31 22:00:00', 0, '2022-08-01 06:00:00', 1034),
(5383, 115, 6, 1, '2022-07-31 22:00:00', 0, '2022-08-01 06:00:00', 1034),
(5384, 115, 7, 2, '2022-07-31 22:00:00', 0, '2022-08-01 06:00:00', 1034),
(5385, 116, 1, 1, '2022-08-01 06:00:00', 0, '2022-08-01 10:00:00', 100),
(5386, 116, 2, 1, '2022-08-01 06:00:00', 0, '2022-08-01 10:00:00', 100),
(5387, 116, 3, 2, '2022-08-01 06:00:00', 0, '2022-08-01 10:00:00', 100),
(5388, 116, 4, 1, '2022-08-01 06:00:00', 0, '2022-08-01 10:00:00', 100),
(5389, 116, 5, 4, '2022-08-01 06:00:00', 0, '2022-08-01 10:00:00', 100),
(5390, 116, 6, 1, '2022-08-01 06:00:00', 0, '2022-08-01 10:00:00', 100),
(5391, 116, 7, 1, '2022-08-01 06:00:00', 0, '2022-08-01 10:00:00', 100),
(5392, 116, 1, 1, '2022-08-01 10:00:00', 0, '2022-08-01 14:00:00', 101),
(5393, 116, 2, 1, '2022-08-01 10:00:00', 0, '2022-08-01 14:00:00', 101),
(5394, 116, 3, 2, '2022-08-01 10:00:00', 0, '2022-08-01 14:00:00', 101),
(5395, 116, 4, 1, '2022-08-01 10:00:00', 0, '2022-08-01 14:00:00', 101),
(5396, 116, 5, 4, '2022-08-01 10:00:00', 0, '2022-08-01 14:00:00', 101),
(5397, 116, 6, 1, '2022-08-01 10:00:00', 0, '2022-08-01 14:00:00', 101),
(5398, 116, 7, 1, '2022-08-01 10:00:00', 0, '2022-08-01 14:00:00', 101),
(5399, 116, 1, 1, '2022-08-01 14:00:00', 0, '2022-08-01 18:00:00', 102),
(5400, 116, 2, 1, '2022-08-01 14:00:00', 0, '2022-08-01 18:00:00', 102),
(5401, 116, 3, 2, '2022-08-01 14:00:00', 0, '2022-08-01 18:00:00', 102),
(5402, 116, 4, 1, '2022-08-01 14:00:00', 0, '2022-08-01 18:00:00', 102),
(5403, 116, 5, 4, '2022-08-01 14:00:00', 0, '2022-08-01 18:00:00', 102),
(5404, 116, 6, 1, '2022-08-01 14:00:00', 0, '2022-08-01 18:00:00', 102),
(5405, 116, 7, 1, '2022-08-01 14:00:00', 0, '2022-08-01 18:00:00', 102),
(5406, 116, 1, 1, '2022-08-01 18:00:00', 0, '2022-08-01 22:00:00', 103),
(5407, 116, 2, 1, '2022-08-01 18:00:00', 0, '2022-08-01 22:00:00', 103),
(5408, 116, 3, 2, '2022-08-01 18:00:00', 0, '2022-08-01 22:00:00', 103),
(5409, 116, 4, 1, '2022-08-01 18:00:00', 0, '2022-08-01 22:00:00', 103),
(5410, 116, 5, 4, '2022-08-01 18:00:00', 0, '2022-08-01 22:00:00', 103),
(5411, 116, 6, 1, '2022-08-01 18:00:00', 0, '2022-08-01 22:00:00', 103),
(5412, 116, 7, 1, '2022-08-01 18:00:00', 0, '2022-08-01 22:00:00', 103),
(5413, 116, 1, 1, '2022-08-01 22:00:00', 0, '2022-08-02 06:00:00', 104),
(5414, 116, 2, 1, '2022-08-01 22:00:00', 0, '2022-08-02 06:00:00', 104),
(5415, 116, 3, 2, '2022-08-01 22:00:00', 0, '2022-08-02 06:00:00', 104),
(5416, 116, 4, 1, '2022-08-01 22:00:00', 0, '2022-08-02 06:00:00', 104),
(5417, 116, 5, 4, '2022-08-01 22:00:00', 0, '2022-08-02 06:00:00', 104),
(5418, 116, 6, 1, '2022-08-01 22:00:00', 0, '2022-08-02 06:00:00', 104),
(5419, 116, 7, 1, '2022-08-01 22:00:00', 0, '2022-08-02 06:00:00', 104),
(5420, 116, 1, 1, '2022-08-02 06:00:00', 0, '2022-08-02 10:00:00', 105),
(5421, 116, 2, 1, '2022-08-02 06:00:00', 0, '2022-08-02 10:00:00', 105),
(5422, 116, 3, 2, '2022-08-02 06:00:00', 0, '2022-08-02 10:00:00', 105),
(5423, 116, 4, 1, '2022-08-02 06:00:00', 0, '2022-08-02 10:00:00', 105),
(5424, 116, 5, 4, '2022-08-02 06:00:00', 0, '2022-08-02 10:00:00', 105),
(5425, 116, 6, 1, '2022-08-02 06:00:00', 0, '2022-08-02 10:00:00', 105),
(5426, 116, 7, 1, '2022-08-02 06:00:00', 0, '2022-08-02 10:00:00', 105),
(5427, 116, 1, 1, '2022-08-02 10:00:00', 0, '2022-08-02 14:00:00', 106),
(5428, 116, 2, 1, '2022-08-02 10:00:00', 0, '2022-08-02 14:00:00', 106),
(5429, 116, 3, 2, '2022-08-02 10:00:00', 0, '2022-08-02 14:00:00', 106),
(5430, 116, 4, 1, '2022-08-02 10:00:00', 0, '2022-08-02 14:00:00', 106),
(5431, 116, 5, 4, '2022-08-02 10:00:00', 0, '2022-08-02 14:00:00', 106),
(5432, 116, 6, 1, '2022-08-02 10:00:00', 0, '2022-08-02 14:00:00', 106),
(5433, 116, 7, 1, '2022-08-02 10:00:00', 0, '2022-08-02 14:00:00', 106),
(5434, 116, 1, 1, '2022-08-02 14:00:00', 0, '2022-08-02 18:00:00', 107),
(5435, 116, 2, 1, '2022-08-02 14:00:00', 0, '2022-08-02 18:00:00', 107),
(5436, 116, 3, 2, '2022-08-02 14:00:00', 0, '2022-08-02 18:00:00', 107),
(5437, 116, 4, 1, '2022-08-02 14:00:00', 0, '2022-08-02 18:00:00', 107),
(5438, 116, 5, 4, '2022-08-02 14:00:00', 0, '2022-08-02 18:00:00', 107),
(5439, 116, 6, 1, '2022-08-02 14:00:00', 0, '2022-08-02 18:00:00', 107),
(5440, 116, 7, 1, '2022-08-02 14:00:00', 0, '2022-08-02 18:00:00', 107),
(5441, 116, 1, 1, '2022-08-02 18:00:00', 0, '2022-08-02 22:00:00', 108),
(5442, 116, 2, 1, '2022-08-02 18:00:00', 0, '2022-08-02 22:00:00', 108),
(5443, 116, 3, 2, '2022-08-02 18:00:00', 0, '2022-08-02 22:00:00', 108),
(5444, 116, 4, 1, '2022-08-02 18:00:00', 0, '2022-08-02 22:00:00', 108),
(5445, 116, 5, 4, '2022-08-02 18:00:00', 0, '2022-08-02 22:00:00', 108),
(5446, 116, 6, 1, '2022-08-02 18:00:00', 0, '2022-08-02 22:00:00', 108),
(5447, 116, 7, 1, '2022-08-02 18:00:00', 0, '2022-08-02 22:00:00', 108),
(5448, 116, 1, 1, '2022-08-02 22:00:00', 0, '2022-08-03 06:00:00', 109),
(5449, 116, 2, 1, '2022-08-02 22:00:00', 0, '2022-08-03 06:00:00', 109),
(5450, 116, 3, 2, '2022-08-02 22:00:00', 0, '2022-08-03 06:00:00', 109),
(5451, 116, 4, 1, '2022-08-02 22:00:00', 0, '2022-08-03 06:00:00', 109),
(5452, 116, 5, 4, '2022-08-02 22:00:00', 0, '2022-08-03 06:00:00', 109),
(5453, 116, 6, 1, '2022-08-02 22:00:00', 0, '2022-08-03 06:00:00', 109),
(5454, 116, 7, 1, '2022-08-02 22:00:00', 0, '2022-08-03 06:00:00', 109),
(5455, 116, 1, 1, '2022-08-03 06:00:00', 0, '2022-08-03 10:00:00', 1010),
(5456, 116, 2, 1, '2022-08-03 06:00:00', 0, '2022-08-03 10:00:00', 1010),
(5457, 116, 3, 2, '2022-08-03 06:00:00', 0, '2022-08-03 10:00:00', 1010),
(5458, 116, 4, 1, '2022-08-03 06:00:00', 0, '2022-08-03 10:00:00', 1010),
(5459, 116, 5, 4, '2022-08-03 06:00:00', 0, '2022-08-03 10:00:00', 1010),
(5460, 116, 6, 1, '2022-08-03 06:00:00', 0, '2022-08-03 10:00:00', 1010),
(5461, 116, 7, 1, '2022-08-03 06:00:00', 0, '2022-08-03 10:00:00', 1010),
(5462, 116, 1, 1, '2022-08-03 10:00:00', 0, '2022-08-03 14:00:00', 1011),
(5463, 116, 2, 1, '2022-08-03 10:00:00', 0, '2022-08-03 14:00:00', 1011),
(5464, 116, 3, 2, '2022-08-03 10:00:00', 0, '2022-08-03 14:00:00', 1011),
(5465, 116, 4, 1, '2022-08-03 10:00:00', 0, '2022-08-03 14:00:00', 1011),
(5466, 116, 5, 4, '2022-08-03 10:00:00', 0, '2022-08-03 14:00:00', 1011),
(5467, 116, 6, 1, '2022-08-03 10:00:00', 0, '2022-08-03 14:00:00', 1011),
(5468, 116, 7, 1, '2022-08-03 10:00:00', 0, '2022-08-03 14:00:00', 1011),
(5469, 116, 1, 1, '2022-08-03 14:00:00', 0, '2022-08-03 18:00:00', 1012),
(5470, 116, 2, 1, '2022-08-03 14:00:00', 0, '2022-08-03 18:00:00', 1012),
(5471, 116, 3, 2, '2022-08-03 14:00:00', 0, '2022-08-03 18:00:00', 1012),
(5472, 116, 4, 1, '2022-08-03 14:00:00', 0, '2022-08-03 18:00:00', 1012),
(5473, 116, 5, 4, '2022-08-03 14:00:00', 0, '2022-08-03 18:00:00', 1012),
(5474, 116, 6, 1, '2022-08-03 14:00:00', 0, '2022-08-03 18:00:00', 1012),
(5475, 116, 7, 1, '2022-08-03 14:00:00', 0, '2022-08-03 18:00:00', 1012),
(5476, 116, 1, 1, '2022-08-03 18:00:00', 0, '2022-08-03 22:00:00', 1013),
(5477, 116, 2, 1, '2022-08-03 18:00:00', 0, '2022-08-03 22:00:00', 1013),
(5478, 116, 3, 2, '2022-08-03 18:00:00', 0, '2022-08-03 22:00:00', 1013),
(5479, 116, 4, 1, '2022-08-03 18:00:00', 0, '2022-08-03 22:00:00', 1013),
(5480, 116, 5, 4, '2022-08-03 18:00:00', 0, '2022-08-03 22:00:00', 1013),
(5481, 116, 6, 1, '2022-08-03 18:00:00', 0, '2022-08-03 22:00:00', 1013),
(5482, 116, 7, 1, '2022-08-03 18:00:00', 0, '2022-08-03 22:00:00', 1013),
(5483, 116, 1, 1, '2022-08-03 22:00:00', 0, '2022-08-04 06:00:00', 1014),
(5484, 116, 2, 1, '2022-08-03 22:00:00', 0, '2022-08-04 06:00:00', 1014),
(5485, 116, 3, 2, '2022-08-03 22:00:00', 0, '2022-08-04 06:00:00', 1014),
(5486, 116, 4, 1, '2022-08-03 22:00:00', 0, '2022-08-04 06:00:00', 1014),
(5487, 116, 5, 4, '2022-08-03 22:00:00', 0, '2022-08-04 06:00:00', 1014),
(5488, 116, 6, 1, '2022-08-03 22:00:00', 0, '2022-08-04 06:00:00', 1014),
(5489, 116, 7, 1, '2022-08-03 22:00:00', 0, '2022-08-04 06:00:00', 1014),
(5490, 116, 1, 1, '2022-08-04 06:00:00', 0, '2022-08-04 10:00:00', 1015),
(5491, 116, 2, 1, '2022-08-04 06:00:00', 0, '2022-08-04 10:00:00', 1015),
(5492, 116, 3, 2, '2022-08-04 06:00:00', 0, '2022-08-04 10:00:00', 1015),
(5493, 116, 4, 1, '2022-08-04 06:00:00', 0, '2022-08-04 10:00:00', 1015),
(5494, 116, 5, 4, '2022-08-04 06:00:00', 0, '2022-08-04 10:00:00', 1015),
(5495, 116, 6, 1, '2022-08-04 06:00:00', 0, '2022-08-04 10:00:00', 1015),
(5496, 116, 7, 1, '2022-08-04 06:00:00', 0, '2022-08-04 10:00:00', 1015),
(5497, 116, 1, 1, '2022-08-04 10:00:00', 0, '2022-08-04 14:00:00', 1016),
(5498, 116, 2, 1, '2022-08-04 10:00:00', 0, '2022-08-04 14:00:00', 1016),
(5499, 116, 3, 2, '2022-08-04 10:00:00', 0, '2022-08-04 14:00:00', 1016),
(5500, 116, 4, 1, '2022-08-04 10:00:00', 0, '2022-08-04 14:00:00', 1016),
(5501, 116, 5, 4, '2022-08-04 10:00:00', 0, '2022-08-04 14:00:00', 1016),
(5502, 116, 6, 1, '2022-08-04 10:00:00', 0, '2022-08-04 14:00:00', 1016),
(5503, 116, 7, 1, '2022-08-04 10:00:00', 0, '2022-08-04 14:00:00', 1016),
(5504, 116, 1, 1, '2022-08-04 14:00:00', 0, '2022-08-04 18:00:00', 1017),
(5505, 116, 2, 1, '2022-08-04 14:00:00', 0, '2022-08-04 18:00:00', 1017),
(5506, 116, 3, 2, '2022-08-04 14:00:00', 0, '2022-08-04 18:00:00', 1017),
(5507, 116, 4, 1, '2022-08-04 14:00:00', 0, '2022-08-04 18:00:00', 1017),
(5508, 116, 5, 4, '2022-08-04 14:00:00', 0, '2022-08-04 18:00:00', 1017),
(5509, 116, 6, 1, '2022-08-04 14:00:00', 0, '2022-08-04 18:00:00', 1017),
(5510, 116, 7, 1, '2022-08-04 14:00:00', 0, '2022-08-04 18:00:00', 1017),
(5511, 116, 1, 1, '2022-08-04 18:00:00', 0, '2022-08-04 22:00:00', 1018),
(5512, 116, 2, 1, '2022-08-04 18:00:00', 0, '2022-08-04 22:00:00', 1018),
(5513, 116, 3, 2, '2022-08-04 18:00:00', 0, '2022-08-04 22:00:00', 1018),
(5514, 116, 4, 1, '2022-08-04 18:00:00', 0, '2022-08-04 22:00:00', 1018),
(5515, 116, 5, 4, '2022-08-04 18:00:00', 0, '2022-08-04 22:00:00', 1018),
(5516, 116, 6, 1, '2022-08-04 18:00:00', 0, '2022-08-04 22:00:00', 1018),
(5517, 116, 7, 1, '2022-08-04 18:00:00', 0, '2022-08-04 22:00:00', 1018),
(5518, 116, 1, 1, '2022-08-04 22:00:00', 0, '2022-08-05 06:00:00', 1019),
(5519, 116, 2, 1, '2022-08-04 22:00:00', 0, '2022-08-05 06:00:00', 1019),
(5520, 116, 3, 2, '2022-08-04 22:00:00', 0, '2022-08-05 06:00:00', 1019),
(5521, 116, 4, 1, '2022-08-04 22:00:00', 0, '2022-08-05 06:00:00', 1019),
(5522, 116, 5, 4, '2022-08-04 22:00:00', 0, '2022-08-05 06:00:00', 1019),
(5523, 116, 6, 1, '2022-08-04 22:00:00', 0, '2022-08-05 06:00:00', 1019),
(5524, 116, 7, 1, '2022-08-04 22:00:00', 0, '2022-08-05 06:00:00', 1019),
(5525, 116, 1, 1, '2022-08-05 06:00:00', 0, '2022-08-05 10:00:00', 1020),
(5526, 116, 2, 1, '2022-08-05 06:00:00', 0, '2022-08-05 10:00:00', 1020),
(5527, 116, 3, 2, '2022-08-05 06:00:00', 0, '2022-08-05 10:00:00', 1020),
(5528, 116, 4, 1, '2022-08-05 06:00:00', 0, '2022-08-05 10:00:00', 1020),
(5529, 116, 5, 4, '2022-08-05 06:00:00', 0, '2022-08-05 10:00:00', 1020),
(5530, 116, 6, 1, '2022-08-05 06:00:00', 0, '2022-08-05 10:00:00', 1020),
(5531, 116, 7, 1, '2022-08-05 06:00:00', 0, '2022-08-05 10:00:00', 1020),
(5532, 116, 1, 1, '2022-08-05 10:00:00', 0, '2022-08-05 14:00:00', 1021),
(5533, 116, 2, 1, '2022-08-05 10:00:00', 0, '2022-08-05 14:00:00', 1021),
(5534, 116, 3, 2, '2022-08-05 10:00:00', 0, '2022-08-05 14:00:00', 1021),
(5535, 116, 4, 1, '2022-08-05 10:00:00', 0, '2022-08-05 14:00:00', 1021),
(5536, 116, 5, 4, '2022-08-05 10:00:00', 0, '2022-08-05 14:00:00', 1021),
(5537, 116, 6, 1, '2022-08-05 10:00:00', 0, '2022-08-05 14:00:00', 1021),
(5538, 116, 7, 1, '2022-08-05 10:00:00', 0, '2022-08-05 14:00:00', 1021),
(5539, 116, 1, 1, '2022-08-05 14:00:00', 0, '2022-08-05 18:00:00', 1022),
(5540, 116, 2, 1, '2022-08-05 14:00:00', 0, '2022-08-05 18:00:00', 1022),
(5541, 116, 3, 2, '2022-08-05 14:00:00', 0, '2022-08-05 18:00:00', 1022),
(5542, 116, 4, 1, '2022-08-05 14:00:00', 0, '2022-08-05 18:00:00', 1022),
(5543, 116, 5, 4, '2022-08-05 14:00:00', 0, '2022-08-05 18:00:00', 1022),
(5544, 116, 6, 1, '2022-08-05 14:00:00', 0, '2022-08-05 18:00:00', 1022),
(5545, 116, 7, 1, '2022-08-05 14:00:00', 0, '2022-08-05 18:00:00', 1022),
(5546, 116, 1, 1, '2022-08-05 18:00:00', 0, '2022-08-05 22:00:00', 1023),
(5547, 116, 2, 1, '2022-08-05 18:00:00', 0, '2022-08-05 22:00:00', 1023),
(5548, 116, 3, 2, '2022-08-05 18:00:00', 0, '2022-08-05 22:00:00', 1023),
(5549, 116, 4, 1, '2022-08-05 18:00:00', 0, '2022-08-05 22:00:00', 1023),
(5550, 116, 5, 4, '2022-08-05 18:00:00', 0, '2022-08-05 22:00:00', 1023),
(5551, 116, 6, 1, '2022-08-05 18:00:00', 0, '2022-08-05 22:00:00', 1023),
(5552, 116, 7, 1, '2022-08-05 18:00:00', 0, '2022-08-05 22:00:00', 1023),
(5553, 116, 1, 1, '2022-08-05 22:00:00', 0, '2022-08-06 06:00:00', 1024),
(5554, 116, 2, 1, '2022-08-05 22:00:00', 0, '2022-08-06 06:00:00', 1024),
(5555, 116, 3, 2, '2022-08-05 22:00:00', 0, '2022-08-06 06:00:00', 1024),
(5556, 116, 4, 1, '2022-08-05 22:00:00', 0, '2022-08-06 06:00:00', 1024),
(5557, 116, 5, 4, '2022-08-05 22:00:00', 0, '2022-08-06 06:00:00', 1024),
(5558, 116, 6, 1, '2022-08-05 22:00:00', 0, '2022-08-06 06:00:00', 1024),
(5559, 116, 7, 1, '2022-08-05 22:00:00', 0, '2022-08-06 06:00:00', 1024),
(5560, 116, 1, 1, '2022-08-06 06:00:00', 0, '2022-08-06 10:00:00', 1025),
(5561, 116, 2, 1, '2022-08-06 06:00:00', 0, '2022-08-06 10:00:00', 1025),
(5562, 116, 3, 2, '2022-08-06 06:00:00', 0, '2022-08-06 10:00:00', 1025),
(5563, 116, 4, 1, '2022-08-06 06:00:00', 0, '2022-08-06 10:00:00', 1025),
(5564, 116, 5, 4, '2022-08-06 06:00:00', 0, '2022-08-06 10:00:00', 1025),
(5565, 116, 6, 1, '2022-08-06 06:00:00', 0, '2022-08-06 10:00:00', 1025),
(5566, 116, 7, 1, '2022-08-06 06:00:00', 0, '2022-08-06 10:00:00', 1025),
(5567, 116, 1, 1, '2022-08-06 10:00:00', 0, '2022-08-06 14:00:00', 1026),
(5568, 116, 2, 1, '2022-08-06 10:00:00', 0, '2022-08-06 14:00:00', 1026),
(5569, 116, 3, 2, '2022-08-06 10:00:00', 0, '2022-08-06 14:00:00', 1026),
(5570, 116, 4, 1, '2022-08-06 10:00:00', 0, '2022-08-06 14:00:00', 1026),
(5571, 116, 5, 4, '2022-08-06 10:00:00', 0, '2022-08-06 14:00:00', 1026),
(5572, 116, 6, 1, '2022-08-06 10:00:00', 0, '2022-08-06 14:00:00', 1026),
(5573, 116, 7, 1, '2022-08-06 10:00:00', 0, '2022-08-06 14:00:00', 1026),
(5574, 116, 1, 1, '2022-08-06 14:00:00', 0, '2022-08-06 18:00:00', 1027),
(5575, 116, 2, 1, '2022-08-06 14:00:00', 0, '2022-08-06 18:00:00', 1027),
(5576, 116, 3, 2, '2022-08-06 14:00:00', 0, '2022-08-06 18:00:00', 1027),
(5577, 116, 4, 1, '2022-08-06 14:00:00', 0, '2022-08-06 18:00:00', 1027),
(5578, 116, 5, 4, '2022-08-06 14:00:00', 0, '2022-08-06 18:00:00', 1027),
(5579, 116, 6, 1, '2022-08-06 14:00:00', 0, '2022-08-06 18:00:00', 1027),
(5580, 116, 7, 1, '2022-08-06 14:00:00', 0, '2022-08-06 18:00:00', 1027),
(5581, 116, 1, 1, '2022-08-06 18:00:00', 0, '2022-08-06 22:00:00', 1028),
(5582, 116, 2, 1, '2022-08-06 18:00:00', 0, '2022-08-06 22:00:00', 1028),
(5583, 116, 3, 2, '2022-08-06 18:00:00', 0, '2022-08-06 22:00:00', 1028),
(5584, 116, 4, 1, '2022-08-06 18:00:00', 0, '2022-08-06 22:00:00', 1028),
(5585, 116, 5, 4, '2022-08-06 18:00:00', 0, '2022-08-06 22:00:00', 1028),
(5586, 116, 6, 1, '2022-08-06 18:00:00', 0, '2022-08-06 22:00:00', 1028),
(5587, 116, 7, 1, '2022-08-06 18:00:00', 0, '2022-08-06 22:00:00', 1028),
(5588, 116, 1, 1, '2022-08-06 22:00:00', 0, '2022-08-07 06:00:00', 1029),
(5589, 116, 2, 1, '2022-08-06 22:00:00', 0, '2022-08-07 06:00:00', 1029),
(5590, 116, 3, 2, '2022-08-06 22:00:00', 0, '2022-08-07 06:00:00', 1029),
(5591, 116, 4, 1, '2022-08-06 22:00:00', 0, '2022-08-07 06:00:00', 1029),
(5592, 116, 5, 4, '2022-08-06 22:00:00', 0, '2022-08-07 06:00:00', 1029),
(5593, 116, 6, 1, '2022-08-06 22:00:00', 0, '2022-08-07 06:00:00', 1029),
(5594, 116, 7, 1, '2022-08-06 22:00:00', 0, '2022-08-07 06:00:00', 1029),
(5595, 116, 1, 1, '2022-08-07 06:00:00', 0, '2022-08-07 10:00:00', 1030),
(5596, 116, 2, 1, '2022-08-07 06:00:00', 0, '2022-08-07 10:00:00', 1030),
(5597, 116, 3, 2, '2022-08-07 06:00:00', 0, '2022-08-07 10:00:00', 1030),
(5598, 116, 4, 1, '2022-08-07 06:00:00', 0, '2022-08-07 10:00:00', 1030),
(5599, 116, 5, 4, '2022-08-07 06:00:00', 0, '2022-08-07 10:00:00', 1030),
(5600, 116, 6, 1, '2022-08-07 06:00:00', 0, '2022-08-07 10:00:00', 1030),
(5601, 116, 7, 1, '2022-08-07 06:00:00', 0, '2022-08-07 10:00:00', 1030),
(5602, 116, 1, 1, '2022-08-07 10:00:00', 0, '2022-08-07 14:00:00', 1031),
(5603, 116, 2, 1, '2022-08-07 10:00:00', 0, '2022-08-07 14:00:00', 1031),
(5604, 116, 3, 2, '2022-08-07 10:00:00', 0, '2022-08-07 14:00:00', 1031),
(5605, 116, 4, 1, '2022-08-07 10:00:00', 0, '2022-08-07 14:00:00', 1031),
(5606, 116, 5, 4, '2022-08-07 10:00:00', 0, '2022-08-07 14:00:00', 1031),
(5607, 116, 6, 1, '2022-08-07 10:00:00', 0, '2022-08-07 14:00:00', 1031),
(5608, 116, 7, 1, '2022-08-07 10:00:00', 0, '2022-08-07 14:00:00', 1031),
(5609, 116, 1, 1, '2022-08-07 14:00:00', 0, '2022-08-07 18:00:00', 1032),
(5610, 116, 2, 1, '2022-08-07 14:00:00', 0, '2022-08-07 18:00:00', 1032),
(5611, 116, 3, 2, '2022-08-07 14:00:00', 0, '2022-08-07 18:00:00', 1032),
(5612, 116, 4, 1, '2022-08-07 14:00:00', 0, '2022-08-07 18:00:00', 1032),
(5613, 116, 5, 4, '2022-08-07 14:00:00', 0, '2022-08-07 18:00:00', 1032),
(5614, 116, 6, 1, '2022-08-07 14:00:00', 0, '2022-08-07 18:00:00', 1032),
(5615, 116, 7, 1, '2022-08-07 14:00:00', 0, '2022-08-07 18:00:00', 1032),
(5616, 116, 1, 1, '2022-08-07 18:00:00', 0, '2022-08-07 22:00:00', 1033),
(5617, 116, 2, 1, '2022-08-07 18:00:00', 0, '2022-08-07 22:00:00', 1033),
(5618, 116, 3, 2, '2022-08-07 18:00:00', 0, '2022-08-07 22:00:00', 1033),
(5619, 116, 4, 1, '2022-08-07 18:00:00', 0, '2022-08-07 22:00:00', 1033),
(5620, 116, 5, 4, '2022-08-07 18:00:00', 0, '2022-08-07 22:00:00', 1033),
(5621, 116, 6, 1, '2022-08-07 18:00:00', 0, '2022-08-07 22:00:00', 1033),
(5622, 116, 7, 1, '2022-08-07 18:00:00', 0, '2022-08-07 22:00:00', 1033),
(5623, 116, 1, 1, '2022-08-07 22:00:00', 0, '2022-08-08 06:00:00', 1034),
(5624, 116, 2, 1, '2022-08-07 22:00:00', 0, '2022-08-08 06:00:00', 1034),
(5625, 116, 3, 2, '2022-08-07 22:00:00', 0, '2022-08-08 06:00:00', 1034),
(5626, 116, 4, 1, '2022-08-07 22:00:00', 0, '2022-08-08 06:00:00', 1034),
(5627, 116, 5, 4, '2022-08-07 22:00:00', 0, '2022-08-08 06:00:00', 1034),
(5628, 116, 6, 1, '2022-08-07 22:00:00', 0, '2022-08-08 06:00:00', 1034),
(5629, 116, 7, 1, '2022-08-07 22:00:00', 0, '2022-08-08 06:00:00', 1034),
(5630, 117, 1, 2, '2022-08-08 06:00:00', 0, '2022-08-08 10:00:00', 100),
(5631, 117, 2, 2, '2022-08-08 06:00:00', 0, '2022-08-08 10:00:00', 100),
(5632, 117, 3, 1, '2022-08-08 06:00:00', 0, '2022-08-08 10:00:00', 100),
(5633, 117, 4, 1, '2022-08-08 06:00:00', 0, '2022-08-08 10:00:00', 100),
(5634, 117, 5, 2, '2022-08-08 06:00:00', 0, '2022-08-08 10:00:00', 100),
(5635, 117, 6, 1, '2022-08-08 06:00:00', 0, '2022-08-08 10:00:00', 100),
(5636, 117, 7, 1, '2022-08-08 06:00:00', 0, '2022-08-08 10:00:00', 100),
(5637, 117, 1, 2, '2022-08-08 10:00:00', 0, '2022-08-08 14:00:00', 101),
(5638, 117, 2, 2, '2022-08-08 10:00:00', 0, '2022-08-08 14:00:00', 101),
(5639, 117, 3, 1, '2022-08-08 10:00:00', 0, '2022-08-08 14:00:00', 101),
(5640, 117, 4, 1, '2022-08-08 10:00:00', 0, '2022-08-08 14:00:00', 101),
(5641, 117, 5, 2, '2022-08-08 10:00:00', 0, '2022-08-08 14:00:00', 101),
(5642, 117, 6, 1, '2022-08-08 10:00:00', 0, '2022-08-08 14:00:00', 101),
(5643, 117, 7, 1, '2022-08-08 10:00:00', 0, '2022-08-08 14:00:00', 101),
(5644, 117, 1, 2, '2022-08-08 14:00:00', 0, '2022-08-08 18:00:00', 102),
(5645, 117, 2, 2, '2022-08-08 14:00:00', 0, '2022-08-08 18:00:00', 102),
(5646, 117, 3, 1, '2022-08-08 14:00:00', 0, '2022-08-08 18:00:00', 102),
(5647, 117, 4, 1, '2022-08-08 14:00:00', 0, '2022-08-08 18:00:00', 102),
(5648, 117, 5, 2, '2022-08-08 14:00:00', 0, '2022-08-08 18:00:00', 102),
(5649, 117, 6, 1, '2022-08-08 14:00:00', 0, '2022-08-08 18:00:00', 102),
(5650, 117, 7, 1, '2022-08-08 14:00:00', 0, '2022-08-08 18:00:00', 102),
(5651, 117, 1, 2, '2022-08-08 18:00:00', 0, '2022-08-08 22:00:00', 103),
(5652, 117, 2, 2, '2022-08-08 18:00:00', 0, '2022-08-08 22:00:00', 103),
(5653, 117, 3, 1, '2022-08-08 18:00:00', 0, '2022-08-08 22:00:00', 103),
(5654, 117, 4, 1, '2022-08-08 18:00:00', 0, '2022-08-08 22:00:00', 103),
(5655, 117, 5, 2, '2022-08-08 18:00:00', 0, '2022-08-08 22:00:00', 103),
(5656, 117, 6, 1, '2022-08-08 18:00:00', 0, '2022-08-08 22:00:00', 103),
(5657, 117, 7, 1, '2022-08-08 18:00:00', 0, '2022-08-08 22:00:00', 103),
(5658, 117, 1, 2, '2022-08-08 22:00:00', 0, '2022-08-09 06:00:00', 104),
(5659, 117, 2, 2, '2022-08-08 22:00:00', 0, '2022-08-09 06:00:00', 104),
(5660, 117, 3, 1, '2022-08-08 22:00:00', 0, '2022-08-09 06:00:00', 104),
(5661, 117, 4, 1, '2022-08-08 22:00:00', 0, '2022-08-09 06:00:00', 104),
(5662, 117, 5, 2, '2022-08-08 22:00:00', 0, '2022-08-09 06:00:00', 104),
(5663, 117, 6, 1, '2022-08-08 22:00:00', 0, '2022-08-09 06:00:00', 104),
(5664, 117, 7, 1, '2022-08-08 22:00:00', 0, '2022-08-09 06:00:00', 104),
(5665, 117, 1, 2, '2022-08-09 06:00:00', 0, '2022-08-09 10:00:00', 105),
(5666, 117, 2, 2, '2022-08-09 06:00:00', 0, '2022-08-09 10:00:00', 105),
(5667, 117, 3, 1, '2022-08-09 06:00:00', 0, '2022-08-09 10:00:00', 105),
(5668, 117, 4, 1, '2022-08-09 06:00:00', 0, '2022-08-09 10:00:00', 105),
(5669, 117, 5, 2, '2022-08-09 06:00:00', 0, '2022-08-09 10:00:00', 105),
(5670, 117, 6, 1, '2022-08-09 06:00:00', 0, '2022-08-09 10:00:00', 105),
(5671, 117, 7, 1, '2022-08-09 06:00:00', 0, '2022-08-09 10:00:00', 105),
(5672, 117, 1, 2, '2022-08-09 10:00:00', 0, '2022-08-09 14:00:00', 106),
(5673, 117, 2, 2, '2022-08-09 10:00:00', 0, '2022-08-09 14:00:00', 106),
(5674, 117, 3, 1, '2022-08-09 10:00:00', 0, '2022-08-09 14:00:00', 106),
(5675, 117, 4, 1, '2022-08-09 10:00:00', 0, '2022-08-09 14:00:00', 106),
(5676, 117, 5, 2, '2022-08-09 10:00:00', 0, '2022-08-09 14:00:00', 106),
(5677, 117, 6, 1, '2022-08-09 10:00:00', 0, '2022-08-09 14:00:00', 106),
(5678, 117, 7, 1, '2022-08-09 10:00:00', 0, '2022-08-09 14:00:00', 106),
(5679, 117, 1, 2, '2022-08-09 14:00:00', 0, '2022-08-09 18:00:00', 107),
(5680, 117, 2, 2, '2022-08-09 14:00:00', 0, '2022-08-09 18:00:00', 107),
(5681, 117, 3, 1, '2022-08-09 14:00:00', 0, '2022-08-09 18:00:00', 107),
(5682, 117, 4, 1, '2022-08-09 14:00:00', 0, '2022-08-09 18:00:00', 107),
(5683, 117, 5, 2, '2022-08-09 14:00:00', 0, '2022-08-09 18:00:00', 107),
(5684, 117, 6, 1, '2022-08-09 14:00:00', 0, '2022-08-09 18:00:00', 107),
(5685, 117, 7, 1, '2022-08-09 14:00:00', 0, '2022-08-09 18:00:00', 107),
(5686, 117, 1, 2, '2022-08-09 18:00:00', 0, '2022-08-09 22:00:00', 108),
(5687, 117, 2, 2, '2022-08-09 18:00:00', 0, '2022-08-09 22:00:00', 108),
(5688, 117, 3, 1, '2022-08-09 18:00:00', 0, '2022-08-09 22:00:00', 108),
(5689, 117, 4, 1, '2022-08-09 18:00:00', 0, '2022-08-09 22:00:00', 108),
(5690, 117, 5, 2, '2022-08-09 18:00:00', 0, '2022-08-09 22:00:00', 108),
(5691, 117, 6, 1, '2022-08-09 18:00:00', 0, '2022-08-09 22:00:00', 108),
(5692, 117, 7, 1, '2022-08-09 18:00:00', 0, '2022-08-09 22:00:00', 108),
(5693, 117, 1, 2, '2022-08-09 22:00:00', 0, '2022-08-10 06:00:00', 109),
(5694, 117, 2, 2, '2022-08-09 22:00:00', 0, '2022-08-10 06:00:00', 109),
(5695, 117, 3, 1, '2022-08-09 22:00:00', 0, '2022-08-10 06:00:00', 109),
(5696, 117, 4, 1, '2022-08-09 22:00:00', 0, '2022-08-10 06:00:00', 109),
(5697, 117, 5, 2, '2022-08-09 22:00:00', 0, '2022-08-10 06:00:00', 109),
(5698, 117, 6, 1, '2022-08-09 22:00:00', 0, '2022-08-10 06:00:00', 109),
(5699, 117, 7, 1, '2022-08-09 22:00:00', 0, '2022-08-10 06:00:00', 109),
(5700, 117, 1, 2, '2022-08-10 06:00:00', 0, '2022-08-10 10:00:00', 1010),
(5701, 117, 2, 2, '2022-08-10 06:00:00', 0, '2022-08-10 10:00:00', 1010),
(5702, 117, 3, 1, '2022-08-10 06:00:00', 0, '2022-08-10 10:00:00', 1010),
(5703, 117, 4, 1, '2022-08-10 06:00:00', 0, '2022-08-10 10:00:00', 1010),
(5704, 117, 5, 2, '2022-08-10 06:00:00', 0, '2022-08-10 10:00:00', 1010),
(5705, 117, 6, 1, '2022-08-10 06:00:00', 0, '2022-08-10 10:00:00', 1010),
(5706, 117, 7, 1, '2022-08-10 06:00:00', 0, '2022-08-10 10:00:00', 1010),
(5707, 117, 1, 2, '2022-08-10 10:00:00', 0, '2022-08-10 14:00:00', 1011),
(5708, 117, 2, 2, '2022-08-10 10:00:00', 0, '2022-08-10 14:00:00', 1011),
(5709, 117, 3, 1, '2022-08-10 10:00:00', 0, '2022-08-10 14:00:00', 1011),
(5710, 117, 4, 1, '2022-08-10 10:00:00', 0, '2022-08-10 14:00:00', 1011),
(5711, 117, 5, 2, '2022-08-10 10:00:00', 0, '2022-08-10 14:00:00', 1011),
(5712, 117, 6, 1, '2022-08-10 10:00:00', 0, '2022-08-10 14:00:00', 1011),
(5713, 117, 7, 1, '2022-08-10 10:00:00', 0, '2022-08-10 14:00:00', 1011),
(5714, 117, 1, 2, '2022-08-10 14:00:00', 0, '2022-08-10 18:00:00', 1012),
(5715, 117, 2, 2, '2022-08-10 14:00:00', 0, '2022-08-10 18:00:00', 1012),
(5716, 117, 3, 1, '2022-08-10 14:00:00', 0, '2022-08-10 18:00:00', 1012),
(5717, 117, 4, 1, '2022-08-10 14:00:00', 0, '2022-08-10 18:00:00', 1012),
(5718, 117, 5, 2, '2022-08-10 14:00:00', 0, '2022-08-10 18:00:00', 1012),
(5719, 117, 6, 1, '2022-08-10 14:00:00', 0, '2022-08-10 18:00:00', 1012),
(5720, 117, 7, 1, '2022-08-10 14:00:00', 0, '2022-08-10 18:00:00', 1012),
(5721, 117, 1, 2, '2022-08-10 18:00:00', 0, '2022-08-10 22:00:00', 1013),
(5722, 117, 2, 2, '2022-08-10 18:00:00', 0, '2022-08-10 22:00:00', 1013),
(5723, 117, 3, 1, '2022-08-10 18:00:00', 0, '2022-08-10 22:00:00', 1013),
(5724, 117, 4, 1, '2022-08-10 18:00:00', 0, '2022-08-10 22:00:00', 1013),
(5725, 117, 5, 2, '2022-08-10 18:00:00', 0, '2022-08-10 22:00:00', 1013),
(5726, 117, 6, 1, '2022-08-10 18:00:00', 0, '2022-08-10 22:00:00', 1013),
(5727, 117, 7, 1, '2022-08-10 18:00:00', 0, '2022-08-10 22:00:00', 1013),
(5728, 117, 1, 2, '2022-08-10 22:00:00', 0, '2022-08-11 06:00:00', 1014),
(5729, 117, 2, 2, '2022-08-10 22:00:00', 0, '2022-08-11 06:00:00', 1014),
(5730, 117, 3, 1, '2022-08-10 22:00:00', 0, '2022-08-11 06:00:00', 1014),
(5731, 117, 4, 1, '2022-08-10 22:00:00', 0, '2022-08-11 06:00:00', 1014),
(5732, 117, 5, 2, '2022-08-10 22:00:00', 0, '2022-08-11 06:00:00', 1014),
(5733, 117, 6, 1, '2022-08-10 22:00:00', 0, '2022-08-11 06:00:00', 1014),
(5734, 117, 7, 1, '2022-08-10 22:00:00', 0, '2022-08-11 06:00:00', 1014),
(5735, 117, 1, 2, '2022-08-11 06:00:00', 0, '2022-08-11 10:00:00', 1015),
(5736, 117, 2, 2, '2022-08-11 06:00:00', 0, '2022-08-11 10:00:00', 1015),
(5737, 117, 3, 1, '2022-08-11 06:00:00', 0, '2022-08-11 10:00:00', 1015),
(5738, 117, 4, 1, '2022-08-11 06:00:00', 0, '2022-08-11 10:00:00', 1015),
(5739, 117, 5, 2, '2022-08-11 06:00:00', 0, '2022-08-11 10:00:00', 1015),
(5740, 117, 6, 1, '2022-08-11 06:00:00', 0, '2022-08-11 10:00:00', 1015),
(5741, 117, 7, 1, '2022-08-11 06:00:00', 0, '2022-08-11 10:00:00', 1015),
(5742, 117, 1, 2, '2022-08-11 10:00:00', 0, '2022-08-11 14:00:00', 1016),
(5743, 117, 2, 2, '2022-08-11 10:00:00', 0, '2022-08-11 14:00:00', 1016),
(5744, 117, 3, 1, '2022-08-11 10:00:00', 0, '2022-08-11 14:00:00', 1016),
(5745, 117, 4, 1, '2022-08-11 10:00:00', 0, '2022-08-11 14:00:00', 1016),
(5746, 117, 5, 2, '2022-08-11 10:00:00', 0, '2022-08-11 14:00:00', 1016),
(5747, 117, 6, 1, '2022-08-11 10:00:00', 0, '2022-08-11 14:00:00', 1016),
(5748, 117, 7, 1, '2022-08-11 10:00:00', 0, '2022-08-11 14:00:00', 1016),
(5749, 117, 1, 2, '2022-08-11 14:00:00', 0, '2022-08-11 18:00:00', 1017);
INSERT INTO `shift` (`Id`, `Id_Timeline`, `Id_Position`, `Number`, `Time_start`, `Is_OT`, `Time_end`, `Shift_code`) VALUES
(5750, 117, 2, 2, '2022-08-11 14:00:00', 0, '2022-08-11 18:00:00', 1017),
(5751, 117, 3, 1, '2022-08-11 14:00:00', 0, '2022-08-11 18:00:00', 1017),
(5752, 117, 4, 1, '2022-08-11 14:00:00', 0, '2022-08-11 18:00:00', 1017),
(5753, 117, 5, 2, '2022-08-11 14:00:00', 0, '2022-08-11 18:00:00', 1017),
(5754, 117, 6, 1, '2022-08-11 14:00:00', 0, '2022-08-11 18:00:00', 1017),
(5755, 117, 7, 1, '2022-08-11 14:00:00', 0, '2022-08-11 18:00:00', 1017),
(5756, 117, 1, 2, '2022-08-11 18:00:00', 0, '2022-08-11 22:00:00', 1018),
(5757, 117, 2, 2, '2022-08-11 18:00:00', 0, '2022-08-11 22:00:00', 1018),
(5758, 117, 3, 1, '2022-08-11 18:00:00', 0, '2022-08-11 22:00:00', 1018),
(5759, 117, 4, 1, '2022-08-11 18:00:00', 0, '2022-08-11 22:00:00', 1018),
(5760, 117, 5, 2, '2022-08-11 18:00:00', 0, '2022-08-11 22:00:00', 1018),
(5761, 117, 6, 1, '2022-08-11 18:00:00', 0, '2022-08-11 22:00:00', 1018),
(5762, 117, 7, 1, '2022-08-11 18:00:00', 0, '2022-08-11 22:00:00', 1018),
(5763, 117, 1, 2, '2022-08-11 22:00:00', 0, '2022-08-12 06:00:00', 1019),
(5764, 117, 2, 2, '2022-08-11 22:00:00', 0, '2022-08-12 06:00:00', 1019),
(5765, 117, 3, 1, '2022-08-11 22:00:00', 0, '2022-08-12 06:00:00', 1019),
(5766, 117, 4, 1, '2022-08-11 22:00:00', 0, '2022-08-12 06:00:00', 1019),
(5767, 117, 5, 2, '2022-08-11 22:00:00', 0, '2022-08-12 06:00:00', 1019),
(5768, 117, 6, 1, '2022-08-11 22:00:00', 0, '2022-08-12 06:00:00', 1019),
(5769, 117, 7, 1, '2022-08-11 22:00:00', 0, '2022-08-12 06:00:00', 1019),
(5770, 117, 1, 2, '2022-08-12 06:00:00', 0, '2022-08-12 10:00:00', 1020),
(5771, 117, 2, 2, '2022-08-12 06:00:00', 0, '2022-08-12 10:00:00', 1020),
(5772, 117, 3, 1, '2022-08-12 06:00:00', 0, '2022-08-12 10:00:00', 1020),
(5773, 117, 4, 1, '2022-08-12 06:00:00', 0, '2022-08-12 10:00:00', 1020),
(5774, 117, 5, 2, '2022-08-12 06:00:00', 0, '2022-08-12 10:00:00', 1020),
(5775, 117, 6, 1, '2022-08-12 06:00:00', 0, '2022-08-12 10:00:00', 1020),
(5776, 117, 7, 1, '2022-08-12 06:00:00', 0, '2022-08-12 10:00:00', 1020),
(5777, 117, 1, 2, '2022-08-12 10:00:00', 0, '2022-08-12 14:00:00', 1021),
(5778, 117, 2, 2, '2022-08-12 10:00:00', 0, '2022-08-12 14:00:00', 1021),
(5779, 117, 3, 1, '2022-08-12 10:00:00', 0, '2022-08-12 14:00:00', 1021),
(5780, 117, 4, 1, '2022-08-12 10:00:00', 0, '2022-08-12 14:00:00', 1021),
(5781, 117, 5, 2, '2022-08-12 10:00:00', 0, '2022-08-12 14:00:00', 1021),
(5782, 117, 6, 1, '2022-08-12 10:00:00', 0, '2022-08-12 14:00:00', 1021),
(5783, 117, 7, 1, '2022-08-12 10:00:00', 0, '2022-08-12 14:00:00', 1021),
(5784, 117, 1, 2, '2022-08-12 14:00:00', 0, '2022-08-12 18:00:00', 1022),
(5785, 117, 2, 2, '2022-08-12 14:00:00', 0, '2022-08-12 18:00:00', 1022),
(5786, 117, 3, 1, '2022-08-12 14:00:00', 0, '2022-08-12 18:00:00', 1022),
(5787, 117, 4, 1, '2022-08-12 14:00:00', 0, '2022-08-12 18:00:00', 1022),
(5788, 117, 5, 2, '2022-08-12 14:00:00', 0, '2022-08-12 18:00:00', 1022),
(5789, 117, 6, 1, '2022-08-12 14:00:00', 0, '2022-08-12 18:00:00', 1022),
(5790, 117, 7, 1, '2022-08-12 14:00:00', 0, '2022-08-12 18:00:00', 1022),
(5791, 117, 1, 2, '2022-08-12 18:00:00', 0, '2022-08-12 22:00:00', 1023),
(5792, 117, 2, 2, '2022-08-12 18:00:00', 0, '2022-08-12 22:00:00', 1023),
(5793, 117, 3, 1, '2022-08-12 18:00:00', 0, '2022-08-12 22:00:00', 1023),
(5794, 117, 4, 1, '2022-08-12 18:00:00', 0, '2022-08-12 22:00:00', 1023),
(5795, 117, 5, 2, '2022-08-12 18:00:00', 0, '2022-08-12 22:00:00', 1023),
(5796, 117, 6, 1, '2022-08-12 18:00:00', 0, '2022-08-12 22:00:00', 1023),
(5797, 117, 7, 1, '2022-08-12 18:00:00', 0, '2022-08-12 22:00:00', 1023),
(5798, 117, 1, 2, '2022-08-12 22:00:00', 0, '2022-08-13 06:00:00', 1024),
(5799, 117, 2, 2, '2022-08-12 22:00:00', 0, '2022-08-13 06:00:00', 1024),
(5800, 117, 3, 1, '2022-08-12 22:00:00', 0, '2022-08-13 06:00:00', 1024),
(5801, 117, 4, 1, '2022-08-12 22:00:00', 0, '2022-08-13 06:00:00', 1024),
(5802, 117, 5, 2, '2022-08-12 22:00:00', 0, '2022-08-13 06:00:00', 1024),
(5803, 117, 6, 1, '2022-08-12 22:00:00', 0, '2022-08-13 06:00:00', 1024),
(5804, 117, 7, 1, '2022-08-12 22:00:00', 0, '2022-08-13 06:00:00', 1024),
(5805, 117, 1, 2, '2022-08-13 06:00:00', 0, '2022-08-13 10:00:00', 1025),
(5806, 117, 2, 2, '2022-08-13 06:00:00', 0, '2022-08-13 10:00:00', 1025),
(5807, 117, 3, 1, '2022-08-13 06:00:00', 0, '2022-08-13 10:00:00', 1025),
(5808, 117, 4, 1, '2022-08-13 06:00:00', 0, '2022-08-13 10:00:00', 1025),
(5809, 117, 5, 2, '2022-08-13 06:00:00', 0, '2022-08-13 10:00:00', 1025),
(5810, 117, 6, 1, '2022-08-13 06:00:00', 0, '2022-08-13 10:00:00', 1025),
(5811, 117, 7, 1, '2022-08-13 06:00:00', 0, '2022-08-13 10:00:00', 1025),
(5812, 117, 1, 2, '2022-08-13 10:00:00', 0, '2022-08-13 14:00:00', 1026),
(5813, 117, 2, 2, '2022-08-13 10:00:00', 0, '2022-08-13 14:00:00', 1026),
(5814, 117, 3, 1, '2022-08-13 10:00:00', 0, '2022-08-13 14:00:00', 1026),
(5815, 117, 4, 1, '2022-08-13 10:00:00', 0, '2022-08-13 14:00:00', 1026),
(5816, 117, 5, 2, '2022-08-13 10:00:00', 0, '2022-08-13 14:00:00', 1026),
(5817, 117, 6, 1, '2022-08-13 10:00:00', 0, '2022-08-13 14:00:00', 1026),
(5818, 117, 7, 1, '2022-08-13 10:00:00', 0, '2022-08-13 14:00:00', 1026),
(5819, 117, 1, 2, '2022-08-13 14:00:00', 0, '2022-08-13 18:00:00', 1027),
(5820, 117, 2, 2, '2022-08-13 14:00:00', 0, '2022-08-13 18:00:00', 1027),
(5821, 117, 3, 1, '2022-08-13 14:00:00', 0, '2022-08-13 18:00:00', 1027),
(5822, 117, 4, 1, '2022-08-13 14:00:00', 0, '2022-08-13 18:00:00', 1027),
(5823, 117, 5, 2, '2022-08-13 14:00:00', 0, '2022-08-13 18:00:00', 1027),
(5824, 117, 6, 1, '2022-08-13 14:00:00', 0, '2022-08-13 18:00:00', 1027),
(5825, 117, 7, 1, '2022-08-13 14:00:00', 0, '2022-08-13 18:00:00', 1027),
(5826, 117, 1, 2, '2022-08-13 18:00:00', 0, '2022-08-13 22:00:00', 1028),
(5827, 117, 2, 2, '2022-08-13 18:00:00', 0, '2022-08-13 22:00:00', 1028),
(5828, 117, 3, 1, '2022-08-13 18:00:00', 0, '2022-08-13 22:00:00', 1028),
(5829, 117, 4, 1, '2022-08-13 18:00:00', 0, '2022-08-13 22:00:00', 1028),
(5830, 117, 5, 2, '2022-08-13 18:00:00', 0, '2022-08-13 22:00:00', 1028),
(5831, 117, 6, 1, '2022-08-13 18:00:00', 0, '2022-08-13 22:00:00', 1028),
(5832, 117, 7, 1, '2022-08-13 18:00:00', 0, '2022-08-13 22:00:00', 1028),
(5833, 117, 1, 2, '2022-08-13 22:00:00', 0, '2022-08-14 06:00:00', 1029),
(5834, 117, 2, 2, '2022-08-13 22:00:00', 0, '2022-08-14 06:00:00', 1029),
(5835, 117, 3, 1, '2022-08-13 22:00:00', 0, '2022-08-14 06:00:00', 1029),
(5836, 117, 4, 1, '2022-08-13 22:00:00', 0, '2022-08-14 06:00:00', 1029),
(5837, 117, 5, 2, '2022-08-13 22:00:00', 0, '2022-08-14 06:00:00', 1029),
(5838, 117, 6, 1, '2022-08-13 22:00:00', 0, '2022-08-14 06:00:00', 1029),
(5839, 117, 7, 1, '2022-08-13 22:00:00', 0, '2022-08-14 06:00:00', 1029),
(5840, 117, 1, 2, '2022-08-14 06:00:00', 0, '2022-08-14 10:00:00', 1030),
(5841, 117, 2, 2, '2022-08-14 06:00:00', 0, '2022-08-14 10:00:00', 1030),
(5842, 117, 3, 1, '2022-08-14 06:00:00', 0, '2022-08-14 10:00:00', 1030),
(5843, 117, 4, 1, '2022-08-14 06:00:00', 0, '2022-08-14 10:00:00', 1030),
(5844, 117, 5, 2, '2022-08-14 06:00:00', 0, '2022-08-14 10:00:00', 1030),
(5845, 117, 6, 1, '2022-08-14 06:00:00', 0, '2022-08-14 10:00:00', 1030),
(5846, 117, 7, 1, '2022-08-14 06:00:00', 0, '2022-08-14 10:00:00', 1030),
(5847, 117, 1, 2, '2022-08-14 10:00:00', 0, '2022-08-14 14:00:00', 1031),
(5848, 117, 2, 2, '2022-08-14 10:00:00', 0, '2022-08-14 14:00:00', 1031),
(5849, 117, 3, 1, '2022-08-14 10:00:00', 0, '2022-08-14 14:00:00', 1031),
(5850, 117, 4, 1, '2022-08-14 10:00:00', 0, '2022-08-14 14:00:00', 1031),
(5851, 117, 5, 2, '2022-08-14 10:00:00', 0, '2022-08-14 14:00:00', 1031),
(5852, 117, 6, 1, '2022-08-14 10:00:00', 0, '2022-08-14 14:00:00', 1031),
(5853, 117, 7, 1, '2022-08-14 10:00:00', 0, '2022-08-14 14:00:00', 1031),
(5854, 117, 1, 2, '2022-08-14 14:00:00', 0, '2022-08-14 18:00:00', 1032),
(5855, 117, 2, 2, '2022-08-14 14:00:00', 0, '2022-08-14 18:00:00', 1032),
(5856, 117, 3, 1, '2022-08-14 14:00:00', 0, '2022-08-14 18:00:00', 1032),
(5857, 117, 4, 1, '2022-08-14 14:00:00', 0, '2022-08-14 18:00:00', 1032),
(5858, 117, 5, 2, '2022-08-14 14:00:00', 0, '2022-08-14 18:00:00', 1032),
(5859, 117, 6, 1, '2022-08-14 14:00:00', 0, '2022-08-14 18:00:00', 1032),
(5860, 117, 7, 1, '2022-08-14 14:00:00', 0, '2022-08-14 18:00:00', 1032),
(5861, 117, 1, 2, '2022-08-14 18:00:00', 0, '2022-08-14 22:00:00', 1033),
(5862, 117, 2, 2, '2022-08-14 18:00:00', 0, '2022-08-14 22:00:00', 1033),
(5863, 117, 3, 1, '2022-08-14 18:00:00', 0, '2022-08-14 22:00:00', 1033),
(5864, 117, 4, 1, '2022-08-14 18:00:00', 0, '2022-08-14 22:00:00', 1033),
(5865, 117, 5, 2, '2022-08-14 18:00:00', 0, '2022-08-14 22:00:00', 1033),
(5866, 117, 6, 1, '2022-08-14 18:00:00', 0, '2022-08-14 22:00:00', 1033),
(5867, 117, 7, 1, '2022-08-14 18:00:00', 0, '2022-08-14 22:00:00', 1033),
(5868, 117, 1, 2, '2022-08-14 22:00:00', 0, '2022-08-15 06:00:00', 1034),
(5869, 117, 2, 2, '2022-08-14 22:00:00', 0, '2022-08-15 06:00:00', 1034),
(5870, 117, 3, 1, '2022-08-14 22:00:00', 0, '2022-08-15 06:00:00', 1034),
(5871, 117, 4, 1, '2022-08-14 22:00:00', 0, '2022-08-15 06:00:00', 1034),
(5872, 117, 5, 2, '2022-08-14 22:00:00', 0, '2022-08-15 06:00:00', 1034),
(5873, 117, 6, 1, '2022-08-14 22:00:00', 0, '2022-08-15 06:00:00', 1034),
(5874, 117, 7, 1, '2022-08-14 22:00:00', 0, '2022-08-15 06:00:00', 1034),
(5875, 118, 1, 1, '2022-08-15 06:00:00', 0, '2022-08-15 10:00:00', 100),
(5876, 118, 2, 2, '2022-08-15 06:00:00', 0, '2022-08-15 10:00:00', 100),
(5877, 118, 3, 1, '2022-08-15 06:00:00', 0, '2022-08-15 10:00:00', 100),
(5878, 118, 4, 1, '2022-08-15 06:00:00', 0, '2022-08-15 10:00:00', 100),
(5879, 118, 5, 1, '2022-08-15 06:00:00', 0, '2022-08-15 10:00:00', 100),
(5880, 118, 6, 1, '2022-08-15 06:00:00', 0, '2022-08-15 10:00:00', 100),
(5881, 118, 7, 1, '2022-08-15 06:00:00', 0, '2022-08-15 10:00:00', 100),
(5882, 118, 1, 1, '2022-08-15 10:00:00', 0, '2022-08-15 14:00:00', 101),
(5883, 118, 2, 2, '2022-08-15 10:00:00', 0, '2022-08-15 14:00:00', 101),
(5884, 118, 3, 1, '2022-08-15 10:00:00', 0, '2022-08-15 14:00:00', 101),
(5885, 118, 4, 1, '2022-08-15 10:00:00', 0, '2022-08-15 14:00:00', 101),
(5886, 118, 5, 1, '2022-08-15 10:00:00', 0, '2022-08-15 14:00:00', 101),
(5887, 118, 6, 1, '2022-08-15 10:00:00', 0, '2022-08-15 14:00:00', 101),
(5888, 118, 7, 1, '2022-08-15 10:00:00', 0, '2022-08-15 14:00:00', 101),
(5889, 118, 1, 1, '2022-08-15 14:00:00', 0, '2022-08-15 18:00:00', 102),
(5890, 118, 2, 2, '2022-08-15 14:00:00', 0, '2022-08-15 18:00:00', 102),
(5891, 118, 3, 1, '2022-08-15 14:00:00', 0, '2022-08-15 18:00:00', 102),
(5892, 118, 4, 1, '2022-08-15 14:00:00', 0, '2022-08-15 18:00:00', 102),
(5893, 118, 5, 1, '2022-08-15 14:00:00', 0, '2022-08-15 18:00:00', 102),
(5894, 118, 6, 1, '2022-08-15 14:00:00', 0, '2022-08-15 18:00:00', 102),
(5895, 118, 7, 1, '2022-08-15 14:00:00', 0, '2022-08-15 18:00:00', 102),
(5896, 118, 1, 1, '2022-08-15 18:00:00', 0, '2022-08-15 22:00:00', 103),
(5897, 118, 2, 2, '2022-08-15 18:00:00', 0, '2022-08-15 22:00:00', 103),
(5898, 118, 3, 1, '2022-08-15 18:00:00', 0, '2022-08-15 22:00:00', 103),
(5899, 118, 4, 1, '2022-08-15 18:00:00', 0, '2022-08-15 22:00:00', 103),
(5900, 118, 5, 1, '2022-08-15 18:00:00', 0, '2022-08-15 22:00:00', 103),
(5901, 118, 6, 1, '2022-08-15 18:00:00', 0, '2022-08-15 22:00:00', 103),
(5902, 118, 7, 1, '2022-08-15 18:00:00', 0, '2022-08-15 22:00:00', 103),
(5903, 118, 1, 1, '2022-08-15 22:00:00', 0, '2022-08-16 06:00:00', 104),
(5904, 118, 2, 2, '2022-08-15 22:00:00', 0, '2022-08-16 06:00:00', 104),
(5905, 118, 3, 1, '2022-08-15 22:00:00', 0, '2022-08-16 06:00:00', 104),
(5906, 118, 4, 1, '2022-08-15 22:00:00', 0, '2022-08-16 06:00:00', 104),
(5907, 118, 5, 1, '2022-08-15 22:00:00', 0, '2022-08-16 06:00:00', 104),
(5908, 118, 6, 1, '2022-08-15 22:00:00', 0, '2022-08-16 06:00:00', 104),
(5909, 118, 7, 1, '2022-08-15 22:00:00', 0, '2022-08-16 06:00:00', 104),
(5910, 118, 1, 1, '2022-08-16 06:00:00', 0, '2022-08-16 10:00:00', 105),
(5911, 118, 2, 2, '2022-08-16 06:00:00', 0, '2022-08-16 10:00:00', 105),
(5912, 118, 3, 1, '2022-08-16 06:00:00', 0, '2022-08-16 10:00:00', 105),
(5913, 118, 4, 1, '2022-08-16 06:00:00', 0, '2022-08-16 10:00:00', 105),
(5914, 118, 5, 1, '2022-08-16 06:00:00', 0, '2022-08-16 10:00:00', 105),
(5915, 118, 6, 1, '2022-08-16 06:00:00', 0, '2022-08-16 10:00:00', 105),
(5916, 118, 7, 1, '2022-08-16 06:00:00', 0, '2022-08-16 10:00:00', 105),
(5917, 118, 1, 1, '2022-08-16 10:00:00', 0, '2022-08-16 14:00:00', 106),
(5918, 118, 2, 2, '2022-08-16 10:00:00', 0, '2022-08-16 14:00:00', 106),
(5919, 118, 3, 1, '2022-08-16 10:00:00', 0, '2022-08-16 14:00:00', 106),
(5920, 118, 4, 1, '2022-08-16 10:00:00', 0, '2022-08-16 14:00:00', 106),
(5921, 118, 5, 1, '2022-08-16 10:00:00', 0, '2022-08-16 14:00:00', 106),
(5922, 118, 6, 1, '2022-08-16 10:00:00', 0, '2022-08-16 14:00:00', 106),
(5923, 118, 7, 1, '2022-08-16 10:00:00', 0, '2022-08-16 14:00:00', 106),
(5924, 118, 1, 1, '2022-08-16 14:00:00', 0, '2022-08-16 18:00:00', 107),
(5925, 118, 2, 2, '2022-08-16 14:00:00', 0, '2022-08-16 18:00:00', 107),
(5926, 118, 3, 1, '2022-08-16 14:00:00', 0, '2022-08-16 18:00:00', 107),
(5927, 118, 4, 1, '2022-08-16 14:00:00', 0, '2022-08-16 18:00:00', 107),
(5928, 118, 5, 1, '2022-08-16 14:00:00', 0, '2022-08-16 18:00:00', 107),
(5929, 118, 6, 1, '2022-08-16 14:00:00', 0, '2022-08-16 18:00:00', 107),
(5930, 118, 7, 1, '2022-08-16 14:00:00', 0, '2022-08-16 18:00:00', 107),
(5931, 118, 1, 1, '2022-08-16 18:00:00', 0, '2022-08-16 22:00:00', 108),
(5932, 118, 2, 2, '2022-08-16 18:00:00', 0, '2022-08-16 22:00:00', 108),
(5933, 118, 3, 1, '2022-08-16 18:00:00', 0, '2022-08-16 22:00:00', 108),
(5934, 118, 4, 1, '2022-08-16 18:00:00', 0, '2022-08-16 22:00:00', 108),
(5935, 118, 5, 1, '2022-08-16 18:00:00', 0, '2022-08-16 22:00:00', 108),
(5936, 118, 6, 1, '2022-08-16 18:00:00', 0, '2022-08-16 22:00:00', 108),
(5937, 118, 7, 1, '2022-08-16 18:00:00', 0, '2022-08-16 22:00:00', 108),
(5938, 118, 1, 1, '2022-08-16 22:00:00', 0, '2022-08-17 06:00:00', 109),
(5939, 118, 2, 2, '2022-08-16 22:00:00', 0, '2022-08-17 06:00:00', 109),
(5940, 118, 3, 1, '2022-08-16 22:00:00', 0, '2022-08-17 06:00:00', 109),
(5941, 118, 4, 1, '2022-08-16 22:00:00', 0, '2022-08-17 06:00:00', 109),
(5942, 118, 5, 1, '2022-08-16 22:00:00', 0, '2022-08-17 06:00:00', 109),
(5943, 118, 6, 1, '2022-08-16 22:00:00', 0, '2022-08-17 06:00:00', 109),
(5944, 118, 7, 1, '2022-08-16 22:00:00', 0, '2022-08-17 06:00:00', 109),
(5945, 118, 1, 1, '2022-08-17 06:00:00', 0, '2022-08-17 10:00:00', 1010),
(5946, 118, 2, 2, '2022-08-17 06:00:00', 0, '2022-08-17 10:00:00', 1010),
(5947, 118, 3, 1, '2022-08-17 06:00:00', 0, '2022-08-17 10:00:00', 1010),
(5948, 118, 4, 1, '2022-08-17 06:00:00', 0, '2022-08-17 10:00:00', 1010),
(5949, 118, 5, 1, '2022-08-17 06:00:00', 0, '2022-08-17 10:00:00', 1010),
(5950, 118, 6, 1, '2022-08-17 06:00:00', 0, '2022-08-17 10:00:00', 1010),
(5951, 118, 7, 1, '2022-08-17 06:00:00', 0, '2022-08-17 10:00:00', 1010),
(5952, 118, 1, 1, '2022-08-17 10:00:00', 0, '2022-08-17 14:00:00', 1011),
(5953, 118, 2, 2, '2022-08-17 10:00:00', 0, '2022-08-17 14:00:00', 1011),
(5954, 118, 3, 1, '2022-08-17 10:00:00', 0, '2022-08-17 14:00:00', 1011),
(5955, 118, 4, 1, '2022-08-17 10:00:00', 0, '2022-08-17 14:00:00', 1011),
(5956, 118, 5, 1, '2022-08-17 10:00:00', 0, '2022-08-17 14:00:00', 1011),
(5957, 118, 6, 1, '2022-08-17 10:00:00', 0, '2022-08-17 14:00:00', 1011),
(5958, 118, 7, 1, '2022-08-17 10:00:00', 0, '2022-08-17 14:00:00', 1011),
(5959, 118, 1, 1, '2022-08-17 14:00:00', 0, '2022-08-17 18:00:00', 1012),
(5960, 118, 2, 2, '2022-08-17 14:00:00', 0, '2022-08-17 18:00:00', 1012),
(5961, 118, 3, 1, '2022-08-17 14:00:00', 0, '2022-08-17 18:00:00', 1012),
(5962, 118, 4, 1, '2022-08-17 14:00:00', 0, '2022-08-17 18:00:00', 1012),
(5963, 118, 5, 1, '2022-08-17 14:00:00', 0, '2022-08-17 18:00:00', 1012),
(5964, 118, 6, 1, '2022-08-17 14:00:00', 0, '2022-08-17 18:00:00', 1012),
(5965, 118, 7, 1, '2022-08-17 14:00:00', 0, '2022-08-17 18:00:00', 1012),
(5966, 118, 1, 1, '2022-08-17 18:00:00', 0, '2022-08-17 22:00:00', 1013),
(5967, 118, 2, 2, '2022-08-17 18:00:00', 0, '2022-08-17 22:00:00', 1013),
(5968, 118, 3, 1, '2022-08-17 18:00:00', 0, '2022-08-17 22:00:00', 1013),
(5969, 118, 4, 1, '2022-08-17 18:00:00', 0, '2022-08-17 22:00:00', 1013),
(5970, 118, 5, 1, '2022-08-17 18:00:00', 0, '2022-08-17 22:00:00', 1013),
(5971, 118, 6, 1, '2022-08-17 18:00:00', 0, '2022-08-17 22:00:00', 1013),
(5972, 118, 7, 1, '2022-08-17 18:00:00', 0, '2022-08-17 22:00:00', 1013),
(5973, 118, 1, 1, '2022-08-17 22:00:00', 0, '2022-08-18 06:00:00', 1014),
(5974, 118, 2, 2, '2022-08-17 22:00:00', 0, '2022-08-18 06:00:00', 1014),
(5975, 118, 3, 1, '2022-08-17 22:00:00', 0, '2022-08-18 06:00:00', 1014),
(5976, 118, 4, 1, '2022-08-17 22:00:00', 0, '2022-08-18 06:00:00', 1014),
(5977, 118, 5, 1, '2022-08-17 22:00:00', 0, '2022-08-18 06:00:00', 1014),
(5978, 118, 6, 1, '2022-08-17 22:00:00', 0, '2022-08-18 06:00:00', 1014),
(5979, 118, 7, 1, '2022-08-17 22:00:00', 0, '2022-08-18 06:00:00', 1014),
(5980, 118, 1, 1, '2022-08-18 06:00:00', 0, '2022-08-18 10:00:00', 1015),
(5981, 118, 2, 2, '2022-08-18 06:00:00', 0, '2022-08-18 10:00:00', 1015),
(5982, 118, 3, 1, '2022-08-18 06:00:00', 0, '2022-08-18 10:00:00', 1015),
(5983, 118, 4, 1, '2022-08-18 06:00:00', 0, '2022-08-18 10:00:00', 1015),
(5984, 118, 5, 1, '2022-08-18 06:00:00', 0, '2022-08-18 10:00:00', 1015),
(5985, 118, 6, 1, '2022-08-18 06:00:00', 0, '2022-08-18 10:00:00', 1015),
(5986, 118, 7, 1, '2022-08-18 06:00:00', 0, '2022-08-18 10:00:00', 1015),
(5987, 118, 1, 1, '2022-08-18 10:00:00', 0, '2022-08-18 14:00:00', 1016),
(5988, 118, 2, 2, '2022-08-18 10:00:00', 0, '2022-08-18 14:00:00', 1016),
(5989, 118, 3, 1, '2022-08-18 10:00:00', 0, '2022-08-18 14:00:00', 1016),
(5990, 118, 4, 1, '2022-08-18 10:00:00', 0, '2022-08-18 14:00:00', 1016),
(5991, 118, 5, 1, '2022-08-18 10:00:00', 0, '2022-08-18 14:00:00', 1016),
(5992, 118, 6, 1, '2022-08-18 10:00:00', 0, '2022-08-18 14:00:00', 1016),
(5993, 118, 7, 1, '2022-08-18 10:00:00', 0, '2022-08-18 14:00:00', 1016),
(5994, 118, 1, 1, '2022-08-18 14:00:00', 0, '2022-08-18 18:00:00', 1017),
(5995, 118, 2, 2, '2022-08-18 14:00:00', 0, '2022-08-18 18:00:00', 1017),
(5996, 118, 3, 1, '2022-08-18 14:00:00', 0, '2022-08-18 18:00:00', 1017),
(5997, 118, 4, 1, '2022-08-18 14:00:00', 0, '2022-08-18 18:00:00', 1017),
(5998, 118, 5, 1, '2022-08-18 14:00:00', 0, '2022-08-18 18:00:00', 1017),
(5999, 118, 6, 1, '2022-08-18 14:00:00', 0, '2022-08-18 18:00:00', 1017),
(6000, 118, 7, 1, '2022-08-18 14:00:00', 0, '2022-08-18 18:00:00', 1017),
(6001, 118, 1, 1, '2022-08-18 18:00:00', 0, '2022-08-18 22:00:00', 1018),
(6002, 118, 2, 2, '2022-08-18 18:00:00', 0, '2022-08-18 22:00:00', 1018),
(6003, 118, 3, 1, '2022-08-18 18:00:00', 0, '2022-08-18 22:00:00', 1018),
(6004, 118, 4, 1, '2022-08-18 18:00:00', 0, '2022-08-18 22:00:00', 1018),
(6005, 118, 5, 1, '2022-08-18 18:00:00', 0, '2022-08-18 22:00:00', 1018),
(6006, 118, 6, 1, '2022-08-18 18:00:00', 0, '2022-08-18 22:00:00', 1018),
(6007, 118, 7, 1, '2022-08-18 18:00:00', 0, '2022-08-18 22:00:00', 1018),
(6008, 118, 1, 1, '2022-08-18 22:00:00', 0, '2022-08-19 06:00:00', 1019),
(6009, 118, 2, 2, '2022-08-18 22:00:00', 0, '2022-08-19 06:00:00', 1019),
(6010, 118, 3, 1, '2022-08-18 22:00:00', 0, '2022-08-19 06:00:00', 1019),
(6011, 118, 4, 1, '2022-08-18 22:00:00', 0, '2022-08-19 06:00:00', 1019),
(6012, 118, 5, 1, '2022-08-18 22:00:00', 0, '2022-08-19 06:00:00', 1019),
(6013, 118, 6, 1, '2022-08-18 22:00:00', 0, '2022-08-19 06:00:00', 1019),
(6014, 118, 7, 1, '2022-08-18 22:00:00', 0, '2022-08-19 06:00:00', 1019),
(6015, 118, 1, 1, '2022-08-19 06:00:00', 0, '2022-08-19 10:00:00', 1020),
(6016, 118, 2, 2, '2022-08-19 06:00:00', 0, '2022-08-19 10:00:00', 1020),
(6017, 118, 3, 1, '2022-08-19 06:00:00', 0, '2022-08-19 10:00:00', 1020),
(6018, 118, 4, 1, '2022-08-19 06:00:00', 0, '2022-08-19 10:00:00', 1020),
(6019, 118, 5, 1, '2022-08-19 06:00:00', 0, '2022-08-19 10:00:00', 1020),
(6020, 118, 6, 1, '2022-08-19 06:00:00', 0, '2022-08-19 10:00:00', 1020),
(6021, 118, 7, 1, '2022-08-19 06:00:00', 0, '2022-08-19 10:00:00', 1020),
(6022, 118, 1, 1, '2022-08-19 10:00:00', 0, '2022-08-19 14:00:00', 1021),
(6023, 118, 2, 2, '2022-08-19 10:00:00', 0, '2022-08-19 14:00:00', 1021),
(6024, 118, 3, 1, '2022-08-19 10:00:00', 0, '2022-08-19 14:00:00', 1021),
(6025, 118, 4, 1, '2022-08-19 10:00:00', 0, '2022-08-19 14:00:00', 1021),
(6026, 118, 5, 1, '2022-08-19 10:00:00', 0, '2022-08-19 14:00:00', 1021),
(6027, 118, 6, 1, '2022-08-19 10:00:00', 0, '2022-08-19 14:00:00', 1021),
(6028, 118, 7, 1, '2022-08-19 10:00:00', 0, '2022-08-19 14:00:00', 1021),
(6029, 118, 1, 1, '2022-08-19 14:00:00', 0, '2022-08-19 18:00:00', 1022),
(6030, 118, 2, 2, '2022-08-19 14:00:00', 0, '2022-08-19 18:00:00', 1022),
(6031, 118, 3, 1, '2022-08-19 14:00:00', 0, '2022-08-19 18:00:00', 1022),
(6032, 118, 4, 1, '2022-08-19 14:00:00', 0, '2022-08-19 18:00:00', 1022),
(6033, 118, 5, 1, '2022-08-19 14:00:00', 0, '2022-08-19 18:00:00', 1022),
(6034, 118, 6, 1, '2022-08-19 14:00:00', 0, '2022-08-19 18:00:00', 1022),
(6035, 118, 7, 1, '2022-08-19 14:00:00', 0, '2022-08-19 18:00:00', 1022),
(6036, 118, 1, 1, '2022-08-19 18:00:00', 0, '2022-08-19 22:00:00', 1023),
(6037, 118, 2, 2, '2022-08-19 18:00:00', 0, '2022-08-19 22:00:00', 1023),
(6038, 118, 3, 1, '2022-08-19 18:00:00', 0, '2022-08-19 22:00:00', 1023),
(6039, 118, 4, 1, '2022-08-19 18:00:00', 0, '2022-08-19 22:00:00', 1023),
(6040, 118, 5, 1, '2022-08-19 18:00:00', 0, '2022-08-19 22:00:00', 1023),
(6041, 118, 6, 1, '2022-08-19 18:00:00', 0, '2022-08-19 22:00:00', 1023),
(6042, 118, 7, 1, '2022-08-19 18:00:00', 0, '2022-08-19 22:00:00', 1023),
(6043, 118, 1, 1, '2022-08-19 22:00:00', 0, '2022-08-20 06:00:00', 1024),
(6044, 118, 2, 2, '2022-08-19 22:00:00', 0, '2022-08-20 06:00:00', 1024),
(6045, 118, 3, 1, '2022-08-19 22:00:00', 0, '2022-08-20 06:00:00', 1024),
(6046, 118, 4, 1, '2022-08-19 22:00:00', 0, '2022-08-20 06:00:00', 1024),
(6047, 118, 5, 1, '2022-08-19 22:00:00', 0, '2022-08-20 06:00:00', 1024),
(6048, 118, 6, 1, '2022-08-19 22:00:00', 0, '2022-08-20 06:00:00', 1024),
(6049, 118, 7, 1, '2022-08-19 22:00:00', 0, '2022-08-20 06:00:00', 1024),
(6050, 118, 1, 1, '2022-08-20 06:00:00', 0, '2022-08-20 10:00:00', 1025),
(6051, 118, 2, 2, '2022-08-20 06:00:00', 0, '2022-08-20 10:00:00', 1025),
(6052, 118, 3, 1, '2022-08-20 06:00:00', 0, '2022-08-20 10:00:00', 1025),
(6053, 118, 4, 1, '2022-08-20 06:00:00', 0, '2022-08-20 10:00:00', 1025),
(6054, 118, 5, 1, '2022-08-20 06:00:00', 0, '2022-08-20 10:00:00', 1025),
(6055, 118, 6, 1, '2022-08-20 06:00:00', 0, '2022-08-20 10:00:00', 1025),
(6056, 118, 7, 1, '2022-08-20 06:00:00', 0, '2022-08-20 10:00:00', 1025),
(6057, 118, 1, 1, '2022-08-20 10:00:00', 0, '2022-08-20 14:00:00', 1026),
(6058, 118, 2, 2, '2022-08-20 10:00:00', 0, '2022-08-20 14:00:00', 1026),
(6059, 118, 3, 1, '2022-08-20 10:00:00', 0, '2022-08-20 14:00:00', 1026),
(6060, 118, 4, 1, '2022-08-20 10:00:00', 0, '2022-08-20 14:00:00', 1026),
(6061, 118, 5, 1, '2022-08-20 10:00:00', 0, '2022-08-20 14:00:00', 1026),
(6062, 118, 6, 1, '2022-08-20 10:00:00', 0, '2022-08-20 14:00:00', 1026),
(6063, 118, 7, 1, '2022-08-20 10:00:00', 0, '2022-08-20 14:00:00', 1026),
(6064, 118, 1, 1, '2022-08-20 14:00:00', 0, '2022-08-20 18:00:00', 1027),
(6065, 118, 2, 2, '2022-08-20 14:00:00', 0, '2022-08-20 18:00:00', 1027),
(6066, 118, 3, 1, '2022-08-20 14:00:00', 0, '2022-08-20 18:00:00', 1027),
(6067, 118, 4, 1, '2022-08-20 14:00:00', 0, '2022-08-20 18:00:00', 1027),
(6068, 118, 5, 1, '2022-08-20 14:00:00', 0, '2022-08-20 18:00:00', 1027),
(6069, 118, 6, 1, '2022-08-20 14:00:00', 0, '2022-08-20 18:00:00', 1027),
(6070, 118, 7, 1, '2022-08-20 14:00:00', 0, '2022-08-20 18:00:00', 1027),
(6071, 118, 1, 1, '2022-08-20 18:00:00', 0, '2022-08-20 22:00:00', 1028),
(6072, 118, 2, 2, '2022-08-20 18:00:00', 0, '2022-08-20 22:00:00', 1028),
(6073, 118, 3, 1, '2022-08-20 18:00:00', 0, '2022-08-20 22:00:00', 1028),
(6074, 118, 4, 1, '2022-08-20 18:00:00', 0, '2022-08-20 22:00:00', 1028),
(6075, 118, 5, 1, '2022-08-20 18:00:00', 0, '2022-08-20 22:00:00', 1028),
(6076, 118, 6, 1, '2022-08-20 18:00:00', 0, '2022-08-20 22:00:00', 1028),
(6077, 118, 7, 1, '2022-08-20 18:00:00', 0, '2022-08-20 22:00:00', 1028),
(6078, 118, 1, 1, '2022-08-20 22:00:00', 0, '2022-08-21 06:00:00', 1029),
(6079, 118, 2, 2, '2022-08-20 22:00:00', 0, '2022-08-21 06:00:00', 1029),
(6080, 118, 3, 1, '2022-08-20 22:00:00', 0, '2022-08-21 06:00:00', 1029),
(6081, 118, 4, 1, '2022-08-20 22:00:00', 0, '2022-08-21 06:00:00', 1029),
(6082, 118, 5, 1, '2022-08-20 22:00:00', 0, '2022-08-21 06:00:00', 1029),
(6083, 118, 6, 1, '2022-08-20 22:00:00', 0, '2022-08-21 06:00:00', 1029),
(6084, 118, 7, 1, '2022-08-20 22:00:00', 0, '2022-08-21 06:00:00', 1029),
(6085, 118, 1, 1, '2022-08-21 06:00:00', 0, '2022-08-21 10:00:00', 1030),
(6086, 118, 2, 2, '2022-08-21 06:00:00', 0, '2022-08-21 10:00:00', 1030),
(6087, 118, 3, 1, '2022-08-21 06:00:00', 0, '2022-08-21 10:00:00', 1030),
(6088, 118, 4, 1, '2022-08-21 06:00:00', 0, '2022-08-21 10:00:00', 1030),
(6089, 118, 5, 1, '2022-08-21 06:00:00', 0, '2022-08-21 10:00:00', 1030),
(6090, 118, 6, 1, '2022-08-21 06:00:00', 0, '2022-08-21 10:00:00', 1030),
(6091, 118, 7, 1, '2022-08-21 06:00:00', 0, '2022-08-21 10:00:00', 1030),
(6092, 118, 1, 1, '2022-08-21 10:00:00', 0, '2022-08-21 14:00:00', 1031),
(6093, 118, 2, 2, '2022-08-21 10:00:00', 0, '2022-08-21 14:00:00', 1031),
(6094, 118, 3, 1, '2022-08-21 10:00:00', 0, '2022-08-21 14:00:00', 1031),
(6095, 118, 4, 1, '2022-08-21 10:00:00', 0, '2022-08-21 14:00:00', 1031),
(6096, 118, 5, 1, '2022-08-21 10:00:00', 0, '2022-08-21 14:00:00', 1031),
(6097, 118, 6, 1, '2022-08-21 10:00:00', 0, '2022-08-21 14:00:00', 1031),
(6098, 118, 7, 1, '2022-08-21 10:00:00', 0, '2022-08-21 14:00:00', 1031),
(6099, 118, 1, 1, '2022-08-21 14:00:00', 0, '2022-08-21 18:00:00', 1032),
(6100, 118, 2, 2, '2022-08-21 14:00:00', 0, '2022-08-21 18:00:00', 1032),
(6101, 118, 3, 1, '2022-08-21 14:00:00', 0, '2022-08-21 18:00:00', 1032),
(6102, 118, 4, 1, '2022-08-21 14:00:00', 0, '2022-08-21 18:00:00', 1032),
(6103, 118, 5, 1, '2022-08-21 14:00:00', 0, '2022-08-21 18:00:00', 1032),
(6104, 118, 6, 1, '2022-08-21 14:00:00', 0, '2022-08-21 18:00:00', 1032),
(6105, 118, 7, 1, '2022-08-21 14:00:00', 0, '2022-08-21 18:00:00', 1032),
(6106, 118, 1, 1, '2022-08-21 18:00:00', 0, '2022-08-21 22:00:00', 1033),
(6107, 118, 2, 2, '2022-08-21 18:00:00', 0, '2022-08-21 22:00:00', 1033),
(6108, 118, 3, 1, '2022-08-21 18:00:00', 0, '2022-08-21 22:00:00', 1033),
(6109, 118, 4, 1, '2022-08-21 18:00:00', 0, '2022-08-21 22:00:00', 1033),
(6110, 118, 5, 1, '2022-08-21 18:00:00', 0, '2022-08-21 22:00:00', 1033),
(6111, 118, 6, 1, '2022-08-21 18:00:00', 0, '2022-08-21 22:00:00', 1033),
(6112, 118, 7, 1, '2022-08-21 18:00:00', 0, '2022-08-21 22:00:00', 1033),
(6113, 118, 1, 1, '2022-08-21 22:00:00', 0, '2022-08-22 06:00:00', 1034),
(6114, 118, 2, 2, '2022-08-21 22:00:00', 0, '2022-08-22 06:00:00', 1034),
(6115, 118, 3, 1, '2022-08-21 22:00:00', 0, '2022-08-22 06:00:00', 1034),
(6116, 118, 4, 1, '2022-08-21 22:00:00', 0, '2022-08-22 06:00:00', 1034),
(6117, 118, 5, 1, '2022-08-21 22:00:00', 0, '2022-08-22 06:00:00', 1034),
(6118, 118, 6, 1, '2022-08-21 22:00:00', 0, '2022-08-22 06:00:00', 1034),
(6119, 118, 7, 1, '2022-08-21 22:00:00', 0, '2022-08-22 06:00:00', 1034),
(6120, 119, 1, 1, '2022-08-22 06:00:00', 0, '2022-08-22 10:00:00', 100),
(6121, 119, 2, 2, '2022-08-22 06:00:00', 0, '2022-08-22 10:00:00', 100),
(6122, 119, 3, 1, '2022-08-22 06:00:00', 0, '2022-08-22 10:00:00', 100),
(6123, 119, 4, 3, '2022-08-22 06:00:00', 0, '2022-08-22 10:00:00', 100),
(6124, 119, 5, 1, '2022-08-22 06:00:00', 0, '2022-08-22 10:00:00', 100),
(6125, 119, 6, 1, '2022-08-22 06:00:00', 0, '2022-08-22 10:00:00', 100),
(6126, 119, 7, 1, '2022-08-22 06:00:00', 0, '2022-08-22 10:00:00', 100),
(6127, 119, 1, 1, '2022-08-22 10:00:00', 0, '2022-08-22 14:00:00', 101),
(6128, 119, 2, 2, '2022-08-22 10:00:00', 0, '2022-08-22 14:00:00', 101),
(6129, 119, 3, 1, '2022-08-22 10:00:00', 0, '2022-08-22 14:00:00', 101),
(6130, 119, 4, 3, '2022-08-22 10:00:00', 0, '2022-08-22 14:00:00', 101),
(6131, 119, 5, 1, '2022-08-22 10:00:00', 0, '2022-08-22 14:00:00', 101),
(6132, 119, 6, 1, '2022-08-22 10:00:00', 0, '2022-08-22 14:00:00', 101),
(6133, 119, 7, 1, '2022-08-22 10:00:00', 0, '2022-08-22 14:00:00', 101),
(6134, 119, 1, 1, '2022-08-22 14:00:00', 0, '2022-08-22 18:00:00', 102),
(6135, 119, 2, 2, '2022-08-22 14:00:00', 0, '2022-08-22 18:00:00', 102),
(6136, 119, 3, 1, '2022-08-22 14:00:00', 0, '2022-08-22 18:00:00', 102),
(6137, 119, 4, 3, '2022-08-22 14:00:00', 0, '2022-08-22 18:00:00', 102),
(6138, 119, 5, 1, '2022-08-22 14:00:00', 0, '2022-08-22 18:00:00', 102),
(6139, 119, 6, 1, '2022-08-22 14:00:00', 0, '2022-08-22 18:00:00', 102),
(6140, 119, 7, 1, '2022-08-22 14:00:00', 0, '2022-08-22 18:00:00', 102),
(6141, 119, 1, 1, '2022-08-22 18:00:00', 0, '2022-08-22 22:00:00', 103),
(6142, 119, 2, 2, '2022-08-22 18:00:00', 0, '2022-08-22 22:00:00', 103),
(6143, 119, 3, 1, '2022-08-22 18:00:00', 0, '2022-08-22 22:00:00', 103),
(6144, 119, 4, 3, '2022-08-22 18:00:00', 0, '2022-08-22 22:00:00', 103),
(6145, 119, 5, 1, '2022-08-22 18:00:00', 0, '2022-08-22 22:00:00', 103),
(6146, 119, 6, 1, '2022-08-22 18:00:00', 0, '2022-08-22 22:00:00', 103),
(6147, 119, 7, 1, '2022-08-22 18:00:00', 0, '2022-08-22 22:00:00', 103),
(6148, 119, 1, 1, '2022-08-22 22:00:00', 0, '2022-08-23 06:00:00', 104),
(6149, 119, 2, 2, '2022-08-22 22:00:00', 0, '2022-08-23 06:00:00', 104),
(6150, 119, 3, 1, '2022-08-22 22:00:00', 0, '2022-08-23 06:00:00', 104),
(6151, 119, 4, 3, '2022-08-22 22:00:00', 0, '2022-08-23 06:00:00', 104),
(6152, 119, 5, 1, '2022-08-22 22:00:00', 0, '2022-08-23 06:00:00', 104),
(6153, 119, 6, 1, '2022-08-22 22:00:00', 0, '2022-08-23 06:00:00', 104),
(6154, 119, 7, 1, '2022-08-22 22:00:00', 0, '2022-08-23 06:00:00', 104),
(6155, 119, 1, 1, '2022-08-23 06:00:00', 0, '2022-08-23 10:00:00', 105),
(6156, 119, 2, 2, '2022-08-23 06:00:00', 0, '2022-08-23 10:00:00', 105),
(6157, 119, 3, 1, '2022-08-23 06:00:00', 0, '2022-08-23 10:00:00', 105),
(6158, 119, 4, 3, '2022-08-23 06:00:00', 0, '2022-08-23 10:00:00', 105),
(6159, 119, 5, 1, '2022-08-23 06:00:00', 0, '2022-08-23 10:00:00', 105),
(6160, 119, 6, 1, '2022-08-23 06:00:00', 0, '2022-08-23 10:00:00', 105),
(6161, 119, 7, 1, '2022-08-23 06:00:00', 0, '2022-08-23 10:00:00', 105),
(6162, 119, 1, 1, '2022-08-23 10:00:00', 0, '2022-08-23 14:00:00', 106),
(6163, 119, 2, 2, '2022-08-23 10:00:00', 0, '2022-08-23 14:00:00', 106),
(6164, 119, 3, 1, '2022-08-23 10:00:00', 0, '2022-08-23 14:00:00', 106),
(6165, 119, 4, 3, '2022-08-23 10:00:00', 0, '2022-08-23 14:00:00', 106),
(6166, 119, 5, 1, '2022-08-23 10:00:00', 0, '2022-08-23 14:00:00', 106),
(6167, 119, 6, 1, '2022-08-23 10:00:00', 0, '2022-08-23 14:00:00', 106),
(6168, 119, 7, 1, '2022-08-23 10:00:00', 0, '2022-08-23 14:00:00', 106),
(6169, 119, 1, 1, '2022-08-23 14:00:00', 0, '2022-08-23 18:00:00', 107),
(6170, 119, 2, 2, '2022-08-23 14:00:00', 0, '2022-08-23 18:00:00', 107),
(6171, 119, 3, 1, '2022-08-23 14:00:00', 0, '2022-08-23 18:00:00', 107),
(6172, 119, 4, 3, '2022-08-23 14:00:00', 0, '2022-08-23 18:00:00', 107),
(6173, 119, 5, 1, '2022-08-23 14:00:00', 0, '2022-08-23 18:00:00', 107),
(6174, 119, 6, 1, '2022-08-23 14:00:00', 0, '2022-08-23 18:00:00', 107),
(6175, 119, 7, 1, '2022-08-23 14:00:00', 0, '2022-08-23 18:00:00', 107),
(6176, 119, 1, 1, '2022-08-23 18:00:00', 0, '2022-08-23 22:00:00', 108),
(6177, 119, 2, 2, '2022-08-23 18:00:00', 0, '2022-08-23 22:00:00', 108),
(6178, 119, 3, 1, '2022-08-23 18:00:00', 0, '2022-08-23 22:00:00', 108),
(6179, 119, 4, 3, '2022-08-23 18:00:00', 0, '2022-08-23 22:00:00', 108),
(6180, 119, 5, 1, '2022-08-23 18:00:00', 0, '2022-08-23 22:00:00', 108),
(6181, 119, 6, 1, '2022-08-23 18:00:00', 0, '2022-08-23 22:00:00', 108),
(6182, 119, 7, 1, '2022-08-23 18:00:00', 0, '2022-08-23 22:00:00', 108),
(6183, 119, 1, 1, '2022-08-23 22:00:00', 0, '2022-08-24 06:00:00', 109),
(6184, 119, 2, 2, '2022-08-23 22:00:00', 0, '2022-08-24 06:00:00', 109),
(6185, 119, 3, 1, '2022-08-23 22:00:00', 0, '2022-08-24 06:00:00', 109),
(6186, 119, 4, 3, '2022-08-23 22:00:00', 0, '2022-08-24 06:00:00', 109),
(6187, 119, 5, 1, '2022-08-23 22:00:00', 0, '2022-08-24 06:00:00', 109),
(6188, 119, 6, 1, '2022-08-23 22:00:00', 0, '2022-08-24 06:00:00', 109),
(6189, 119, 7, 1, '2022-08-23 22:00:00', 0, '2022-08-24 06:00:00', 109),
(6190, 119, 1, 1, '2022-08-24 06:00:00', 0, '2022-08-24 10:00:00', 1010),
(6191, 119, 2, 2, '2022-08-24 06:00:00', 0, '2022-08-24 10:00:00', 1010),
(6192, 119, 3, 1, '2022-08-24 06:00:00', 0, '2022-08-24 10:00:00', 1010),
(6193, 119, 4, 3, '2022-08-24 06:00:00', 0, '2022-08-24 10:00:00', 1010),
(6194, 119, 5, 1, '2022-08-24 06:00:00', 0, '2022-08-24 10:00:00', 1010),
(6195, 119, 6, 1, '2022-08-24 06:00:00', 0, '2022-08-24 10:00:00', 1010),
(6196, 119, 7, 1, '2022-08-24 06:00:00', 0, '2022-08-24 10:00:00', 1010),
(6197, 119, 1, 1, '2022-08-24 10:00:00', 0, '2022-08-24 14:00:00', 1011),
(6198, 119, 2, 2, '2022-08-24 10:00:00', 0, '2022-08-24 14:00:00', 1011),
(6199, 119, 3, 1, '2022-08-24 10:00:00', 0, '2022-08-24 14:00:00', 1011),
(6200, 119, 4, 3, '2022-08-24 10:00:00', 0, '2022-08-24 14:00:00', 1011),
(6201, 119, 5, 1, '2022-08-24 10:00:00', 0, '2022-08-24 14:00:00', 1011),
(6202, 119, 6, 1, '2022-08-24 10:00:00', 0, '2022-08-24 14:00:00', 1011),
(6203, 119, 7, 1, '2022-08-24 10:00:00', 0, '2022-08-24 14:00:00', 1011),
(6204, 119, 1, 1, '2022-08-24 14:00:00', 0, '2022-08-24 18:00:00', 1012),
(6205, 119, 2, 2, '2022-08-24 14:00:00', 0, '2022-08-24 18:00:00', 1012),
(6206, 119, 3, 1, '2022-08-24 14:00:00', 0, '2022-08-24 18:00:00', 1012),
(6207, 119, 4, 3, '2022-08-24 14:00:00', 0, '2022-08-24 18:00:00', 1012),
(6208, 119, 5, 1, '2022-08-24 14:00:00', 0, '2022-08-24 18:00:00', 1012),
(6209, 119, 6, 1, '2022-08-24 14:00:00', 0, '2022-08-24 18:00:00', 1012),
(6210, 119, 7, 1, '2022-08-24 14:00:00', 0, '2022-08-24 18:00:00', 1012),
(6211, 119, 1, 1, '2022-08-24 18:00:00', 0, '2022-08-24 22:00:00', 1013),
(6212, 119, 2, 2, '2022-08-24 18:00:00', 0, '2022-08-24 22:00:00', 1013),
(6213, 119, 3, 1, '2022-08-24 18:00:00', 0, '2022-08-24 22:00:00', 1013),
(6214, 119, 4, 3, '2022-08-24 18:00:00', 0, '2022-08-24 22:00:00', 1013),
(6215, 119, 5, 1, '2022-08-24 18:00:00', 0, '2022-08-24 22:00:00', 1013),
(6216, 119, 6, 1, '2022-08-24 18:00:00', 0, '2022-08-24 22:00:00', 1013),
(6217, 119, 7, 1, '2022-08-24 18:00:00', 0, '2022-08-24 22:00:00', 1013),
(6218, 119, 1, 1, '2022-08-24 22:00:00', 0, '2022-08-25 06:00:00', 1014),
(6219, 119, 2, 2, '2022-08-24 22:00:00', 0, '2022-08-25 06:00:00', 1014),
(6220, 119, 3, 1, '2022-08-24 22:00:00', 0, '2022-08-25 06:00:00', 1014),
(6221, 119, 4, 3, '2022-08-24 22:00:00', 0, '2022-08-25 06:00:00', 1014),
(6222, 119, 5, 1, '2022-08-24 22:00:00', 0, '2022-08-25 06:00:00', 1014),
(6223, 119, 6, 1, '2022-08-24 22:00:00', 0, '2022-08-25 06:00:00', 1014),
(6224, 119, 7, 1, '2022-08-24 22:00:00', 0, '2022-08-25 06:00:00', 1014),
(6225, 119, 1, 1, '2022-08-25 06:00:00', 0, '2022-08-25 10:00:00', 1015),
(6226, 119, 2, 2, '2022-08-25 06:00:00', 0, '2022-08-25 10:00:00', 1015),
(6227, 119, 3, 1, '2022-08-25 06:00:00', 0, '2022-08-25 10:00:00', 1015),
(6228, 119, 4, 3, '2022-08-25 06:00:00', 0, '2022-08-25 10:00:00', 1015),
(6229, 119, 5, 1, '2022-08-25 06:00:00', 0, '2022-08-25 10:00:00', 1015),
(6230, 119, 6, 1, '2022-08-25 06:00:00', 0, '2022-08-25 10:00:00', 1015),
(6231, 119, 7, 1, '2022-08-25 06:00:00', 0, '2022-08-25 10:00:00', 1015),
(6232, 119, 1, 1, '2022-08-25 10:00:00', 0, '2022-08-25 14:00:00', 1016),
(6233, 119, 2, 2, '2022-08-25 10:00:00', 0, '2022-08-25 14:00:00', 1016),
(6234, 119, 3, 1, '2022-08-25 10:00:00', 0, '2022-08-25 14:00:00', 1016),
(6235, 119, 4, 3, '2022-08-25 10:00:00', 0, '2022-08-25 14:00:00', 1016),
(6236, 119, 5, 1, '2022-08-25 10:00:00', 0, '2022-08-25 14:00:00', 1016),
(6237, 119, 6, 1, '2022-08-25 10:00:00', 0, '2022-08-25 14:00:00', 1016),
(6238, 119, 7, 1, '2022-08-25 10:00:00', 0, '2022-08-25 14:00:00', 1016),
(6239, 119, 1, 1, '2022-08-25 14:00:00', 0, '2022-08-25 18:00:00', 1017),
(6240, 119, 2, 2, '2022-08-25 14:00:00', 0, '2022-08-25 18:00:00', 1017),
(6241, 119, 3, 1, '2022-08-25 14:00:00', 0, '2022-08-25 18:00:00', 1017),
(6242, 119, 4, 3, '2022-08-25 14:00:00', 0, '2022-08-25 18:00:00', 1017),
(6243, 119, 5, 1, '2022-08-25 14:00:00', 0, '2022-08-25 18:00:00', 1017),
(6244, 119, 6, 1, '2022-08-25 14:00:00', 0, '2022-08-25 18:00:00', 1017),
(6245, 119, 7, 1, '2022-08-25 14:00:00', 0, '2022-08-25 18:00:00', 1017),
(6246, 119, 1, 1, '2022-08-25 18:00:00', 0, '2022-08-25 22:00:00', 1018),
(6247, 119, 2, 2, '2022-08-25 18:00:00', 0, '2022-08-25 22:00:00', 1018),
(6248, 119, 3, 1, '2022-08-25 18:00:00', 0, '2022-08-25 22:00:00', 1018),
(6249, 119, 4, 3, '2022-08-25 18:00:00', 0, '2022-08-25 22:00:00', 1018),
(6250, 119, 5, 1, '2022-08-25 18:00:00', 0, '2022-08-25 22:00:00', 1018),
(6251, 119, 6, 1, '2022-08-25 18:00:00', 0, '2022-08-25 22:00:00', 1018),
(6252, 119, 7, 1, '2022-08-25 18:00:00', 0, '2022-08-25 22:00:00', 1018),
(6253, 119, 1, 1, '2022-08-25 22:00:00', 0, '2022-08-26 06:00:00', 1019),
(6254, 119, 2, 2, '2022-08-25 22:00:00', 0, '2022-08-26 06:00:00', 1019),
(6255, 119, 3, 1, '2022-08-25 22:00:00', 0, '2022-08-26 06:00:00', 1019),
(6256, 119, 4, 3, '2022-08-25 22:00:00', 0, '2022-08-26 06:00:00', 1019),
(6257, 119, 5, 1, '2022-08-25 22:00:00', 0, '2022-08-26 06:00:00', 1019),
(6258, 119, 6, 1, '2022-08-25 22:00:00', 0, '2022-08-26 06:00:00', 1019),
(6259, 119, 7, 1, '2022-08-25 22:00:00', 0, '2022-08-26 06:00:00', 1019),
(6260, 119, 1, 1, '2022-08-26 06:00:00', 0, '2022-08-26 10:00:00', 1020),
(6261, 119, 2, 2, '2022-08-26 06:00:00', 0, '2022-08-26 10:00:00', 1020),
(6262, 119, 3, 1, '2022-08-26 06:00:00', 0, '2022-08-26 10:00:00', 1020),
(6263, 119, 4, 3, '2022-08-26 06:00:00', 0, '2022-08-26 10:00:00', 1020),
(6264, 119, 5, 1, '2022-08-26 06:00:00', 0, '2022-08-26 10:00:00', 1020),
(6265, 119, 6, 1, '2022-08-26 06:00:00', 0, '2022-08-26 10:00:00', 1020),
(6266, 119, 7, 1, '2022-08-26 06:00:00', 0, '2022-08-26 10:00:00', 1020),
(6267, 119, 1, 1, '2022-08-26 10:00:00', 0, '2022-08-26 14:00:00', 1021),
(6268, 119, 2, 2, '2022-08-26 10:00:00', 0, '2022-08-26 14:00:00', 1021),
(6269, 119, 3, 1, '2022-08-26 10:00:00', 0, '2022-08-26 14:00:00', 1021),
(6270, 119, 4, 3, '2022-08-26 10:00:00', 0, '2022-08-26 14:00:00', 1021),
(6271, 119, 5, 1, '2022-08-26 10:00:00', 0, '2022-08-26 14:00:00', 1021),
(6272, 119, 6, 1, '2022-08-26 10:00:00', 0, '2022-08-26 14:00:00', 1021),
(6273, 119, 7, 1, '2022-08-26 10:00:00', 0, '2022-08-26 14:00:00', 1021),
(6274, 119, 1, 1, '2022-08-26 14:00:00', 0, '2022-08-26 18:00:00', 1022),
(6275, 119, 2, 2, '2022-08-26 14:00:00', 0, '2022-08-26 18:00:00', 1022),
(6276, 119, 3, 1, '2022-08-26 14:00:00', 0, '2022-08-26 18:00:00', 1022),
(6277, 119, 4, 3, '2022-08-26 14:00:00', 0, '2022-08-26 18:00:00', 1022),
(6278, 119, 5, 1, '2022-08-26 14:00:00', 0, '2022-08-26 18:00:00', 1022),
(6279, 119, 6, 1, '2022-08-26 14:00:00', 0, '2022-08-26 18:00:00', 1022),
(6280, 119, 7, 1, '2022-08-26 14:00:00', 0, '2022-08-26 18:00:00', 1022),
(6281, 119, 1, 1, '2022-08-26 18:00:00', 0, '2022-08-26 22:00:00', 1023),
(6282, 119, 2, 2, '2022-08-26 18:00:00', 0, '2022-08-26 22:00:00', 1023),
(6283, 119, 3, 1, '2022-08-26 18:00:00', 0, '2022-08-26 22:00:00', 1023),
(6284, 119, 4, 3, '2022-08-26 18:00:00', 0, '2022-08-26 22:00:00', 1023),
(6285, 119, 5, 1, '2022-08-26 18:00:00', 0, '2022-08-26 22:00:00', 1023),
(6286, 119, 6, 1, '2022-08-26 18:00:00', 0, '2022-08-26 22:00:00', 1023),
(6287, 119, 7, 1, '2022-08-26 18:00:00', 0, '2022-08-26 22:00:00', 1023),
(6288, 119, 1, 1, '2022-08-26 22:00:00', 0, '2022-08-27 06:00:00', 1024),
(6289, 119, 2, 2, '2022-08-26 22:00:00', 0, '2022-08-27 06:00:00', 1024),
(6290, 119, 3, 1, '2022-08-26 22:00:00', 0, '2022-08-27 06:00:00', 1024),
(6291, 119, 4, 3, '2022-08-26 22:00:00', 0, '2022-08-27 06:00:00', 1024),
(6292, 119, 5, 1, '2022-08-26 22:00:00', 0, '2022-08-27 06:00:00', 1024),
(6293, 119, 6, 1, '2022-08-26 22:00:00', 0, '2022-08-27 06:00:00', 1024),
(6294, 119, 7, 1, '2022-08-26 22:00:00', 0, '2022-08-27 06:00:00', 1024),
(6295, 119, 1, 1, '2022-08-27 06:00:00', 0, '2022-08-27 10:00:00', 1025),
(6296, 119, 2, 2, '2022-08-27 06:00:00', 0, '2022-08-27 10:00:00', 1025),
(6297, 119, 3, 1, '2022-08-27 06:00:00', 0, '2022-08-27 10:00:00', 1025),
(6298, 119, 4, 3, '2022-08-27 06:00:00', 0, '2022-08-27 10:00:00', 1025),
(6299, 119, 5, 1, '2022-08-27 06:00:00', 0, '2022-08-27 10:00:00', 1025),
(6300, 119, 6, 1, '2022-08-27 06:00:00', 0, '2022-08-27 10:00:00', 1025),
(6301, 119, 7, 1, '2022-08-27 06:00:00', 0, '2022-08-27 10:00:00', 1025),
(6302, 119, 1, 1, '2022-08-27 10:00:00', 0, '2022-08-27 14:00:00', 1026),
(6303, 119, 2, 2, '2022-08-27 10:00:00', 0, '2022-08-27 14:00:00', 1026),
(6304, 119, 3, 1, '2022-08-27 10:00:00', 0, '2022-08-27 14:00:00', 1026),
(6305, 119, 4, 3, '2022-08-27 10:00:00', 0, '2022-08-27 14:00:00', 1026),
(6306, 119, 5, 1, '2022-08-27 10:00:00', 0, '2022-08-27 14:00:00', 1026),
(6307, 119, 6, 1, '2022-08-27 10:00:00', 0, '2022-08-27 14:00:00', 1026),
(6308, 119, 7, 1, '2022-08-27 10:00:00', 0, '2022-08-27 14:00:00', 1026),
(6309, 119, 1, 1, '2022-08-27 14:00:00', 0, '2022-08-27 18:00:00', 1027),
(6310, 119, 2, 2, '2022-08-27 14:00:00', 0, '2022-08-27 18:00:00', 1027),
(6311, 119, 3, 1, '2022-08-27 14:00:00', 0, '2022-08-27 18:00:00', 1027),
(6312, 119, 4, 3, '2022-08-27 14:00:00', 0, '2022-08-27 18:00:00', 1027),
(6313, 119, 5, 1, '2022-08-27 14:00:00', 0, '2022-08-27 18:00:00', 1027),
(6314, 119, 6, 1, '2022-08-27 14:00:00', 0, '2022-08-27 18:00:00', 1027),
(6315, 119, 7, 1, '2022-08-27 14:00:00', 0, '2022-08-27 18:00:00', 1027),
(6316, 119, 1, 1, '2022-08-27 18:00:00', 0, '2022-08-27 22:00:00', 1028),
(6317, 119, 2, 2, '2022-08-27 18:00:00', 0, '2022-08-27 22:00:00', 1028),
(6318, 119, 3, 1, '2022-08-27 18:00:00', 0, '2022-08-27 22:00:00', 1028),
(6319, 119, 4, 3, '2022-08-27 18:00:00', 0, '2022-08-27 22:00:00', 1028),
(6320, 119, 5, 1, '2022-08-27 18:00:00', 0, '2022-08-27 22:00:00', 1028),
(6321, 119, 6, 1, '2022-08-27 18:00:00', 0, '2022-08-27 22:00:00', 1028),
(6322, 119, 7, 1, '2022-08-27 18:00:00', 0, '2022-08-27 22:00:00', 1028),
(6323, 119, 1, 1, '2022-08-27 22:00:00', 0, '2022-08-28 06:00:00', 1029),
(6324, 119, 2, 2, '2022-08-27 22:00:00', 0, '2022-08-28 06:00:00', 1029),
(6325, 119, 3, 1, '2022-08-27 22:00:00', 0, '2022-08-28 06:00:00', 1029),
(6326, 119, 4, 3, '2022-08-27 22:00:00', 0, '2022-08-28 06:00:00', 1029),
(6327, 119, 5, 1, '2022-08-27 22:00:00', 0, '2022-08-28 06:00:00', 1029),
(6328, 119, 6, 1, '2022-08-27 22:00:00', 0, '2022-08-28 06:00:00', 1029),
(6329, 119, 7, 1, '2022-08-27 22:00:00', 0, '2022-08-28 06:00:00', 1029),
(6330, 119, 1, 1, '2022-08-28 06:00:00', 0, '2022-08-28 10:00:00', 1030),
(6331, 119, 2, 2, '2022-08-28 06:00:00', 0, '2022-08-28 10:00:00', 1030),
(6332, 119, 3, 1, '2022-08-28 06:00:00', 0, '2022-08-28 10:00:00', 1030),
(6333, 119, 4, 3, '2022-08-28 06:00:00', 0, '2022-08-28 10:00:00', 1030),
(6334, 119, 5, 1, '2022-08-28 06:00:00', 0, '2022-08-28 10:00:00', 1030),
(6335, 119, 6, 1, '2022-08-28 06:00:00', 0, '2022-08-28 10:00:00', 1030),
(6336, 119, 7, 1, '2022-08-28 06:00:00', 0, '2022-08-28 10:00:00', 1030),
(6337, 119, 1, 1, '2022-08-28 10:00:00', 0, '2022-08-28 14:00:00', 1031),
(6338, 119, 2, 2, '2022-08-28 10:00:00', 0, '2022-08-28 14:00:00', 1031),
(6339, 119, 3, 1, '2022-08-28 10:00:00', 0, '2022-08-28 14:00:00', 1031),
(6340, 119, 4, 3, '2022-08-28 10:00:00', 0, '2022-08-28 14:00:00', 1031),
(6341, 119, 5, 1, '2022-08-28 10:00:00', 0, '2022-08-28 14:00:00', 1031),
(6342, 119, 6, 1, '2022-08-28 10:00:00', 0, '2022-08-28 14:00:00', 1031),
(6343, 119, 7, 1, '2022-08-28 10:00:00', 0, '2022-08-28 14:00:00', 1031),
(6344, 119, 1, 1, '2022-08-28 14:00:00', 0, '2022-08-28 18:00:00', 1032),
(6345, 119, 2, 2, '2022-08-28 14:00:00', 0, '2022-08-28 18:00:00', 1032),
(6346, 119, 3, 1, '2022-08-28 14:00:00', 0, '2022-08-28 18:00:00', 1032),
(6347, 119, 4, 3, '2022-08-28 14:00:00', 0, '2022-08-28 18:00:00', 1032),
(6348, 119, 5, 1, '2022-08-28 14:00:00', 0, '2022-08-28 18:00:00', 1032),
(6349, 119, 6, 1, '2022-08-28 14:00:00', 0, '2022-08-28 18:00:00', 1032),
(6350, 119, 7, 1, '2022-08-28 14:00:00', 0, '2022-08-28 18:00:00', 1032),
(6351, 119, 1, 1, '2022-08-28 18:00:00', 0, '2022-08-28 22:00:00', 1033),
(6352, 119, 2, 2, '2022-08-28 18:00:00', 0, '2022-08-28 22:00:00', 1033),
(6353, 119, 3, 1, '2022-08-28 18:00:00', 0, '2022-08-28 22:00:00', 1033),
(6354, 119, 4, 3, '2022-08-28 18:00:00', 0, '2022-08-28 22:00:00', 1033),
(6355, 119, 5, 1, '2022-08-28 18:00:00', 0, '2022-08-28 22:00:00', 1033),
(6356, 119, 6, 1, '2022-08-28 18:00:00', 0, '2022-08-28 22:00:00', 1033),
(6357, 119, 7, 1, '2022-08-28 18:00:00', 0, '2022-08-28 22:00:00', 1033),
(6358, 119, 1, 1, '2022-08-28 22:00:00', 0, '2022-08-29 06:00:00', 1034),
(6359, 119, 2, 2, '2022-08-28 22:00:00', 0, '2022-08-29 06:00:00', 1034),
(6360, 119, 3, 1, '2022-08-28 22:00:00', 0, '2022-08-29 06:00:00', 1034),
(6361, 119, 4, 3, '2022-08-28 22:00:00', 0, '2022-08-29 06:00:00', 1034),
(6362, 119, 5, 1, '2022-08-28 22:00:00', 0, '2022-08-29 06:00:00', 1034),
(6363, 119, 6, 1, '2022-08-28 22:00:00', 0, '2022-08-29 06:00:00', 1034),
(6364, 119, 7, 1, '2022-08-28 22:00:00', 0, '2022-08-29 06:00:00', 1034);

-- --------------------------------------------------------

--
-- Table structure for table `sms`
--

CREATE TABLE `sms` (
  `id` int(11) NOT NULL,
  `phone` varchar(50) NOT NULL,
  `content` varchar(200) NOT NULL
) ENGINE=InnoDB DEFAULT CHARSET=utf8mb4;

--
-- Dumping data for table `sms`
--

INSERT INTO `sms` (`id`, `phone`, `content`) VALUES
(1, '+84 98 909 69 11', 'Account recovery code'),
(2, '+84 98 909 69 11', 'Account recovery code'),
(3, '+84 98 909 69 11', 'Account recovery code'),
(4, '+84 98 909 69 11', 'Account recovery code'),
(5, '+84 98 909 69 11', 'Account recovery code'),
(6, '+84 98 909 69 11', 'Account recovery code'),
(7, '+84 98 909 69 11', 'Account recovery code'),
(8, '+84989096911', 'Account recovery code'),
(9, '+84 98 909 69 11', 'Account recovery code'),
(10, '0989096911', 'Account recovery code'),
(11, '0989096911', 'Account recovery code'),
(12, '+84989096911', 'Account recovery code');

-- --------------------------------------------------------

--
-- Table structure for table `store`
--

CREATE TABLE `store` (
  `Id` int(11) NOT NULL,
  `Name_Store` varchar(100) COLLATE utf8_vietnamese_ci DEFAULT NULL,
  `Address` varchar(150) COLLATE utf8_vietnamese_ci DEFAULT NULL,
  `Is_Block` int(2) DEFAULT 0
) ENGINE=InnoDB DEFAULT CHARSET=utf8 COLLATE=utf8_vietnamese_ci;

--
-- Dumping data for table `store`
--

INSERT INTO `store` (`Id`, `Name_Store`, `Address`, `Is_Block`) VALUES
(1, 'Khareer Caffee ', '590 CMT8, Q10, TPHCM', 0),
(2, 'Khareer Coffee Nguyễn Trãi', '32 Nguyễn Trãi , Q10, TPHCM', 0);

-- --------------------------------------------------------

--
-- Table structure for table `timekeeping`
--

CREATE TABLE `timekeeping` (
  `Id` int(11) NOT NULL,
  `Mail` varchar(100) NOT NULL,
  `Time_start` datetime NOT NULL,
  `Time_end` datetime NOT NULL,
  `Time` int(11) NOT NULL,
  `Id_Timeline` int(11) NOT NULL,
  `Shift_Code` int(11) NOT NULL
) ENGINE=InnoDB DEFAULT CHARSET=utf8mb4;

--
-- Dumping data for table `timekeeping`
--

INSERT INTO `timekeeping` (`Id`, `Mail`, `Time_start`, `Time_end`, `Time`, `Id_Timeline`, `Shift_Code`) VALUES
(594, 'UserNT2027@khareer.com', '2022-08-29 05:45:32', '2022-08-29 10:09:21', 4, 110, 0),
(596, 'UserNT2027@khareer.com', '2022-08-29 22:15:57', '2022-08-30 06:16:07', 8, 110, 4);

-- --------------------------------------------------------

--
-- Table structure for table `timeline`
--

CREATE TABLE `timeline` (
  `Id` int(11) NOT NULL,
  `Time_name` varchar(50) DEFAULT NULL,
  `Start_date` date DEFAULT NULL,
  `End_date` date DEFAULT NULL,
  `Status` tinyint(4) DEFAULT 0,
  `IsDelete` tinyint(4) NOT NULL DEFAULT 0,
  `Id_Store` int(11) DEFAULT NULL,
  `is_delete` smallint(6) NOT NULL
) ENGINE=InnoDB DEFAULT CHARSET=utf8mb4;

--
-- Dumping data for table `timeline`
--

INSERT INTO `timeline` (`Id`, `Time_name`, `Start_date`, `End_date`, `Status`, `IsDelete`, `Id_Store`, `is_delete`) VALUES
(106, 'Lịch làm việc tháng 6 tuần 1', '2022-05-30', '2022-06-05', 0, 0, 2, 0),
(107, 'Lịch làm việc tháng 6 tuần 2', '2022-06-06', '2022-06-12', 0, 0, 2, 0),
(108, 'Lịch làm việc tháng 6 tuần 3', '2022-06-13', '2022-06-19', 0, 0, 2, 0),
(109, 'Lịch làm việc tháng 6 tuần 4', '2022-06-20', '2022-06-26', 0, 0, 2, 0),
(110, 'Lịch làm việc tháng 9 tuần 1', '2022-08-29', '2022-09-04', 0, 0, 2, 0),
(111, 'Lịch làm việc tháng 7 tuần 1', '2022-06-27', '2022-07-03', 0, 0, 2, 0),
(112, 'Lịch làm việc tháng 7 tuần 2', '2022-07-04', '2022-07-10', 0, 0, 2, 0),
(113, 'Lịch làm việc tháng 7 tuần 3', '2022-07-11', '2022-07-17', 0, 0, 2, 0),
(114, 'Lịch làm việc tháng 7 tuần 4', '2022-07-18', '2022-07-24', 0, 0, 2, 0),
(115, 'Lịch làm việc tháng 7 tuần 5', '2022-07-25', '2022-07-31', 0, 0, 2, 0),
(116, 'Lịch làm việc tháng 8 tuần 1', '2022-08-01', '2022-08-07', 0, 0, 2, 0),
(117, 'Lịch làm việc tháng 8 tuần 2', '2022-08-08', '2022-08-14', 0, 0, 2, 0),
(118, 'Lịch làm việc tháng 8 tuần 3', '2022-08-15', '2022-08-21', 0, 0, 2, 0),
(119, 'Lịch làm việc tháng 8 tuần 4', '2022-08-22', '2022-08-28', 0, 0, 2, 0);

-- --------------------------------------------------------

--
-- Table structure for table `timeline_detail`
--

CREATE TABLE `timeline_detail` (
  `Id` int(11) NOT NULL,
  `Mail` varchar(100) DEFAULT NULL,
  `Id_Timeline` int(11) NOT NULL,
  `Shift_Code` int(11) NOT NULL,
  `Id_Position` int(11) NOT NULL
) ENGINE=InnoDB DEFAULT CHARSET=utf8mb4;

--
-- Dumping data for table `timeline_detail`
--

INSERT INTO `timeline_detail` (`Id`, `Mail`, `Id_Timeline`, `Shift_Code`, `Id_Position`) VALUES
(10174, 'UserNT2040@khareer.com', 106, 0, 1),
(10175, 'UserNT2041@khareer.com', 106, 0, 1),
(10176, 'UserNT2043@khareer.com', 106, 0, 2),
(10177, 'UserNT2011@khareer.com', 106, 0, 3),
(10178, 'UserNT2037@khareer.com', 106, 0, 4),
(10179, 'UserNT2028@khareer.com', 106, 0, 5),
(10180, 'UserNT2036@khareer.com', 106, 0, 5),
(10181, 'UserNT2022@khareer.com', 106, 0, 5),
(10182, 'UserNT2019@khareer.com', 106, 0, 6),
(10183, 'UserNT206@khareer.com', 106, 0, 7),
(10184, 'UserNT2034@khareer.com', 106, 1, 1),
(10185, 'UserNT2041@khareer.com', 106, 1, 1),
(10186, 'UserNT205@khareer.com', 106, 1, 2),
(10187, 'UserNT2035@khareer.com', 106, 1, 3),
(10188, 'UserNT2018@khareer.com', 106, 1, 4),
(10189, 'UserNT2016@khareer.com', 106, 1, 5),
(10190, 'UserNT203@khareer.com', 106, 1, 5),
(10191, 'UserNT2028@khareer.com', 106, 1, 5),
(10192, 'UserNT2014@khareer.com', 106, 1, 6),
(10193, 'UserNT2017@khareer.com', 106, 1, 7),
(10194, 'UserNT2041@khareer.com', 106, 2, 1),
(10195, 'UserNT2045@khareer.com', 106, 2, 1),
(10196, 'UserNT2016@khareer.com', 106, 2, 2),
(10197, 'UserNT2022@khareer.com', 106, 2, 3),
(10198, 'UserNT2015@khareer.com', 106, 2, 4),
(10199, 'UserNT2030@khareer.com', 106, 2, 5),
(10200, 'UserNT2021@khareer.com', 106, 2, 5),
(10201, 'UserNT2044@khareer.com', 106, 2, 5),
(10202, 'UserNT2024@khareer.com', 106, 2, 6),
(10203, 'UserNT208@khareer.com', 106, 2, 7),
(10204, 'UserNT2023@khareer.com', 106, 3, 1),
(10205, 'UserNT208@khareer.com', 106, 3, 1),
(10206, 'UserNT2014@khareer.com', 106, 3, 2),
(10207, 'UserNT2027@khareer.com', 106, 3, 3),
(10208, 'UserNT2012@khareer.com', 106, 3, 4),
(10209, 'UserNT2013@khareer.com', 106, 3, 5),
(10210, 'UserNT2024@khareer.com', 106, 3, 5),
(10211, 'UserNT202@khareer.com', 106, 3, 5),
(10212, 'UserNT2018@khareer.com', 106, 3, 6),
(10213, 'UserNT206@khareer.com', 106, 3, 7),
(10214, 'vlogcuocsongvacongnghe@gmail.com', 106, 4, 1),
(10215, 'UserNT2045@khareer.com', 106, 4, 1),
(10216, 'UserNT203@khareer.com', 106, 4, 2),
(10217, 'user2@gmail.com', 106, 4, 3),
(10218, 'UserNT2040@khareer.com', 106, 4, 4),
(10219, 'UserNT202@khareer.com', 106, 4, 5),
(10220, 'UserNT2021@khareer.com', 106, 4, 5),
(10221, 'UserNT2018@khareer.com', 106, 4, 5),
(10222, 'UserNT2038@khareer.com', 106, 4, 6),
(10223, 'UserNT2013@khareer.com', 106, 4, 7),
(10224, 'UserNT2041@khareer.com', 106, 5, 1),
(10225, 'UserNT2038@khareer.com', 106, 5, 1),
(10226, 'UserNT2033@khareer.com', 106, 5, 2),
(10227, 'UserNT2032@khareer.com', 106, 5, 3),
(10228, 'UserNT2036@khareer.com', 106, 5, 4),
(10229, 'UserNT2042@khareer.com', 106, 5, 5),
(10230, 'UserNT203@khareer.com', 106, 5, 5),
(10231, 'UserNT2025@khareer.com', 106, 5, 5),
(10232, 'UserNT2020@khareer.com', 106, 5, 6),
(10233, 'user2@gmail.com', 106, 5, 7),
(10234, 'UserNT208@khareer.com', 106, 6, 1),
(10235, 'UserNT2045@khareer.com', 106, 6, 1),
(10236, 'UserNT2043@khareer.com', 106, 6, 2),
(10237, 'UserNT2026@khareer.com', 106, 6, 3),
(10238, 'UserNT2036@khareer.com', 106, 6, 4),
(10239, 'UserNT2030@khareer.com', 106, 6, 5),
(10240, 'UserNT2033@khareer.com', 106, 6, 5),
(10241, 'UserNT2025@khareer.com', 106, 6, 5),
(10242, 'UserNT2014@khareer.com', 106, 6, 6),
(10243, 'UserNT2017@khareer.com', 106, 6, 7),
(10244, 'UserNT2038@khareer.com', 106, 7, 1),
(10245, 'UserNT2023@khareer.com', 106, 7, 1),
(10246, 'UserNT2014@khareer.com', 106, 7, 2),
(10247, 'user2@gmail.com', 106, 7, 3),
(10248, 'UserNT201@khareer.com', 106, 7, 4),
(10249, 'UserNT2032@khareer.com', 106, 7, 5),
(10250, 'UserNT2012@khareer.com', 106, 7, 5),
(10251, 'UserNT2034@khareer.com', 106, 7, 5),
(10252, 'UserNT2043@khareer.com', 106, 7, 6),
(10253, 'UserNT206@khareer.com', 106, 7, 7),
(10254, 'UserNT2023@khareer.com', 106, 8, 1),
(10255, 'UserNT2045@khareer.com', 106, 8, 1),
(10256, 'UserNT202@khareer.com', 106, 8, 2),
(10257, 'UserNT2032@khareer.com', 106, 8, 3),
(10258, 'UserNT2020@khareer.com', 106, 8, 4),
(10259, 'UserNT2043@khareer.com', 106, 8, 5),
(10260, 'UserNT2025@khareer.com', 106, 8, 5),
(10261, 'UserNT2012@khareer.com', 106, 8, 5),
(10262, 'UserNT2038@khareer.com', 106, 8, 6),
(10263, 'user2@gmail.com', 106, 8, 7),
(10264, 'UserNT209@khareer.com', 106, 9, 1),
(10265, 'UserNT2027@khareer.com', 106, 9, 1),
(10266, 'UserNT2013@khareer.com', 106, 9, 2),
(10267, 'UserNT2034@khareer.com', 106, 9, 3),
(10268, 'UserNT2020@khareer.com', 106, 9, 4),
(10269, 'UserNT204@khareer.com', 106, 9, 5),
(10270, 'UserNT207@khareer.com', 106, 9, 5),
(10271, 'UserNT205@khareer.com', 106, 9, 5),
(10272, 'UserNT2037@khareer.com', 106, 9, 6),
(10273, 'UserNT2011@khareer.com', 106, 9, 7),
(10274, 'UserNT2040@khareer.com', 106, 10, 1),
(10275, 'vlogcuocsongvacongnghe@gmail.com', 106, 10, 1),
(10276, 'UserNT2023@khareer.com', 106, 10, 2),
(10277, 'UserNT2016@khareer.com', 106, 10, 3),
(10278, 'UserNT2025@khareer.com', 106, 10, 4),
(10279, 'UserNT2031@khareer.com', 106, 10, 5),
(10280, 'UserNT2032@khareer.com', 106, 10, 5),
(10281, 'UserNT2044@khareer.com', 106, 10, 5),
(10282, 'UserNT2027@khareer.com', 106, 10, 6),
(10283, 'UserNT2017@khareer.com', 106, 10, 7),
(10284, 'UserNT2045@khareer.com', 106, 11, 1),
(10285, 'UserNT2027@khareer.com', 106, 11, 1),
(10286, 'UserNT202@khareer.com', 106, 11, 2),
(10287, 'UserNT2020@khareer.com', 106, 11, 3),
(10288, 'UserNT2034@khareer.com', 106, 11, 4),
(10289, 'UserNT2026@khareer.com', 106, 11, 5),
(10290, 'UserNT2044@khareer.com', 106, 11, 5),
(10291, 'UserNT2012@khareer.com', 106, 11, 5),
(10292, 'UserNT2035@khareer.com', 106, 11, 6),
(10293, 'UserNT2017@khareer.com', 106, 11, 7),
(10294, 'UserNT207@khareer.com', 106, 12, 1),
(10295, 'UserNT209@khareer.com', 106, 12, 1),
(10296, 'UserNT202@khareer.com', 106, 12, 2),
(10297, 'UserNT2016@khareer.com', 106, 12, 3),
(10298, 'UserNT2039@khareer.com', 106, 12, 4),
(10299, 'UserNT2031@khareer.com', 106, 12, 5),
(10300, 'UserNT2026@khareer.com', 106, 12, 5),
(10301, 'UserNT206@khareer.com', 106, 12, 5),
(10302, 'UserNT2024@khareer.com', 106, 12, 6),
(10303, 'UserNT208@khareer.com', 106, 12, 7),
(10304, 'UserNT2040@khareer.com', 106, 13, 1),
(10305, 'UserNT2045@khareer.com', 106, 13, 1),
(10306, 'UserNT2024@khareer.com', 106, 13, 2),
(10307, 'UserNT2037@khareer.com', 106, 13, 3),
(10308, 'UserNT2019@khareer.com', 106, 13, 4),
(10309, 'UserNT204@khareer.com', 106, 13, 5),
(10310, 'UserNT203@khareer.com', 106, 13, 5),
(10311, 'UserNT2012@khareer.com', 106, 13, 5),
(10312, 'UserNT2013@khareer.com', 106, 13, 6),
(10313, 'UserNT2011@khareer.com', 106, 13, 7),
(10314, 'UserNT2045@khareer.com', 106, 14, 1),
(10315, 'UserNT207@khareer.com', 106, 14, 1),
(10316, 'UserNT2016@khareer.com', 106, 14, 2),
(10317, 'UserNT201@khareer.com', 106, 14, 3),
(10318, 'UserNT2023@khareer.com', 106, 14, 4),
(10319, 'UserNT205@khareer.com', 106, 14, 5),
(10320, 'UserNT2031@khareer.com', 106, 14, 5),
(10321, 'UserNT2025@khareer.com', 106, 14, 5),
(10322, 'UserNT2033@khareer.com', 106, 14, 6),
(10323, 'UserNT2017@khareer.com', 106, 14, 7),
(10324, 'UserNT207@khareer.com', 106, 15, 1),
(10325, 'UserNT208@khareer.com', 106, 15, 1),
(10326, 'UserNT2014@khareer.com', 106, 15, 2),
(10327, 'UserNT2039@khareer.com', 106, 15, 3),
(10328, 'UserNT201@khareer.com', 106, 15, 4),
(10329, 'UserNT2037@khareer.com', 106, 15, 5),
(10330, 'UserNT2041@khareer.com', 106, 15, 5),
(10331, 'UserNT2042@khareer.com', 106, 15, 5),
(10332, 'UserNT2027@khareer.com', 106, 15, 6),
(10333, 'UserNT2017@khareer.com', 106, 15, 7),
(10334, 'UserNT208@khareer.com', 106, 16, 1),
(10335, 'UserNT209@khareer.com', 106, 16, 1),
(10336, 'UserNT2014@khareer.com', 106, 16, 2),
(10337, 'UserNT2032@khareer.com', 106, 16, 3),
(10338, 'UserNT2038@khareer.com', 106, 16, 4),
(10339, 'UserNT2037@khareer.com', 106, 16, 5),
(10340, 'UserNT2021@khareer.com', 106, 16, 5),
(10341, 'UserNT2022@khareer.com', 106, 16, 5),
(10342, 'UserNT2031@khareer.com', 106, 16, 6),
(10343, 'UserNT206@khareer.com', 106, 16, 7),
(10344, 'UserNT209@khareer.com', 106, 17, 1),
(10345, 'nhan@gmail.com', 106, 17, 1),
(10346, 'UserNT2023@khareer.com', 106, 17, 2),
(10347, 'UserNT2026@khareer.com', 106, 17, 3),
(10348, 'UserNT2037@khareer.com', 106, 17, 4),
(10349, 'UserNT2032@khareer.com', 106, 17, 5),
(10350, 'UserNT2016@khareer.com', 106, 17, 5),
(10351, 'UserNT206@khareer.com', 106, 17, 5),
(10352, 'UserNT2031@khareer.com', 106, 17, 6),
(10353, 'UserNT208@khareer.com', 106, 17, 7),
(10354, 'UserNT209@khareer.com', 106, 18, 1),
(10355, 'nhan@gmail.com', 106, 18, 1),
(10356, 'UserNT2028@khareer.com', 106, 18, 2),
(10357, 'UserNT2015@khareer.com', 106, 18, 3),
(10358, 'UserNT2038@khareer.com', 106, 18, 4),
(10359, 'UserNT201@khareer.com', 106, 18, 5),
(10360, 'UserNT2030@khareer.com', 106, 18, 5),
(10361, 'UserNT2042@khareer.com', 106, 18, 5),
(10362, 'UserNT2014@khareer.com', 106, 18, 6),
(10363, 'user2@gmail.com', 106, 18, 7),
(10364, 'nhan@gmail.com', 106, 19, 1),
(10365, 'SinhTP@gmail.com', 106, 19, 1),
(10366, 'UserNT2022@khareer.com', 106, 19, 2),
(10367, 'UserNT2031@khareer.com', 106, 19, 3),
(10368, 'UserNT2018@khareer.com', 106, 19, 4),
(10369, 'UserNT205@khareer.com', 106, 19, 5),
(10370, 'UserNT2026@khareer.com', 106, 19, 5),
(10371, 'UserNT204@khareer.com', 106, 19, 5),
(10372, 'UserNT2027@khareer.com', 106, 19, 6),
(10373, 'UserNT2011@khareer.com', 106, 19, 7),
(10374, 'UserNT209@khareer.com', 106, 20, 1),
(10375, 'nhan@gmail.com', 106, 20, 1),
(10376, 'UserNT2036@khareer.com', 106, 20, 2),
(10377, 'UserNT2026@khareer.com', 106, 20, 3),
(10378, 'UserNT2038@khareer.com', 106, 20, 4),
(10379, 'UserNT205@khareer.com', 106, 20, 5),
(10380, 'UserNT2044@khareer.com', 106, 20, 5),
(10381, 'UserNT2033@khareer.com', 106, 20, 5),
(10382, 'UserNT2018@khareer.com', 106, 20, 6),
(10383, 'UserNT203@khareer.com', 106, 20, 7),
(10384, 'nhan@gmail.com', 106, 21, 1),
(10385, 'SinhTP@gmail.com', 106, 21, 1),
(10386, 'UserNT2028@khareer.com', 106, 21, 2),
(10387, 'UserNT201@khareer.com', 106, 21, 3),
(10388, 'UserNT2015@khareer.com', 106, 21, 4),
(10389, 'UserNT2032@khareer.com', 106, 21, 5),
(10390, 'UserNT204@khareer.com', 106, 21, 5),
(10391, 'UserNT205@khareer.com', 106, 21, 5),
(10392, 'UserNT2035@khareer.com', 106, 21, 6),
(10393, 'UserNT203@khareer.com', 106, 21, 7),
(10394, 'nhan@gmail.com', 106, 22, 1),
(10395, 'SinhTP@gmail.com', 106, 22, 1),
(10396, 'UserNT2029@khareer.com', 106, 22, 2),
(10397, 'user2@gmail.com', 106, 22, 3),
(10398, 'UserNT2030@khareer.com', 106, 22, 4),
(10399, 'UserNT2042@khareer.com', 106, 22, 5),
(10400, 'UserNT2039@khareer.com', 106, 22, 5),
(10401, 'UserNT201@khareer.com', 106, 22, 5),
(10402, 'UserNT2040@khareer.com', 106, 22, 6),
(10403, 'UserNT2015@khareer.com', 106, 22, 7),
(10404, 'SinhTP@gmail.com', 106, 23, 1),
(10405, 'TestImage@gmail.com', 106, 23, 1),
(10406, 'UserNT2019@khareer.com', 106, 23, 2),
(10407, 'UserNT201@khareer.com', 106, 23, 3),
(10408, 'UserNT2021@khareer.com', 106, 23, 4),
(10409, 'UserNT2012@khareer.com', 106, 23, 5),
(10410, 'UserNT2036@khareer.com', 106, 23, 5),
(10411, 'UserNT202@khareer.com', 106, 23, 5),
(10412, 'UserNT2029@khareer.com', 106, 23, 6),
(10413, 'UserNT2015@khareer.com', 106, 23, 7),
(10414, 'TestImage@gmail.com', 106, 24, 1),
(10415, 'UserNT2010@khareer.com', 106, 24, 1),
(10416, 'UserNT203@khareer.com', 106, 24, 2),
(10417, 'UserNT2026@khareer.com', 106, 24, 3),
(10418, 'UserNT2025@khareer.com', 106, 24, 4),
(10419, 'UserNT2021@khareer.com', 106, 24, 5),
(10420, 'UserNT2039@khareer.com', 106, 24, 5),
(10421, 'UserNT2022@khareer.com', 106, 24, 5),
(10422, 'UserNT2019@khareer.com', 106, 24, 6),
(10423, 'UserNT2013@khareer.com', 106, 24, 7),
(10424, 'nhan@gmail.com', 106, 25, 1),
(10425, 'SinhTP@gmail.com', 106, 25, 1),
(10426, 'UserNT2036@khareer.com', 106, 25, 2),
(10427, 'UserNT2035@khareer.com', 106, 25, 3),
(10428, 'UserNT2028@khareer.com', 106, 25, 4),
(10429, 'UserNT2034@khareer.com', 106, 25, 5),
(10430, 'UserNT2030@khareer.com', 106, 25, 5),
(10431, 'UserNT2042@khareer.com', 106, 25, 5),
(10432, 'UserNT2043@khareer.com', 106, 25, 6),
(10433, 'UserNT206@khareer.com', 106, 25, 7),
(10434, 'SinhTP@gmail.com', 106, 26, 1),
(10435, 'TestImage@gmail.com', 106, 26, 1),
(10436, 'UserNT2022@khareer.com', 106, 26, 2),
(10437, 'UserNT2027@khareer.com', 106, 26, 3),
(10438, 'UserNT2028@khareer.com', 106, 26, 4),
(10439, 'UserNT2037@khareer.com', 106, 26, 5),
(10440, 'UserNT2033@khareer.com', 106, 26, 5),
(10441, 'UserNT2044@khareer.com', 106, 26, 5),
(10442, 'UserNT2035@khareer.com', 106, 26, 6),
(10443, 'UserNT2011@khareer.com', 106, 26, 7),
(10444, 'SinhTP@gmail.com', 106, 27, 1),
(10445, 'TestImage@gmail.com', 106, 27, 1),
(10446, 'UserNT2020@khareer.com', 106, 27, 2),
(10447, 'UserNT2019@khareer.com', 106, 27, 3),
(10448, 'UserNT2023@khareer.com', 106, 27, 4),
(10449, 'UserNT2042@khareer.com', 106, 27, 5),
(10450, 'UserNT2013@khareer.com', 106, 27, 5),
(10451, 'vlogcuocsongvacongnghe@gmail.com', 106, 27, 5),
(10452, 'UserNT2030@khareer.com', 106, 27, 6),
(10453, 'UserNT2017@khareer.com', 106, 27, 7),
(10454, 'TestImage@gmail.com', 106, 28, 1),
(10455, 'UserNT2010@khareer.com', 106, 28, 1),
(10456, 'UserNT2043@khareer.com', 106, 28, 2),
(10457, 'UserNT2024@khareer.com', 106, 28, 3),
(10458, 'UserNT2034@khareer.com', 106, 28, 4),
(10459, 'vlogcuocsongvacongnghe@gmail.com', 106, 28, 5),
(10460, 'UserNT202@khareer.com', 106, 28, 5),
(10461, 'UserNT2041@khareer.com', 106, 28, 5),
(10462, 'UserNT2021@khareer.com', 106, 28, 6),
(10463, 'user2@gmail.com', 106, 28, 7),
(10464, 'UserNT2010@khareer.com', 106, 29, 1),
(10465, 'j.thien1551@gmail.com', 106, 29, 1),
(10466, 'UserNT2035@khareer.com', 106, 29, 2),
(10467, 'UserNT2024@khareer.com', 106, 29, 3),
(10468, 'UserNT2012@khareer.com', 106, 29, 4),
(10469, 'vlogcuocsongvacongnghe@gmail.com', 106, 29, 5),
(10470, 'UserNT2042@khareer.com', 106, 29, 5),
(10471, 'UserNT2039@khareer.com', 106, 29, 5),
(10472, 'UserNT2040@khareer.com', 106, 29, 6),
(10473, 'UserNT2015@khareer.com', 106, 29, 7),
(10474, 'TestImage@gmail.com', 106, 30, 1),
(10475, 'UserNT2010@khareer.com', 106, 30, 1),
(10476, 'UserNT2029@khareer.com', 106, 30, 2),
(10477, 'UserNT2016@khareer.com', 106, 30, 3),
(10478, 'UserNT2030@khareer.com', 106, 30, 4),
(10479, 'UserNT2039@khareer.com', 106, 30, 5),
(10480, 'UserNT207@khareer.com', 106, 30, 5),
(10481, 'UserNT204@khareer.com', 106, 30, 5),
(10482, 'UserNT2022@khareer.com', 106, 30, 6),
(10483, 'UserNT2013@khareer.com', 106, 30, 7),
(10484, 'TestImage@gmail.com', 106, 31, 1),
(10485, 'j.thien1551@gmail.com', 106, 31, 1),
(10486, 'UserNT2020@khareer.com', 106, 31, 2),
(10487, 'UserNT2035@khareer.com', 106, 31, 3),
(10488, 'UserNT2018@khareer.com', 106, 31, 4),
(10489, 'UserNT2033@khareer.com', 106, 31, 5),
(10490, 'UserNT209@khareer.com', 106, 31, 5),
(10491, 'vlogcuocsongvacongnghe@gmail.com', 106, 31, 5),
(10492, 'UserNT2040@khareer.com', 106, 31, 6),
(10493, 'UserNT207@khareer.com', 106, 31, 7),
(10494, 'UserNT2010@khareer.com', 106, 32, 1),
(10495, 'j.thien1551@gmail.com', 106, 32, 1),
(10496, 'UserNT2024@khareer.com', 106, 32, 2),
(10497, 'UserNT2031@khareer.com', 106, 32, 3),
(10498, 'UserNT2028@khareer.com', 106, 32, 4),
(10499, 'UserNT2033@khareer.com', 106, 32, 5),
(10500, 'UserNT2041@khareer.com', 106, 32, 5),
(10501, 'UserNT2044@khareer.com', 106, 32, 5),
(10502, 'UserNT2019@khareer.com', 106, 32, 6),
(10503, 'UserNT2011@khareer.com', 106, 32, 7),
(10504, 'UserNT2010@khareer.com', 106, 33, 1),
(10505, 'j.thien1551@gmail.com', 106, 33, 1),
(10506, 'UserNT2044@khareer.com', 106, 33, 2),
(10507, 'UserNT2025@khareer.com', 106, 33, 3),
(10508, 'UserNT2015@khareer.com', 106, 33, 4),
(10509, 'UserNT2034@khareer.com', 106, 33, 5),
(10510, 'UserNT204@khareer.com', 106, 33, 5),
(10511, 'UserNT2039@khareer.com', 106, 33, 5),
(10512, 'UserNT2019@khareer.com', 106, 33, 6),
(10513, 'UserNT2011@khareer.com', 106, 33, 7),
(10514, 'UserNT2010@khareer.com', 106, 34, 1),
(10515, 'j.thien1551@gmail.com', 106, 34, 1),
(10516, 'UserNT2043@khareer.com', 106, 34, 2),
(10517, 'UserNT2021@khareer.com', 106, 34, 3),
(10518, 'UserNT2036@khareer.com', 106, 34, 4),
(10519, 'vlogcuocsongvacongnghe@gmail.com', 106, 34, 5),
(10520, 'UserNT207@khareer.com', 106, 34, 5),
(10521, 'UserNT204@khareer.com', 106, 34, 5),
(10522, 'UserNT2020@khareer.com', 106, 34, 6),
(10523, 'UserNT2018@khareer.com', 106, 34, 7),
(10524, 'UserNT2027@khareer.com', 110, 0, 1),
(10525, 'UserNT2020@khareer.com', 110, 0, 2),
(10526, 'UserNT202@khareer.com', 110, 0, 2),
(10527, 'UserNT2017@khareer.com', 110, 0, 3),
(10528, 'UserNT2039@khareer.com', 110, 0, 3),
(10529, 'UserNT2030@khareer.com', 110, 0, 4),
(10530, 'SinhTP@gmail.com', 110, 0, 5),
(10531, 'UserNT201@khareer.com', 110, 0, 5),
(10532, 'UserNT2042@khareer.com', 110, 0, 5),
(10533, 'UserNT2031@khareer.com', 110, 0, 6),
(10534, 'UserNT2010@khareer.com', 110, 0, 7),
(10535, 'UserNT2040@khareer.com', 110, 1, 1),
(10536, 'UserNT202@khareer.com', 110, 1, 2),
(10537, 'UserNT2030@khareer.com', 110, 1, 2),
(10538, 'UserNT2034@khareer.com', 110, 1, 3),
(10539, 'UserNT2033@khareer.com', 110, 1, 3),
(10540, 'UserNT203@khareer.com', 110, 1, 4),
(10541, 'UserNT2036@khareer.com', 110, 1, 5),
(10542, 'UserNT2042@khareer.com', 110, 1, 5),
(10543, 'UserNT2028@khareer.com', 110, 1, 5),
(10544, 'UserNT2023@khareer.com', 110, 1, 6),
(10545, 'user2@gmail.com', 110, 1, 7),
(10546, 'UserNT2040@khareer.com', 110, 2, 1),
(10547, 'UserNT2024@khareer.com', 110, 2, 2),
(10548, 'UserNT2023@khareer.com', 110, 2, 2),
(10549, 'UserNT2030@khareer.com', 110, 2, 3),
(10550, 'UserNT2033@khareer.com', 110, 2, 3),
(10551, 'UserNT2028@khareer.com', 110, 2, 4),
(10552, 'UserNT2025@khareer.com', 110, 2, 5),
(10553, 'UserNT2036@khareer.com', 110, 2, 5),
(10554, 'UserNT206@khareer.com', 110, 2, 5),
(10555, 'UserNT2018@khareer.com', 110, 2, 6),
(10556, 'UserNT2015@khareer.com', 110, 2, 7),
(10557, 'UserNT208@khareer.com', 110, 3, 1),
(10558, 'UserNT2022@khareer.com', 110, 3, 2),
(10559, 'UserNT2033@khareer.com', 110, 3, 2),
(10560, 'UserNT2031@khareer.com', 110, 3, 3),
(10561, 'UserNT2021@khareer.com', 110, 3, 3),
(10562, 'UserNT2036@khareer.com', 110, 3, 4),
(10563, 'UserNT2041@khareer.com', 110, 3, 5),
(10564, 'UserNT2043@khareer.com', 110, 3, 5),
(10565, 'UserNT2026@khareer.com', 110, 3, 5),
(10566, 'UserNT2010@khareer.com', 110, 3, 6),
(10567, 'UserNT2015@khareer.com', 110, 3, 7),
(10568, 'UserNT208@khareer.com', 110, 4, 1),
(10569, 'UserNT2012@khareer.com', 110, 4, 2),
(10570, 'UserNT2011@khareer.com', 110, 4, 2),
(10571, 'UserNT2027@khareer.com', 110, 4, 3),
(10572, 'UserNT2026@khareer.com', 110, 4, 3),
(10573, 'UserNT2017@khareer.com', 110, 4, 4),
(10574, 'UserNT2044@khareer.com', 110, 4, 5),
(10575, 'UserNT2019@khareer.com', 110, 4, 5),
(10576, 'UserNT2039@khareer.com', 110, 4, 5),
(10577, 'UserNT2021@khareer.com', 110, 4, 6),
(10578, 'UserNT2014@khareer.com', 110, 4, 7),
(10579, 'UserNT2027@khareer.com', 110, 5, 1),
(10580, 'UserNT2023@khareer.com', 110, 5, 2),
(10581, 'UserNT2030@khareer.com', 110, 5, 2),
(10582, 'UserNT2032@khareer.com', 110, 5, 3),
(10583, 'UserNT2019@khareer.com', 110, 5, 3),
(10584, 'UserNT2035@khareer.com', 110, 5, 4),
(10585, 'UserNT2042@khareer.com', 110, 5, 5),
(10586, 'UserNT2025@khareer.com', 110, 5, 5),
(10587, 'UserNT204@khareer.com', 110, 5, 5),
(10588, 'UserNT2029@khareer.com', 110, 5, 6),
(10589, 'UserNT205@khareer.com', 110, 5, 7),
(10590, 'UserNT2038@khareer.com', 110, 6, 1),
(10591, 'UserNT2014@khareer.com', 110, 6, 2),
(10592, 'UserNT2022@khareer.com', 110, 6, 2),
(10593, 'UserNT2021@khareer.com', 110, 6, 3),
(10594, 'UserNT2025@khareer.com', 110, 6, 3),
(10595, 'user2@gmail.com', 110, 6, 4),
(10596, 'UserNT2018@khareer.com', 110, 6, 5),
(10597, 'UserNT2041@khareer.com', 110, 6, 5),
(10598, 'UserNT201@khareer.com', 110, 6, 5),
(10599, 'UserNT2024@khareer.com', 110, 6, 6),
(10600, 'UserNT2011@khareer.com', 110, 6, 7),
(10601, 'UserNT2040@khareer.com', 110, 7, 1),
(10602, 'UserNT2020@khareer.com', 110, 7, 2),
(10603, 'UserNT2036@khareer.com', 110, 7, 2),
(10604, 'UserNT2034@khareer.com', 110, 7, 3),
(10605, 'UserNT2039@khareer.com', 110, 7, 3),
(10606, 'UserNT2016@khareer.com', 110, 7, 4),
(10607, 'UserNT206@khareer.com', 110, 7, 5),
(10608, 'UserNT204@khareer.com', 110, 7, 5),
(10609, 'UserNT2042@khareer.com', 110, 7, 5),
(10610, 'UserNT201@khareer.com', 110, 7, 6),
(10611, 'UserNT2010@khareer.com', 110, 7, 7),
(10612, 'UserNT209@khareer.com', 110, 8, 1),
(10613, 'UserNT2012@khareer.com', 110, 8, 2),
(10614, 'UserNT2015@khareer.com', 110, 8, 2),
(10615, 'UserNT201@khareer.com', 110, 8, 3),
(10616, 'UserNT2035@khareer.com', 110, 8, 3),
(10617, 'UserNT2034@khareer.com', 110, 8, 4),
(10618, 'UserNT2013@khareer.com', 110, 8, 5),
(10619, 'UserNT2042@khareer.com', 110, 8, 5),
(10620, 'SinhTP@gmail.com', 110, 8, 5),
(10621, 'UserNT2018@khareer.com', 110, 8, 6),
(10622, 'UserNT207@khareer.com', 110, 8, 7),
(10623, 'UserNT209@khareer.com', 110, 9, 1),
(10624, 'UserNT2014@khareer.com', 110, 9, 2),
(10625, 'UserNT2030@khareer.com', 110, 9, 2),
(10626, 'UserNT2017@khareer.com', 110, 9, 3),
(10627, 'UserNT2031@khareer.com', 110, 9, 3),
(10628, 'UserNT2021@khareer.com', 110, 9, 4),
(10629, 'UserNT2025@khareer.com', 110, 9, 5),
(10630, 'UserNT2041@khareer.com', 110, 9, 5),
(10631, 'UserNT205@khareer.com', 110, 9, 5),
(10632, 'UserNT2033@khareer.com', 110, 9, 6),
(10633, 'UserNT207@khareer.com', 110, 9, 7),
(10634, 'UserNT2040@khareer.com', 110, 10, 1),
(10635, 'UserNT2011@khareer.com', 110, 10, 2),
(10636, 'UserNT2014@khareer.com', 110, 10, 2),
(10637, 'UserNT2039@khareer.com', 110, 10, 3),
(10638, 'UserNT2032@khareer.com', 110, 10, 3),
(10639, 'UserNT2028@khareer.com', 110, 10, 4),
(10640, 'UserNT2041@khareer.com', 110, 10, 5),
(10641, 'UserNT201@khareer.com', 110, 10, 5),
(10642, 'UserNT2025@khareer.com', 110, 10, 5),
(10643, 'UserNT2018@khareer.com', 110, 10, 6),
(10644, 'UserNT206@khareer.com', 110, 10, 7),
(10645, 'UserNT208@khareer.com', 110, 11, 1),
(10646, 'UserNT2011@khareer.com', 110, 11, 2),
(10647, 'UserNT2014@khareer.com', 110, 11, 2),
(10648, 'UserNT2032@khareer.com', 110, 11, 3),
(10649, 'UserNT2035@khareer.com', 110, 11, 3),
(10650, 'UserNT2028@khareer.com', 110, 11, 4),
(10651, 'UserNT2041@khareer.com', 110, 11, 5),
(10652, 'SinhTP@gmail.com', 110, 11, 5),
(10653, 'UserNT2026@khareer.com', 110, 11, 5),
(10654, 'UserNT2029@khareer.com', 110, 11, 6),
(10655, 'UserNT2015@khareer.com', 110, 11, 7),
(10656, 'UserNT209@khareer.com', 110, 12, 1),
(10657, 'UserNT2011@khareer.com', 110, 12, 2),
(10658, 'UserNT2024@khareer.com', 110, 12, 2),
(10659, 'UserNT2026@khareer.com', 110, 12, 3),
(10660, 'UserNT2012@khareer.com', 110, 12, 3),
(10661, 'UserNT2018@khareer.com', 110, 12, 4),
(10662, 'UserNT2044@khareer.com', 110, 12, 5),
(10663, 'UserNT2037@khareer.com', 110, 12, 5),
(10664, 'UserNT2043@khareer.com', 110, 12, 5),
(10665, 'UserNT201@khareer.com', 110, 12, 6),
(10666, 'UserNT2015@khareer.com', 110, 12, 7),
(10667, 'UserNT2027@khareer.com', 110, 13, 1),
(10668, 'UserNT2036@khareer.com', 110, 13, 2),
(10669, 'UserNT2010@khareer.com', 110, 13, 2),
(10670, 'UserNT2030@khareer.com', 110, 13, 3),
(10671, 'UserNT2032@khareer.com', 110, 13, 3),
(10672, 'UserNT2017@khareer.com', 110, 13, 4),
(10673, 'UserNT2037@khareer.com', 110, 13, 5),
(10674, 'vlogcuocsongvacongnghe@gmail.com', 110, 13, 5),
(10675, 'UserNT2041@khareer.com', 110, 13, 5),
(10676, 'UserNT2029@khareer.com', 110, 13, 6),
(10677, 'UserNT2014@khareer.com', 110, 13, 7),
(10678, 'UserNT208@khareer.com', 110, 14, 1),
(10679, 'UserNT2020@khareer.com', 110, 14, 2),
(10680, 'UserNT2029@khareer.com', 110, 14, 2),
(10681, 'UserNT2017@khareer.com', 110, 14, 3),
(10682, 'UserNT2025@khareer.com', 110, 14, 3),
(10683, 'UserNT2034@khareer.com', 110, 14, 4),
(10684, 'UserNT2043@khareer.com', 110, 14, 5),
(10685, 'UserNT2037@khareer.com', 110, 14, 5),
(10686, 'UserNT204@khareer.com', 110, 14, 5),
(10687, 'UserNT2038@khareer.com', 110, 14, 6),
(10688, 'UserNT206@khareer.com', 110, 14, 7),
(10689, 'UserNT2027@khareer.com', 110, 15, 1),
(10690, 'UserNT2024@khareer.com', 110, 15, 2),
(10691, 'UserNT2010@khareer.com', 110, 15, 2),
(10692, 'UserNT2033@khareer.com', 110, 15, 3),
(10693, 'user2@gmail.com', 110, 15, 3),
(10694, 'UserNT2035@khareer.com', 110, 15, 4),
(10695, 'UserNT207@khareer.com', 110, 15, 5),
(10696, 'UserNT201@khareer.com', 110, 15, 5),
(10697, 'UserNT2041@khareer.com', 110, 15, 5),
(10698, 'UserNT2021@khareer.com', 110, 15, 6),
(10699, 'UserNT2015@khareer.com', 110, 15, 7),
(10700, 'UserNT2038@khareer.com', 110, 16, 1),
(10701, 'UserNT2024@khareer.com', 110, 16, 2),
(10702, 'UserNT2010@khareer.com', 110, 16, 2),
(10703, 'UserNT2022@khareer.com', 110, 16, 3),
(10704, 'UserNT2019@khareer.com', 110, 16, 3),
(10705, 'UserNT2036@khareer.com', 110, 16, 4),
(10706, 'UserNT204@khareer.com', 110, 16, 5),
(10707, 'UserNT205@khareer.com', 110, 16, 5),
(10708, 'UserNT207@khareer.com', 110, 16, 5),
(10709, 'UserNT2030@khareer.com', 110, 16, 6),
(10710, 'UserNT2016@khareer.com', 110, 16, 7),
(10711, 'UserNT208@khareer.com', 110, 17, 1),
(10712, 'UserNT2010@khareer.com', 110, 17, 2),
(10713, 'UserNT2016@khareer.com', 110, 17, 2),
(10714, 'UserNT2039@khareer.com', 110, 17, 3),
(10715, 'UserNT2040@khareer.com', 110, 17, 3),
(10716, 'UserNT2019@khareer.com', 110, 17, 4),
(10717, 'UserNT2043@khareer.com', 110, 17, 5),
(10718, 'UserNT204@khareer.com', 110, 17, 5),
(10719, 'UserNT206@khareer.com', 110, 17, 5),
(10720, 'UserNT2018@khareer.com', 110, 17, 6),
(10721, 'UserNT2017@khareer.com', 110, 17, 7),
(10722, 'UserNT208@khareer.com', 110, 18, 1),
(10723, 'UserNT2022@khareer.com', 110, 18, 2),
(10724, 'UserNT2020@khareer.com', 110, 18, 2),
(10725, 'UserNT2034@khareer.com', 110, 18, 3),
(10726, 'UserNT2043@khareer.com', 110, 18, 3),
(10727, 'UserNT2040@khareer.com', 110, 18, 4),
(10728, 'j.thien1551@gmail.com', 110, 18, 5),
(10729, 'UserNT2032@khareer.com', 110, 18, 5),
(10730, 'UserNT2037@khareer.com', 110, 18, 5),
(10731, 'UserNT202@khareer.com', 110, 18, 6),
(10732, 'UserNT207@khareer.com', 110, 18, 7),
(10733, 'UserNT2040@khareer.com', 110, 19, 1),
(10734, 'UserNT2012@khareer.com', 110, 19, 2),
(10735, 'UserNT2016@khareer.com', 110, 19, 2),
(10736, 'UserNT2027@khareer.com', 110, 19, 3),
(10737, 'user2@gmail.com', 110, 19, 3),
(10738, 'UserNT2019@khareer.com', 110, 19, 4),
(10739, 'UserNT2025@khareer.com', 110, 19, 5),
(10740, 'UserNT2042@khareer.com', 110, 19, 5),
(10741, 'UserNT2013@khareer.com', 110, 19, 5),
(10742, 'UserNT2023@khareer.com', 110, 19, 6),
(10743, 'UserNT206@khareer.com', 110, 19, 7),
(10744, 'UserNT208@khareer.com', 110, 20, 1),
(10745, 'UserNT2015@khareer.com', 110, 20, 2),
(10746, 'UserNT2020@khareer.com', 110, 20, 2),
(10747, 'UserNT2019@khareer.com', 110, 20, 3),
(10748, 'UserNT2031@khareer.com', 110, 20, 3),
(10749, 'UserNT2021@khareer.com', 110, 20, 4),
(10750, 'UserNT204@khareer.com', 110, 20, 5),
(10751, 'UserNT205@khareer.com', 110, 20, 5),
(10752, 'UserNT2044@khareer.com', 110, 20, 5),
(10753, 'UserNT2023@khareer.com', 110, 20, 6),
(10754, 'user2@gmail.com', 110, 20, 7),
(10755, 'UserNT208@khareer.com', 110, 21, 1),
(10756, 'UserNT2020@khareer.com', 110, 21, 2),
(10757, 'UserNT2011@khareer.com', 110, 21, 2),
(10758, 'UserNT2031@khareer.com', 110, 21, 3),
(10759, 'UserNT2033@khareer.com', 110, 21, 3),
(10760, 'UserNT2039@khareer.com', 110, 21, 4),
(10761, 'UserNT205@khareer.com', 110, 21, 5),
(10762, 'UserNT2043@khareer.com', 110, 21, 5),
(10763, 'UserNT2032@khareer.com', 110, 21, 5),
(10764, 'UserNT2024@khareer.com', 110, 21, 6),
(10765, 'UserNT2016@khareer.com', 110, 21, 7),
(10766, 'UserNT2038@khareer.com', 110, 22, 1),
(10767, 'UserNT2022@khareer.com', 110, 22, 2),
(10768, 'UserNT202@khareer.com', 110, 22, 2),
(10769, 'UserNT2029@khareer.com', 110, 22, 3),
(10770, 'UserNT2042@khareer.com', 110, 22, 3),
(10771, 'UserNT2036@khareer.com', 110, 22, 4),
(10772, 'UserNT207@khareer.com', 110, 22, 5),
(10773, 'SinhTP@gmail.com', 110, 22, 5),
(10774, 'UserNT2026@khareer.com', 110, 22, 5),
(10775, 'UserNT2018@khareer.com', 110, 22, 6),
(10776, 'UserNT203@khareer.com', 110, 22, 7),
(10777, 'UserNT2038@khareer.com', 110, 23, 1),
(10778, 'UserNT2022@khareer.com', 110, 23, 2),
(10779, 'UserNT2015@khareer.com', 110, 23, 2),
(10780, 'UserNT2025@khareer.com', 110, 23, 3),
(10781, 'user2@gmail.com', 110, 23, 3),
(10782, 'UserNT2035@khareer.com', 110, 23, 4),
(10783, 'UserNT204@khareer.com', 110, 23, 5),
(10784, 'UserNT2032@khareer.com', 110, 23, 5),
(10785, 'UserNT2043@khareer.com', 110, 23, 5),
(10786, 'UserNT2029@khareer.com', 110, 23, 6),
(10787, 'vlogcuocsongvacongnghe@gmail.com', 110, 23, 7),
(10788, 'UserNT2038@khareer.com', 110, 24, 1),
(10789, 'UserNT202@khareer.com', 110, 24, 2),
(10790, 'UserNT2024@khareer.com', 110, 24, 2),
(10791, 'UserNT2043@khareer.com', 110, 24, 3),
(10792, 'UserNT203@khareer.com', 110, 24, 3),
(10793, 'UserNT2021@khareer.com', 110, 24, 4),
(10794, 'UserNT2044@khareer.com', 110, 24, 5),
(10795, 'UserNT2012@khareer.com', 110, 24, 5),
(10796, 'UserNT2037@khareer.com', 110, 24, 5),
(10797, 'UserNT2030@khareer.com', 110, 24, 6),
(10798, 'UserNT2016@khareer.com', 110, 24, 7),
(10799, 'UserNT2045@khareer.com', 110, 25, 1),
(10800, 'UserNT2029@khareer.com', 110, 25, 2),
(10801, 'UserNT202@khareer.com', 110, 25, 2),
(10802, 'UserNT2034@khareer.com', 110, 25, 3),
(10803, 'UserNT203@khareer.com', 110, 25, 3),
(10804, 'SinhTP@gmail.com', 110, 25, 4),
(10805, 'UserNT2044@khareer.com', 110, 25, 5),
(10806, 'UserNT201@khareer.com', 110, 25, 5),
(10807, 'UserNT204@khareer.com', 110, 25, 5),
(10808, 'UserNT2024@khareer.com', 110, 25, 6),
(10809, 'UserNT205@khareer.com', 110, 25, 7),
(10810, 'UserNT205@khareer.com', 110, 26, 1),
(10811, 'UserNT2023@khareer.com', 110, 26, 2),
(10812, 'UserNT2033@khareer.com', 110, 26, 2),
(10813, 'UserNT2040@khareer.com', 110, 26, 3),
(10814, 'UserNT2027@khareer.com', 110, 26, 3),
(10815, 'UserNT2034@khareer.com', 110, 26, 4),
(10816, 'UserNT2013@khareer.com', 110, 26, 5),
(10817, 'SinhTP@gmail.com', 110, 26, 5),
(10818, 'UserNT2044@khareer.com', 110, 26, 5),
(10819, 'UserNT2018@khareer.com', 110, 26, 6),
(10820, 'UserNT203@khareer.com', 110, 26, 7),
(10821, 'j.thien1551@gmail.com', 110, 27, 1),
(10822, 'UserNT2010@khareer.com', 110, 27, 2),
(10823, 'UserNT2020@khareer.com', 110, 27, 2),
(10824, 'UserNT2027@khareer.com', 110, 27, 3),
(10825, 'UserNT2026@khareer.com', 110, 27, 3),
(10826, 'UserNT2028@khareer.com', 110, 27, 4),
(10827, 'UserNT2013@khareer.com', 110, 27, 5),
(10828, 'SinhTP@gmail.com', 110, 27, 5),
(10829, 'vlogcuocsongvacongnghe@gmail.com', 110, 27, 5),
(10830, 'UserNT202@khareer.com', 110, 27, 6),
(10831, 'user2@gmail.com', 110, 27, 7),
(10832, 'UserNT2045@khareer.com', 110, 28, 1),
(10833, 'UserNT2011@khareer.com', 110, 28, 2),
(10834, 'UserNT2023@khareer.com', 110, 28, 2),
(10835, 'UserNT2019@khareer.com', 110, 28, 3),
(10836, 'UserNT2039@khareer.com', 110, 28, 3),
(10837, 'UserNT2017@khareer.com', 110, 28, 4),
(10838, 'UserNT2044@khareer.com', 110, 28, 5),
(10839, 'UserNT209@khareer.com', 110, 28, 5),
(10840, 'vlogcuocsongvacongnghe@gmail.com', 110, 28, 5),
(10841, 'UserNT2012@khareer.com', 110, 28, 6),
(10842, 'UserNT2014@khareer.com', 110, 28, 7),
(10843, 'UserNT2045@khareer.com', 110, 29, 1),
(10844, 'UserNT202@khareer.com', 110, 29, 2),
(10845, 'UserNT2035@khareer.com', 110, 29, 2),
(10846, 'UserNT2031@khareer.com', 110, 29, 3),
(10847, 'UserNT2022@khareer.com', 110, 29, 3),
(10848, 'UserNT2021@khareer.com', 110, 29, 4),
(10849, 'UserNT207@khareer.com', 110, 29, 5),
(10850, 'vlogcuocsongvacongnghe@gmail.com', 110, 29, 5),
(10851, 'UserNT209@khareer.com', 110, 29, 5),
(10852, 'UserNT2033@khareer.com', 110, 29, 6),
(10853, 'UserNT2017@khareer.com', 110, 29, 7),
(10854, 'UserNT2045@khareer.com', 110, 30, 1),
(10855, 'UserNT2012@khareer.com', 110, 30, 2),
(10856, 'UserNT2020@khareer.com', 110, 30, 2),
(10857, 'UserNT2019@khareer.com', 110, 30, 3),
(10858, 'user2@gmail.com', 110, 30, 3),
(10859, 'UserNT2038@khareer.com', 110, 30, 4),
(10860, 'SinhTP@gmail.com', 110, 30, 5),
(10861, 'UserNT209@khareer.com', 110, 30, 5),
(10862, 'vlogcuocsongvacongnghe@gmail.com', 110, 30, 5),
(10863, 'UserNT2023@khareer.com', 110, 30, 6),
(10864, 'UserNT203@khareer.com', 110, 30, 7),
(10865, 'UserNT2045@khareer.com', 110, 31, 1),
(10866, 'UserNT2022@khareer.com', 110, 31, 2),
(10867, 'UserNT2011@khareer.com', 110, 31, 2),
(10868, 'UserNT203@khareer.com', 110, 31, 3),
(10869, 'UserNT2026@khareer.com', 110, 31, 3),
(10870, 'UserNT2034@khareer.com', 110, 31, 4),
(10871, 'UserNT2028@khareer.com', 110, 31, 5),
(10872, 'UserNT209@khareer.com', 110, 31, 5),
(10873, 'vlogcuocsongvacongnghe@gmail.com', 110, 31, 5),
(10874, 'UserNT2038@khareer.com', 110, 31, 6),
(10875, 'UserNT206@khareer.com', 110, 31, 7),
(10876, 'TestImage@gmail.com', 110, 32, 1),
(10877, 'UserNT2035@khareer.com', 110, 32, 2),
(10878, 'UserNT2012@khareer.com', 110, 32, 2),
(10879, 'UserNT2042@khareer.com', 110, 32, 3),
(10880, 'UserNT207@khareer.com', 110, 32, 3),
(10881, 'UserNT2013@khareer.com', 110, 32, 4),
(10882, 'UserNT2037@khareer.com', 110, 32, 5),
(10883, 'vlogcuocsongvacongnghe@gmail.com', 110, 32, 5),
(10884, 'j.thien1551@gmail.com', 110, 32, 5),
(10885, 'UserNT2044@khareer.com', 110, 32, 6),
(10886, 'UserNT206@khareer.com', 110, 32, 7),
(10887, 'UserNT2045@khareer.com', 110, 33, 1),
(10888, 'UserNT2036@khareer.com', 110, 33, 2),
(10889, 'UserNT2016@khareer.com', 110, 33, 2),
(10890, 'UserNT2041@khareer.com', 110, 33, 3),
(10891, 'UserNT205@khareer.com', 110, 33, 3),
(10892, 'UserNT2039@khareer.com', 110, 33, 4),
(10893, 'UserNT209@khareer.com', 110, 33, 5),
(10894, 'UserNT2028@khareer.com', 110, 33, 5),
(10895, 'UserNT2037@khareer.com', 110, 33, 5),
(10896, 'UserNT2031@khareer.com', 110, 33, 6),
(10897, 'UserNT203@khareer.com', 110, 33, 7),
(10898, 'TestImage@gmail.com', 110, 34, 1),
(10899, 'UserNT2029@khareer.com', 110, 34, 2),
(10900, 'UserNT2016@khareer.com', 110, 34, 2),
(10901, 'UserNT2026@khareer.com', 110, 34, 3),
(10902, 'UserNT2032@khareer.com', 110, 34, 3),
(10903, 'UserNT2035@khareer.com', 110, 34, 4),
(10904, 'UserNT2028@khareer.com', 110, 34, 5),
(10905, 'UserNT2037@khareer.com', 110, 34, 5),
(10906, 'j.thien1551@gmail.com', 110, 34, 5),
(10907, 'UserNT2031@khareer.com', 110, 34, 6),
(10908, 'UserNT2014@khareer.com', 110, 34, 7),
(11294, 'UserNT2045@khareer.com', 107, 0, 1),
(11295, 'UserNT2020@khareer.com', 107, 0, 2),
(11296, 'UserNT2026@khareer.com', 107, 0, 3),
(11297, 'UserNT2010@khareer.com', 107, 0, 3),
(11298, 'UserNT2029@khareer.com', 107, 0, 3),
(11299, 'SinhTP@gmail.com', 107, 0, 4),
(11300, 'UserNT2041@khareer.com', 107, 0, 5),
(11301, 'UserNT2037@khareer.com', 107, 0, 5),
(11302, 'UserNT2035@khareer.com', 107, 0, 5),
(11303, 'nhan@gmail.com', 107, 0, 6),
(11304, 'UserNT2017@khareer.com', 107, 0, 7),
(11305, 'UserNT2045@khareer.com', 107, 1, 1),
(11306, 'UserNT2020@khareer.com', 107, 1, 2),
(11307, 'UserNT2018@khareer.com', 107, 1, 3),
(11308, 'UserNT2021@khareer.com', 107, 1, 3),
(11309, 'UserNT2026@khareer.com', 107, 1, 3),
(11310, 'UserNT2015@khareer.com', 107, 1, 4),
(11311, 'UserNT2041@khareer.com', 107, 1, 5),
(11312, 'UserNT2037@khareer.com', 107, 1, 5),
(11313, 'UserNT202@khareer.com', 107, 1, 5),
(11314, 'UserNT2024@khareer.com', 107, 1, 6),
(11315, 'UserNT2010@khareer.com', 107, 1, 7),
(11316, 'UserNT2038@khareer.com', 107, 2, 1),
(11317, 'UserNT2019@khareer.com', 107, 2, 2),
(11318, 'user2@gmail.com', 107, 2, 3),
(11319, 'UserNT2017@khareer.com', 107, 2, 3),
(11320, 'UserNT2020@khareer.com', 107, 2, 3),
(11321, 'UserNT201@khareer.com', 107, 2, 4),
(11322, 'UserNT2041@khareer.com', 107, 2, 5),
(11323, 'UserNT2033@khareer.com', 107, 2, 5),
(11324, 'UserNT2043@khareer.com', 107, 2, 5),
(11325, 'UserNT2013@khareer.com', 107, 2, 6),
(11326, 'UserNT2016@khareer.com', 107, 2, 7),
(11327, 'UserNT2045@khareer.com', 107, 3, 1),
(11328, 'UserNT2013@khareer.com', 107, 3, 2),
(11329, 'UserNT2015@khareer.com', 107, 3, 3),
(11330, 'UserNT2032@khareer.com', 107, 3, 3),
(11331, 'UserNT2016@khareer.com', 107, 3, 3),
(11332, 'SinhTP@gmail.com', 107, 3, 4),
(11333, 'UserNT2028@khareer.com', 107, 3, 5),
(11334, 'UserNT2034@khareer.com', 107, 3, 5),
(11335, 'UserNT205@khareer.com', 107, 3, 5),
(11336, 'UserNT2021@khareer.com', 107, 3, 6),
(11337, 'UserNT2017@khareer.com', 107, 3, 7),
(11338, 'UserNT2038@khareer.com', 107, 4, 1),
(11339, 'UserNT2010@khareer.com', 107, 4, 2),
(11340, 'UserNT2031@khareer.com', 107, 4, 3),
(11341, 'UserNT2015@khareer.com', 107, 4, 3),
(11342, 'UserNT2025@khareer.com', 107, 4, 3),
(11343, 'UserNT2021@khareer.com', 107, 4, 4),
(11344, 'UserNT2028@khareer.com', 107, 4, 5),
(11345, 'UserNT2043@khareer.com', 107, 4, 5),
(11346, 'UserNT2022@khareer.com', 107, 4, 5),
(11347, 'UserNT2024@khareer.com', 107, 4, 6),
(11348, 'UserNT2018@khareer.com', 107, 4, 7),
(11349, 'UserNT2036@khareer.com', 107, 5, 1),
(11350, 'UserNT2019@khareer.com', 107, 5, 2),
(11351, 'UserNT2025@khareer.com', 107, 5, 3),
(11352, 'UserNT2017@khareer.com', 107, 5, 3),
(11353, 'UserNT2021@khareer.com', 107, 5, 3),
(11354, 'nhan@gmail.com', 107, 5, 4),
(11355, 'UserNT2035@khareer.com', 107, 5, 5),
(11356, 'UserNT2044@khareer.com', 107, 5, 5),
(11357, 'UserNT2022@khareer.com', 107, 5, 5),
(11358, 'UserNT2024@khareer.com', 107, 5, 6),
(11359, 'user2@gmail.com', 107, 5, 7),
(11360, 'UserNT2045@khareer.com', 107, 6, 1),
(11361, 'UserNT2024@khareer.com', 107, 6, 2),
(11362, 'user2@gmail.com', 107, 6, 3),
(11363, 'UserNT2026@khareer.com', 107, 6, 3),
(11364, 'UserNT2025@khareer.com', 107, 6, 3),
(11365, 'UserNT2023@khareer.com', 107, 6, 4),
(11366, 'UserNT202@khareer.com', 107, 6, 5),
(11367, 'UserNT2033@khareer.com', 107, 6, 5),
(11368, 'UserNT2043@khareer.com', 107, 6, 5),
(11369, 'UserNT2029@khareer.com', 107, 6, 6),
(11370, 'UserNT205@khareer.com', 107, 6, 7),
(11371, 'UserNT2040@khareer.com', 107, 7, 1),
(11372, 'UserNT2011@khareer.com', 107, 7, 2),
(11373, 'UserNT2026@khareer.com', 107, 7, 3),
(11374, 'UserNT2027@khareer.com', 107, 7, 3),
(11375, 'UserNT2032@khareer.com', 107, 7, 3),
(11376, 'UserNT2024@khareer.com', 107, 7, 4),
(11377, 'UserNT2042@khareer.com', 107, 7, 5),
(11378, 'UserNT2033@khareer.com', 107, 7, 5),
(11379, 'UserNT2036@khareer.com', 107, 7, 5),
(11380, 'UserNT2021@khareer.com', 107, 7, 6),
(11381, 'UserNT2012@khareer.com', 107, 7, 7),
(11382, 'UserNT2038@khareer.com', 107, 8, 1),
(11383, 'UserNT2012@khareer.com', 107, 8, 2),
(11384, 'UserNT2025@khareer.com', 107, 8, 3),
(11385, 'UserNT2029@khareer.com', 107, 8, 3),
(11386, 'UserNT2031@khareer.com', 107, 8, 3),
(11387, 'UserNT2021@khareer.com', 107, 8, 4),
(11388, 'UserNT2037@khareer.com', 107, 8, 5),
(11389, 'UserNT2042@khareer.com', 107, 8, 5),
(11390, 'UserNT2041@khareer.com', 107, 8, 5),
(11391, 'UserNT2011@khareer.com', 107, 8, 6),
(11392, 'UserNT2016@khareer.com', 107, 8, 7),
(11393, 'UserNT208@khareer.com', 107, 9, 1),
(11394, 'UserNT2020@khareer.com', 107, 9, 2),
(11395, 'UserNT2016@khareer.com', 107, 9, 3),
(11396, 'UserNT2026@khareer.com', 107, 9, 3),
(11397, 'UserNT2027@khareer.com', 107, 9, 3),
(11398, 'SinhTP@gmail.com', 107, 9, 4),
(11399, 'UserNT2028@khareer.com', 107, 9, 5),
(11400, 'UserNT2042@khareer.com', 107, 9, 5),
(11401, 'UserNT202@khareer.com', 107, 9, 5),
(11402, 'UserNT2010@khareer.com', 107, 9, 6),
(11403, 'UserNT2012@khareer.com', 107, 9, 7),
(11404, 'UserNT2038@khareer.com', 107, 10, 1),
(11405, 'UserNT2019@khareer.com', 107, 10, 2),
(11406, 'UserNT2026@khareer.com', 107, 10, 3),
(11407, 'UserNT2032@khareer.com', 107, 10, 3),
(11408, 'UserNT2034@khareer.com', 107, 10, 3),
(11409, 'UserNT201@khareer.com', 107, 10, 4),
(11410, 'UserNT202@khareer.com', 107, 10, 5),
(11411, 'UserNT2042@khareer.com', 107, 10, 5),
(11412, 'nhan@gmail.com', 107, 10, 5),
(11413, 'UserNT2027@khareer.com', 107, 10, 6),
(11414, 'UserNT2012@khareer.com', 107, 10, 7),
(11415, 'UserNT2040@khareer.com', 107, 11, 1),
(11416, 'UserNT2012@khareer.com', 107, 11, 2),
(11417, 'UserNT2035@khareer.com', 107, 11, 3),
(11418, 'SinhTP@gmail.com', 107, 11, 3),
(11419, 'UserNT2031@khareer.com', 107, 11, 3),
(11420, 'UserNT2025@khareer.com', 107, 11, 4),
(11421, 'UserNT2044@khareer.com', 107, 11, 5),
(11422, 'UserNT2041@khareer.com', 107, 11, 5),
(11423, 'UserNT2028@khareer.com', 107, 11, 5),
(11424, 'UserNT2019@khareer.com', 107, 11, 6),
(11425, 'UserNT205@khareer.com', 107, 11, 7),
(11426, 'UserNT2038@khareer.com', 107, 12, 1),
(11427, 'UserNT2029@khareer.com', 107, 12, 2),
(11428, 'UserNT2031@khareer.com', 107, 12, 3),
(11429, 'UserNT2025@khareer.com', 107, 12, 3),
(11430, 'UserNT2032@khareer.com', 107, 12, 3),
(11431, 'SinhTP@gmail.com', 107, 12, 4),
(11432, 'UserNT2028@khareer.com', 107, 12, 5),
(11433, 'UserNT206@khareer.com', 107, 12, 5),
(11434, 'UserNT202@khareer.com', 107, 12, 5),
(11435, 'UserNT2023@khareer.com', 107, 12, 6),
(11436, 'UserNT203@khareer.com', 107, 12, 7),
(11437, 'UserNT2038@khareer.com', 107, 13, 1),
(11438, 'UserNT2010@khareer.com', 107, 13, 2),
(11439, 'UserNT2039@khareer.com', 107, 13, 3),
(11440, 'UserNT203@khareer.com', 107, 13, 3),
(11441, 'UserNT2027@khareer.com', 107, 13, 3),
(11442, 'UserNT2017@khareer.com', 107, 13, 4),
(11443, 'UserNT2041@khareer.com', 107, 13, 5),
(11444, 'UserNT2036@khareer.com', 107, 13, 5),
(11445, 'UserNT2037@khareer.com', 107, 13, 5),
(11446, 'UserNT2011@khareer.com', 107, 13, 6),
(11447, 'UserNT2013@khareer.com', 107, 13, 7),
(11448, 'UserNT2040@khareer.com', 107, 14, 1),
(11449, 'UserNT2013@khareer.com', 107, 14, 2),
(11450, 'UserNT2017@khareer.com', 107, 14, 3),
(11451, 'UserNT2033@khareer.com', 107, 14, 3),
(11452, 'UserNT2032@khareer.com', 107, 14, 3),
(11453, 'UserNT2023@khareer.com', 107, 14, 4),
(11454, 'UserNT205@khareer.com', 107, 14, 5),
(11455, 'UserNT2022@khareer.com', 107, 14, 5),
(11456, 'UserNT2042@khareer.com', 107, 14, 5),
(11457, 'UserNT2010@khareer.com', 107, 14, 6),
(11458, 'UserNT2016@khareer.com', 107, 14, 7),
(11459, 'UserNT2038@khareer.com', 107, 15, 1),
(11460, 'UserNT2012@khareer.com', 107, 15, 2),
(11461, 'UserNT201@khareer.com', 107, 15, 3),
(11462, 'UserNT2027@khareer.com', 107, 15, 3),
(11463, 'UserNT2039@khareer.com', 107, 15, 3),
(11464, 'UserNT2023@khareer.com', 107, 15, 4),
(11465, 'UserNT205@khareer.com', 107, 15, 5),
(11466, 'UserNT202@khareer.com', 107, 15, 5),
(11467, 'UserNT206@khareer.com', 107, 15, 5),
(11468, 'UserNT2018@khareer.com', 107, 15, 6),
(11469, 'SinhTP@gmail.com', 107, 15, 7),
(11470, 'UserNT2038@khareer.com', 107, 16, 1),
(11471, 'UserNT2029@khareer.com', 107, 16, 2),
(11472, 'UserNT2020@khareer.com', 107, 16, 3),
(11473, 'UserNT2034@khareer.com', 107, 16, 3),
(11474, 'UserNT2035@khareer.com', 107, 16, 3),
(11475, 'UserNT2023@khareer.com', 107, 16, 4),
(11476, 'UserNT2036@khareer.com', 107, 16, 5),
(11477, 'UserNT202@khareer.com', 107, 16, 5),
(11478, 'UserNT207@khareer.com', 107, 16, 5),
(11479, 'UserNT2027@khareer.com', 107, 16, 6),
(11480, 'UserNT205@khareer.com', 107, 16, 7),
(11481, 'UserNT208@khareer.com', 107, 17, 1),
(11482, 'UserNT2012@khareer.com', 107, 17, 2),
(11483, 'UserNT2039@khareer.com', 107, 17, 3),
(11484, 'UserNT2026@khareer.com', 107, 17, 3),
(11485, 'UserNT2034@khareer.com', 107, 17, 3),
(11486, 'user2@gmail.com', 107, 17, 4),
(11487, 'UserNT204@khareer.com', 107, 17, 5),
(11488, 'UserNT209@khareer.com', 107, 17, 5),
(11489, 'UserNT2043@khareer.com', 107, 17, 5),
(11490, 'UserNT2031@khareer.com', 107, 17, 6),
(11491, 'UserNT2011@khareer.com', 107, 17, 7),
(11492, 'UserNT208@khareer.com', 107, 18, 1),
(11493, 'UserNT2028@khareer.com', 107, 18, 2),
(11494, 'UserNT2034@khareer.com', 107, 18, 3),
(11495, 'UserNT2039@khareer.com', 107, 18, 3),
(11496, 'UserNT2026@khareer.com', 107, 18, 3),
(11497, 'UserNT2025@khareer.com', 107, 18, 4),
(11498, 'SinhTP@gmail.com', 107, 18, 5),
(11499, 'UserNT204@khareer.com', 107, 18, 5),
(11500, 'UserNT2043@khareer.com', 107, 18, 5),
(11501, 'nhan@gmail.com', 107, 18, 6),
(11502, 'UserNT2018@khareer.com', 107, 18, 7),
(11503, 'UserNT2036@khareer.com', 107, 19, 1),
(11504, 'UserNT2020@khareer.com', 107, 19, 2),
(11505, 'UserNT2025@khareer.com', 107, 19, 3),
(11506, 'UserNT2037@khareer.com', 107, 19, 3),
(11507, 'UserNT2035@khareer.com', 107, 19, 3),
(11508, 'UserNT201@khareer.com', 107, 19, 4),
(11509, 'UserNT2043@khareer.com', 107, 19, 5),
(11510, 'UserNT207@khareer.com', 107, 19, 5),
(11511, 'UserNT206@khareer.com', 107, 19, 5),
(11512, 'UserNT2019@khareer.com', 107, 19, 6),
(11513, 'UserNT205@khareer.com', 107, 19, 7),
(11514, 'UserNT2040@khareer.com', 107, 20, 1),
(11515, 'UserNT2011@khareer.com', 107, 20, 2),
(11516, 'UserNT2031@khareer.com', 107, 20, 3),
(11517, 'UserNT2041@khareer.com', 107, 20, 3),
(11518, 'UserNT2034@khareer.com', 107, 20, 3),
(11519, 'user2@gmail.com', 107, 20, 4),
(11520, 'UserNT2044@khareer.com', 107, 20, 5),
(11521, 'UserNT206@khareer.com', 107, 20, 5),
(11522, 'UserNT207@khareer.com', 107, 20, 5),
(11523, 'UserNT2019@khareer.com', 107, 20, 6),
(11524, 'UserNT2018@khareer.com', 107, 20, 7),
(11525, 'UserNT2040@khareer.com', 107, 21, 1),
(11526, 'UserNT2023@khareer.com', 107, 21, 2),
(11527, 'UserNT2027@khareer.com', 107, 21, 3),
(11528, 'UserNT203@khareer.com', 107, 21, 3),
(11529, 'UserNT2017@khareer.com', 107, 21, 3),
(11530, 'UserNT2016@khareer.com', 107, 21, 4),
(11531, 'UserNT2030@khareer.com', 107, 21, 5),
(11532, 'UserNT2043@khareer.com', 107, 21, 5),
(11533, 'UserNT206@khareer.com', 107, 21, 5),
(11534, 'UserNT2029@khareer.com', 107, 21, 6),
(11535, 'UserNT2015@khareer.com', 107, 21, 7),
(11536, 'UserNT208@khareer.com', 107, 22, 1),
(11537, 'UserNT2016@khareer.com', 107, 22, 2),
(11538, 'UserNT2039@khareer.com', 107, 22, 3),
(11539, 'UserNT2034@khareer.com', 107, 22, 3),
(11540, 'UserNT2022@khareer.com', 107, 22, 3),
(11541, 'UserNT2035@khareer.com', 107, 22, 4),
(11542, 'UserNT206@khareer.com', 107, 22, 5),
(11543, 'UserNT207@khareer.com', 107, 22, 5),
(11544, 'UserNT209@khareer.com', 107, 22, 5),
(11545, 'UserNT2021@khareer.com', 107, 22, 6),
(11546, 'UserNT2017@khareer.com', 107, 22, 7),
(11547, 'UserNT208@khareer.com', 107, 23, 1),
(11548, 'UserNT2029@khareer.com', 107, 23, 2),
(11549, 'UserNT2032@khareer.com', 107, 23, 3),
(11550, 'UserNT2037@khareer.com', 107, 23, 3),
(11551, 'UserNT2045@khareer.com', 107, 23, 3),
(11552, 'UserNT2039@khareer.com', 107, 23, 4),
(11553, 'UserNT2043@khareer.com', 107, 23, 5),
(11554, 'UserNT207@khareer.com', 107, 23, 5),
(11555, 'UserNT209@khareer.com', 107, 23, 5),
(11556, 'UserNT201@khareer.com', 107, 23, 6),
(11557, 'UserNT203@khareer.com', 107, 23, 7),
(11558, 'vlogcuocsongvacongnghe@gmail.com', 107, 24, 1),
(11559, 'UserNT2015@khareer.com', 107, 24, 2),
(11560, 'UserNT2022@khareer.com', 107, 24, 3),
(11561, 'UserNT2027@khareer.com', 107, 24, 3),
(11562, 'UserNT2031@khareer.com', 107, 24, 3),
(11563, 'user2@gmail.com', 107, 24, 4),
(11564, 'UserNT2030@khareer.com', 107, 24, 5),
(11565, 'UserNT2036@khareer.com', 107, 24, 5),
(11566, 'nhan@gmail.com', 107, 24, 5),
(11567, 'UserNT2019@khareer.com', 107, 24, 6),
(11568, 'UserNT203@khareer.com', 107, 24, 7),
(11569, 'UserNT208@khareer.com', 107, 25, 1),
(11570, 'UserNT2024@khareer.com', 107, 25, 2),
(11571, 'UserNT203@khareer.com', 107, 25, 3),
(11572, 'UserNT2031@khareer.com', 107, 25, 3),
(11573, 'UserNT2039@khareer.com', 107, 25, 3),
(11574, 'SinhTP@gmail.com', 107, 25, 4),
(11575, 'UserNT207@khareer.com', 107, 25, 5),
(11576, 'UserNT209@khareer.com', 107, 25, 5),
(11577, 'UserNT2030@khareer.com', 107, 25, 5),
(11578, 'UserNT2029@khareer.com', 107, 25, 6),
(11579, 'UserNT2013@khareer.com', 107, 25, 7),
(11580, 'UserNT208@khareer.com', 107, 26, 1),
(11581, 'UserNT2010@khareer.com', 107, 26, 2),
(11582, 'UserNT2032@khareer.com', 107, 26, 3),
(11583, 'UserNT203@khareer.com', 107, 26, 3),
(11584, 'UserNT2041@khareer.com', 107, 26, 3),
(11585, 'UserNT2018@khareer.com', 107, 26, 4),
(11586, 'UserNT2044@khareer.com', 107, 26, 5),
(11587, 'UserNT207@khareer.com', 107, 26, 5),
(11588, 'UserNT2030@khareer.com', 107, 26, 5),
(11589, 'UserNT201@khareer.com', 107, 26, 6),
(11590, 'UserNT2013@khareer.com', 107, 26, 7),
(11591, 'UserNT208@khareer.com', 107, 27, 1),
(11592, 'UserNT2013@khareer.com', 107, 27, 2),
(11593, 'UserNT2040@khareer.com', 107, 27, 3),
(11594, 'UserNT2033@khareer.com', 107, 27, 3),
(11595, 'UserNT2034@khareer.com', 107, 27, 3),
(11596, 'UserNT2020@khareer.com', 107, 27, 4),
(11597, 'UserNT204@khareer.com', 107, 27, 5),
(11598, 'UserNT2044@khareer.com', 107, 27, 5),
(11599, 'UserNT209@khareer.com', 107, 27, 5),
(11600, 'UserNT2024@khareer.com', 107, 27, 6),
(11601, 'UserNT2016@khareer.com', 107, 27, 7),
(11602, 'vlogcuocsongvacongnghe@gmail.com', 107, 28, 1),
(11603, 'UserNT2024@khareer.com', 107, 28, 2),
(11604, 'UserNT2022@khareer.com', 107, 28, 3),
(11605, 'UserNT2033@khareer.com', 107, 28, 3),
(11606, 'UserNT2040@khareer.com', 107, 28, 3),
(11607, 'user2@gmail.com', 107, 28, 4),
(11608, 'nhan@gmail.com', 107, 28, 5),
(11609, 'UserNT204@khareer.com', 107, 28, 5),
(11610, 'UserNT2030@khareer.com', 107, 28, 5),
(11611, 'UserNT2021@khareer.com', 107, 28, 6),
(11612, 'UserNT2015@khareer.com', 107, 28, 7),
(11613, 'vlogcuocsongvacongnghe@gmail.com', 107, 29, 1),
(11614, 'UserNT2011@khareer.com', 107, 29, 2),
(11615, 'UserNT2042@khareer.com', 107, 29, 3),
(11616, 'UserNT2033@khareer.com', 107, 29, 3),
(11617, 'UserNT2045@khareer.com', 107, 29, 3),
(11618, 'UserNT2023@khareer.com', 107, 29, 4),
(11619, 'UserNT2036@khareer.com', 107, 29, 5),
(11620, 'UserNT2044@khareer.com', 107, 29, 5),
(11621, 'UserNT204@khareer.com', 107, 29, 5),
(11622, 'UserNT202@khareer.com', 107, 29, 6),
(11623, 'UserNT203@khareer.com', 107, 29, 7),
(11624, 'vlogcuocsongvacongnghe@gmail.com', 107, 30, 1),
(11625, 'nhan@gmail.com', 107, 30, 2),
(11626, 'UserNT2035@khareer.com', 107, 30, 3),
(11627, 'UserNT2037@khareer.com', 107, 30, 3),
(11628, 'UserNT2042@khareer.com', 107, 30, 3),
(11629, 'user2@gmail.com', 107, 30, 4),
(11630, 'UserNT204@khareer.com', 107, 30, 5),
(11631, 'UserNT207@khareer.com', 107, 30, 5),
(11632, 'UserNT2030@khareer.com', 107, 30, 5),
(11633, 'UserNT201@khareer.com', 107, 30, 6),
(11634, 'UserNT2011@khareer.com', 107, 30, 7),
(11635, 'vlogcuocsongvacongnghe@gmail.com', 107, 31, 1),
(11636, 'UserNT2023@khareer.com', 107, 31, 2),
(11637, 'UserNT2040@khareer.com', 107, 31, 3),
(11638, 'UserNT2037@khareer.com', 107, 31, 3),
(11639, 'UserNT204@khareer.com', 107, 31, 3),
(11640, 'UserNT2015@khareer.com', 107, 31, 4),
(11641, 'UserNT2044@khareer.com', 107, 31, 5),
(11642, 'UserNT209@khareer.com', 107, 31, 5),
(11643, 'nhan@gmail.com', 107, 31, 5),
(11644, 'UserNT2011@khareer.com', 107, 31, 6),
(11645, 'UserNT2018@khareer.com', 107, 31, 7),
(11646, 'j.thien1551@gmail.com', 107, 32, 1),
(11647, 'UserNT2028@khareer.com', 107, 32, 2),
(11648, 'UserNT2039@khareer.com', 107, 32, 3),
(11649, 'UserNT2045@khareer.com', 107, 32, 3),
(11650, 'UserNT2022@khareer.com', 107, 32, 3),
(11651, 'UserNT2035@khareer.com', 107, 32, 4),
(11652, 'UserNT2044@khareer.com', 107, 32, 5),
(11653, 'UserNT209@khareer.com', 107, 32, 5),
(11654, 'UserNT2030@khareer.com', 107, 32, 5),
(11655, 'UserNT201@khareer.com', 107, 32, 6),
(11656, 'UserNT2018@khareer.com', 107, 32, 7),
(11657, 'j.thien1551@gmail.com', 107, 33, 1),
(11658, 'UserNT2020@khareer.com', 107, 33, 2),
(11659, 'UserNT2022@khareer.com', 107, 33, 3),
(11660, 'UserNT2032@khareer.com', 107, 33, 3),
(11661, 'UserNT2042@khareer.com', 107, 33, 3),
(11662, 'UserNT2028@khareer.com', 107, 33, 4),
(11663, 'UserNT2030@khareer.com', 107, 33, 5),
(11664, 'UserNT204@khareer.com', 107, 33, 5),
(11665, 'UserNT206@khareer.com', 107, 33, 5),
(11666, 'UserNT2012@khareer.com', 107, 33, 6),
(11667, 'UserNT2013@khareer.com', 107, 33, 7),
(11668, 'j.thien1551@gmail.com', 107, 34, 1),
(11669, 'UserNT2019@khareer.com', 107, 34, 2),
(11670, 'UserNT2045@khareer.com', 107, 34, 3),
(11671, 'UserNT205@khareer.com', 107, 34, 3),
(11672, 'UserNT206@khareer.com', 107, 34, 3),
(11673, 'UserNT2015@khareer.com', 107, 34, 4),
(11674, 'UserNT2036@khareer.com', 107, 34, 5),
(11675, 'UserNT209@khareer.com', 107, 34, 5),
(11676, 'vlogcuocsongvacongnghe@gmail.com', 107, 34, 5),
(11677, 'UserNT2033@khareer.com', 107, 34, 6),
(11678, 'UserNT2010@khareer.com', 107, 34, 7),
(11679, 'UserNT207@khareer.com', 108, 0, 1),
(11680, 'UserNT2044@khareer.com', 108, 0, 1),
(11681, 'UserNT2015@khareer.com', 108, 0, 2),
(11682, 'UserNT2029@khareer.com', 108, 0, 3),
(11683, 'UserNT2026@khareer.com', 108, 0, 3),
(11684, 'UserNT2034@khareer.com', 108, 0, 4);
INSERT INTO `timeline_detail` (`Id`, `Mail`, `Id_Timeline`, `Shift_Code`, `Id_Position`) VALUES
(11685, 'UserNT2041@khareer.com', 108, 0, 5),
(11686, 'UserNT2032@khareer.com', 108, 0, 5),
(11687, 'UserNT2039@khareer.com', 108, 0, 5),
(11688, 'UserNT2027@khareer.com', 108, 0, 6),
(11689, 'UserNT2010@khareer.com', 108, 0, 7),
(11690, 'UserNT2017@khareer.com', 108, 0, 7),
(11691, 'UserNT2043@khareer.com', 108, 1, 1),
(11692, 'vlogcuocsongvacongnghe@gmail.com', 108, 1, 1),
(11693, 'UserNT2011@khareer.com', 108, 1, 2),
(11694, 'UserNT2022@khareer.com', 108, 1, 3),
(11695, 'UserNT2031@khareer.com', 108, 1, 3),
(11696, 'UserNT2030@khareer.com', 108, 1, 4),
(11697, 'UserNT2041@khareer.com', 108, 1, 5),
(11698, 'UserNT2042@khareer.com', 108, 1, 5),
(11699, 'UserNT2025@khareer.com', 108, 1, 5),
(11700, 'UserNT2027@khareer.com', 108, 1, 6),
(11701, 'SinhTP@gmail.com', 108, 1, 7),
(11702, 'UserNT206@khareer.com', 108, 1, 7),
(11703, 'UserNT2020@khareer.com', 108, 2, 1),
(11704, 'UserNT2044@khareer.com', 108, 2, 1),
(11705, 'UserNT2024@khareer.com', 108, 2, 2),
(11706, 'UserNT2022@khareer.com', 108, 2, 3),
(11707, 'UserNT201@khareer.com', 108, 2, 3),
(11708, 'UserNT2015@khareer.com', 108, 2, 4),
(11709, 'UserNT202@khareer.com', 108, 2, 5),
(11710, 'UserNT2026@khareer.com', 108, 2, 5),
(11711, 'nhan@gmail.com', 108, 2, 5),
(11712, 'UserNT2021@khareer.com', 108, 2, 6),
(11713, 'UserNT203@khareer.com', 108, 2, 7),
(11714, 'UserNT205@khareer.com', 108, 2, 7),
(11715, 'UserNT2020@khareer.com', 108, 3, 1),
(11716, 'vlogcuocsongvacongnghe@gmail.com', 108, 3, 1),
(11717, 'UserNT2033@khareer.com', 108, 3, 2),
(11718, 'UserNT2032@khareer.com', 108, 3, 3),
(11719, 'UserNT201@khareer.com', 108, 3, 3),
(11720, 'nhan@gmail.com', 108, 3, 4),
(11721, 'UserNT2041@khareer.com', 108, 3, 5),
(11722, 'UserNT2025@khareer.com', 108, 3, 5),
(11723, 'UserNT202@khareer.com', 108, 3, 5),
(11724, 'UserNT2019@khareer.com', 108, 3, 6),
(11725, 'UserNT2010@khareer.com', 108, 3, 7),
(11726, 'UserNT2012@khareer.com', 108, 3, 7),
(11727, 'UserNT208@khareer.com', 108, 4, 1),
(11728, 'vlogcuocsongvacongnghe@gmail.com', 108, 4, 1),
(11729, 'UserNT2022@khareer.com', 108, 4, 2),
(11730, 'UserNT2030@khareer.com', 108, 4, 3),
(11731, 'UserNT2025@khareer.com', 108, 4, 3),
(11732, 'UserNT2018@khareer.com', 108, 4, 4),
(11733, 'UserNT2042@khareer.com', 108, 4, 5),
(11734, 'UserNT2044@khareer.com', 108, 4, 5),
(11735, 'UserNT2016@khareer.com', 108, 4, 5),
(11736, 'nhan@gmail.com', 108, 4, 6),
(11737, 'user2@gmail.com', 108, 4, 7),
(11738, 'UserNT2013@khareer.com', 108, 4, 7),
(11739, 'vlogcuocsongvacongnghe@gmail.com', 108, 5, 1),
(11740, 'UserNT2044@khareer.com', 108, 5, 1),
(11741, 'UserNT2033@khareer.com', 108, 5, 2),
(11742, 'UserNT2016@khareer.com', 108, 5, 3),
(11743, 'UserNT2025@khareer.com', 108, 5, 3),
(11744, 'UserNT2034@khareer.com', 108, 5, 4),
(11745, 'UserNT2017@khareer.com', 108, 5, 5),
(11746, 'UserNT2032@khareer.com', 108, 5, 5),
(11747, 'UserNT202@khareer.com', 108, 5, 5),
(11748, 'UserNT2022@khareer.com', 108, 5, 6),
(11749, 'UserNT2013@khareer.com', 108, 5, 7),
(11750, 'UserNT206@khareer.com', 108, 5, 7),
(11751, 'UserNT2028@khareer.com', 108, 6, 1),
(11752, 'UserNT2045@khareer.com', 108, 6, 1),
(11753, 'UserNT2012@khareer.com', 108, 6, 2),
(11754, 'UserNT2027@khareer.com', 108, 6, 3),
(11755, 'UserNT2029@khareer.com', 108, 6, 3),
(11756, 'UserNT2019@khareer.com', 108, 6, 4),
(11757, 'UserNT2039@khareer.com', 108, 6, 5),
(11758, 'UserNT2041@khareer.com', 108, 6, 5),
(11759, 'UserNT2043@khareer.com', 108, 6, 5),
(11760, 'UserNT2018@khareer.com', 108, 6, 6),
(11761, 'UserNT2010@khareer.com', 108, 6, 7),
(11762, 'UserNT2015@khareer.com', 108, 6, 7),
(11763, 'UserNT2020@khareer.com', 108, 7, 1),
(11764, 'UserNT2023@khareer.com', 108, 7, 1),
(11765, 'nhan@gmail.com', 108, 7, 2),
(11766, 'UserNT201@khareer.com', 108, 7, 3),
(11767, 'UserNT2031@khareer.com', 108, 7, 3),
(11768, 'UserNT2035@khareer.com', 108, 7, 4),
(11769, 'UserNT2036@khareer.com', 108, 7, 5),
(11770, 'UserNT2025@khareer.com', 108, 7, 5),
(11771, 'UserNT206@khareer.com', 108, 7, 5),
(11772, 'UserNT2030@khareer.com', 108, 7, 6),
(11773, 'user2@gmail.com', 108, 7, 7),
(11774, 'UserNT2018@khareer.com', 108, 7, 7),
(11775, 'UserNT2037@khareer.com', 108, 8, 1),
(11776, 'UserNT208@khareer.com', 108, 8, 1),
(11777, 'UserNT2019@khareer.com', 108, 8, 2),
(11778, 'UserNT2011@khareer.com', 108, 8, 3),
(11779, 'UserNT2026@khareer.com', 108, 8, 3),
(11780, 'UserNT2035@khareer.com', 108, 8, 4),
(11781, 'UserNT2041@khareer.com', 108, 8, 5),
(11782, 'UserNT2016@khareer.com', 108, 8, 5),
(11783, 'UserNT2043@khareer.com', 108, 8, 5),
(11784, 'UserNT2024@khareer.com', 108, 8, 6),
(11785, 'user2@gmail.com', 108, 8, 7),
(11786, 'SinhTP@gmail.com', 108, 8, 7),
(11787, 'UserNT2037@khareer.com', 108, 9, 1),
(11788, 'UserNT2045@khareer.com', 108, 9, 1),
(11789, 'UserNT2012@khareer.com', 108, 9, 2),
(11790, 'UserNT2031@khareer.com', 108, 9, 3),
(11791, 'UserNT2016@khareer.com', 108, 9, 3),
(11792, 'UserNT2035@khareer.com', 108, 9, 4),
(11793, 'nhan@gmail.com', 108, 9, 5),
(11794, 'UserNT2043@khareer.com', 108, 9, 5),
(11795, 'UserNT2039@khareer.com', 108, 9, 5),
(11796, 'UserNT2021@khareer.com', 108, 9, 6),
(11797, 'UserNT206@khareer.com', 108, 9, 7),
(11798, 'UserNT209@khareer.com', 108, 9, 7),
(11799, 'UserNT202@khareer.com', 108, 10, 1),
(11800, 'UserNT208@khareer.com', 108, 10, 1),
(11801, 'UserNT2012@khareer.com', 108, 10, 2),
(11802, 'UserNT2031@khareer.com', 108, 10, 3),
(11803, 'UserNT2026@khareer.com', 108, 10, 3),
(11804, 'UserNT2021@khareer.com', 108, 10, 4),
(11805, 'UserNT2028@khareer.com', 108, 10, 5),
(11806, 'UserNT2036@khareer.com', 108, 10, 5),
(11807, 'SinhTP@gmail.com', 108, 10, 5),
(11808, 'UserNT2018@khareer.com', 108, 10, 6),
(11809, 'UserNT205@khareer.com', 108, 10, 7),
(11810, 'UserNT2017@khareer.com', 108, 10, 7),
(11811, 'UserNT209@khareer.com', 108, 11, 1),
(11812, 'UserNT2020@khareer.com', 108, 11, 1),
(11813, 'UserNT2015@khareer.com', 108, 11, 2),
(11814, 'UserNT2016@khareer.com', 108, 11, 3),
(11815, 'UserNT2022@khareer.com', 108, 11, 3),
(11816, 'UserNT2034@khareer.com', 108, 11, 4),
(11817, 'SinhTP@gmail.com', 108, 11, 5),
(11818, 'UserNT2041@khareer.com', 108, 11, 5),
(11819, 'UserNT202@khareer.com', 108, 11, 5),
(11820, 'UserNT2027@khareer.com', 108, 11, 6),
(11821, 'UserNT205@khareer.com', 108, 11, 7),
(11822, 'UserNT2012@khareer.com', 108, 11, 7),
(11823, 'UserNT209@khareer.com', 108, 12, 1),
(11824, 'UserNT2037@khareer.com', 108, 12, 1),
(11825, 'UserNT2010@khareer.com', 108, 12, 2),
(11826, 'UserNT2027@khareer.com', 108, 12, 3),
(11827, 'UserNT2029@khareer.com', 108, 12, 3),
(11828, 'UserNT2019@khareer.com', 108, 12, 4),
(11829, 'UserNT2042@khareer.com', 108, 12, 5),
(11830, 'UserNT2039@khareer.com', 108, 12, 5),
(11831, 'UserNT2043@khareer.com', 108, 12, 5),
(11832, 'UserNT2013@khareer.com', 108, 12, 6),
(11833, 'UserNT2016@khareer.com', 108, 12, 7),
(11834, 'user2@gmail.com', 108, 12, 7),
(11835, 'UserNT2037@khareer.com', 108, 13, 1),
(11836, 'UserNT2028@khareer.com', 108, 13, 1),
(11837, 'UserNT2036@khareer.com', 108, 13, 2),
(11838, 'UserNT2032@khareer.com', 108, 13, 3),
(11839, 'UserNT2033@khareer.com', 108, 13, 3),
(11840, 'UserNT2024@khareer.com', 108, 13, 4),
(11841, 'UserNT2017@khareer.com', 108, 13, 5),
(11842, 'UserNT2042@khareer.com', 108, 13, 5),
(11843, 'SinhTP@gmail.com', 108, 13, 5),
(11844, 'UserNT2018@khareer.com', 108, 13, 6),
(11845, 'UserNT2010@khareer.com', 108, 13, 7),
(11846, 'user2@gmail.com', 108, 13, 7),
(11847, 'UserNT207@khareer.com', 108, 14, 1),
(11848, 'UserNT208@khareer.com', 108, 14, 1),
(11849, 'nhan@gmail.com', 108, 14, 2),
(11850, 'UserNT2031@khareer.com', 108, 14, 3),
(11851, 'UserNT2027@khareer.com', 108, 14, 3),
(11852, 'UserNT2038@khareer.com', 108, 14, 4),
(11853, 'UserNT2032@khareer.com', 108, 14, 5),
(11854, 'UserNT2042@khareer.com', 108, 14, 5),
(11855, 'UserNT2030@khareer.com', 108, 14, 5),
(11856, 'UserNT2024@khareer.com', 108, 14, 6),
(11857, 'UserNT205@khareer.com', 108, 14, 7),
(11858, 'UserNT2012@khareer.com', 108, 14, 7),
(11859, 'UserNT202@khareer.com', 108, 15, 1),
(11860, 'UserNT2037@khareer.com', 108, 15, 1),
(11861, 'UserNT2022@khareer.com', 108, 15, 2),
(11862, 'UserNT2032@khareer.com', 108, 15, 3),
(11863, 'UserNT2031@khareer.com', 108, 15, 3),
(11864, 'UserNT2024@khareer.com', 108, 15, 4),
(11865, 'UserNT2035@khareer.com', 108, 15, 5),
(11866, 'UserNT204@khareer.com', 108, 15, 5),
(11867, 'UserNT2030@khareer.com', 108, 15, 5),
(11868, 'UserNT2019@khareer.com', 108, 15, 6),
(11869, 'UserNT2011@khareer.com', 108, 15, 7),
(11870, 'user2@gmail.com', 108, 15, 7),
(11871, 'UserNT202@khareer.com', 108, 16, 1),
(11872, 'UserNT2020@khareer.com', 108, 16, 1),
(11873, 'UserNT2033@khareer.com', 108, 16, 2),
(11874, 'UserNT2016@khareer.com', 108, 16, 3),
(11875, 'UserNT2040@khareer.com', 108, 16, 3),
(11876, 'UserNT2025@khareer.com', 108, 16, 4),
(11877, 'UserNT2036@khareer.com', 108, 16, 5),
(11878, 'UserNT2035@khareer.com', 108, 16, 5),
(11879, 'UserNT206@khareer.com', 108, 16, 5),
(11880, 'UserNT2024@khareer.com', 108, 16, 6),
(11881, 'UserNT2011@khareer.com', 108, 16, 7),
(11882, 'UserNT203@khareer.com', 108, 16, 7),
(11883, 'UserNT2037@khareer.com', 108, 17, 1),
(11884, 'UserNT2020@khareer.com', 108, 17, 1),
(11885, 'UserNT2019@khareer.com', 108, 17, 2),
(11886, 'UserNT2031@khareer.com', 108, 17, 3),
(11887, 'UserNT2025@khareer.com', 108, 17, 3),
(11888, 'UserNT2034@khareer.com', 108, 17, 4),
(11889, 'UserNT2017@khareer.com', 108, 17, 5),
(11890, 'UserNT2035@khareer.com', 108, 17, 5),
(11891, 'UserNT2039@khareer.com', 108, 17, 5),
(11892, 'UserNT2027@khareer.com', 108, 17, 6),
(11893, 'UserNT203@khareer.com', 108, 17, 7),
(11894, 'UserNT2013@khareer.com', 108, 17, 7),
(11895, 'UserNT207@khareer.com', 108, 18, 1),
(11896, 'UserNT2020@khareer.com', 108, 18, 1),
(11897, 'UserNT2022@khareer.com', 108, 18, 2),
(11898, 'UserNT2025@khareer.com', 108, 18, 3),
(11899, 'UserNT201@khareer.com', 108, 18, 3),
(11900, 'UserNT2021@khareer.com', 108, 18, 4),
(11901, 'UserNT2032@khareer.com', 108, 18, 5),
(11902, 'nhan@gmail.com', 108, 18, 5),
(11903, 'UserNT2039@khareer.com', 108, 18, 5),
(11904, 'UserNT2027@khareer.com', 108, 18, 6),
(11905, 'UserNT2018@khareer.com', 108, 18, 7),
(11906, 'UserNT206@khareer.com', 108, 18, 7),
(11907, 'UserNT2045@khareer.com', 108, 19, 1),
(11908, 'UserNT2038@khareer.com', 108, 19, 1),
(11909, 'UserNT2019@khareer.com', 108, 19, 2),
(11910, 'UserNT2026@khareer.com', 108, 19, 3),
(11911, 'UserNT2033@khareer.com', 108, 19, 3),
(11912, 'UserNT2036@khareer.com', 108, 19, 4),
(11913, 'UserNT2044@khareer.com', 108, 19, 5),
(11914, 'UserNT205@khareer.com', 108, 19, 5),
(11915, 'UserNT2042@khareer.com', 108, 19, 5),
(11916, 'UserNT2022@khareer.com', 108, 19, 6),
(11917, 'UserNT2015@khareer.com', 108, 19, 7),
(11918, 'UserNT203@khareer.com', 108, 19, 7),
(11919, 'UserNT2037@khareer.com', 108, 20, 1),
(11920, 'UserNT2020@khareer.com', 108, 20, 1),
(11921, 'UserNT2028@khareer.com', 108, 20, 2),
(11922, 'UserNT2032@khareer.com', 108, 20, 3),
(11923, 'UserNT2029@khareer.com', 108, 20, 3),
(11924, 'UserNT2019@khareer.com', 108, 20, 4),
(11925, 'UserNT2026@khareer.com', 108, 20, 5),
(11926, 'UserNT204@khareer.com', 108, 20, 5),
(11927, 'UserNT2017@khareer.com', 108, 20, 5),
(11928, 'UserNT2011@khareer.com', 108, 20, 6),
(11929, 'UserNT2015@khareer.com', 108, 20, 7),
(11930, 'UserNT203@khareer.com', 108, 20, 7),
(11931, 'UserNT207@khareer.com', 108, 21, 1),
(11932, 'UserNT2040@khareer.com', 108, 21, 1),
(11933, 'UserNT2033@khareer.com', 108, 21, 2),
(11934, 'UserNT2035@khareer.com', 108, 21, 3),
(11935, 'UserNT2020@khareer.com', 108, 21, 3),
(11936, 'UserNT201@khareer.com', 108, 21, 4),
(11937, 'UserNT2036@khareer.com', 108, 21, 5),
(11938, 'UserNT206@khareer.com', 108, 21, 5),
(11939, 'UserNT2026@khareer.com', 108, 21, 5),
(11940, 'nhan@gmail.com', 108, 21, 6),
(11941, 'UserNT203@khareer.com', 108, 21, 7),
(11942, 'user2@gmail.com', 108, 21, 7),
(11943, 'UserNT208@khareer.com', 108, 22, 1),
(11944, 'UserNT209@khareer.com', 108, 22, 1),
(11945, 'UserNT2024@khareer.com', 108, 22, 2),
(11946, 'UserNT2034@khareer.com', 108, 22, 3),
(11947, 'UserNT2031@khareer.com', 108, 22, 3),
(11948, 'UserNT2030@khareer.com', 108, 22, 4),
(11949, 'UserNT2017@khareer.com', 108, 22, 5),
(11950, 'UserNT2026@khareer.com', 108, 22, 5),
(11951, 'UserNT2043@khareer.com', 108, 22, 5),
(11952, 'UserNT2029@khareer.com', 108, 22, 6),
(11953, 'user2@gmail.com', 108, 22, 7),
(11954, 'UserNT2013@khareer.com', 108, 22, 7),
(11955, 'UserNT2023@khareer.com', 108, 23, 1),
(11956, 'UserNT2038@khareer.com', 108, 23, 1),
(11957, 'UserNT2033@khareer.com', 108, 23, 2),
(11958, 'UserNT2016@khareer.com', 108, 23, 3),
(11959, 'UserNT201@khareer.com', 108, 23, 3),
(11960, 'UserNT2025@khareer.com', 108, 23, 4),
(11961, 'UserNT2017@khareer.com', 108, 23, 5),
(11962, 'UserNT2044@khareer.com', 108, 23, 5),
(11963, 'vlogcuocsongvacongnghe@gmail.com', 108, 23, 5),
(11964, 'UserNT2019@khareer.com', 108, 23, 6),
(11965, 'UserNT206@khareer.com', 108, 23, 7),
(11966, 'UserNT2018@khareer.com', 108, 23, 7),
(11967, 'UserNT2040@khareer.com', 108, 24, 1),
(11968, 'UserNT2045@khareer.com', 108, 24, 1),
(11969, 'UserNT2029@khareer.com', 108, 24, 2),
(11970, 'UserNT2030@khareer.com', 108, 24, 3),
(11971, 'UserNT2034@khareer.com', 108, 24, 3),
(11972, 'UserNT2021@khareer.com', 108, 24, 4),
(11973, 'vlogcuocsongvacongnghe@gmail.com', 108, 24, 5),
(11974, 'UserNT204@khareer.com', 108, 24, 5),
(11975, 'UserNT2036@khareer.com', 108, 24, 5),
(11976, 'UserNT2012@khareer.com', 108, 24, 6),
(11977, 'user2@gmail.com', 108, 24, 7),
(11978, 'UserNT2018@khareer.com', 108, 24, 7),
(11979, 'UserNT207@khareer.com', 108, 25, 1),
(11980, 'UserNT2040@khareer.com', 108, 25, 1),
(11981, 'UserNT2030@khareer.com', 108, 25, 2),
(11982, 'UserNT201@khareer.com', 108, 25, 3),
(11983, 'UserNT2026@khareer.com', 108, 25, 3),
(11984, 'UserNT2034@khareer.com', 108, 25, 4),
(11985, 'UserNT2032@khareer.com', 108, 25, 5),
(11986, 'UserNT2037@khareer.com', 108, 25, 5),
(11987, 'UserNT2042@khareer.com', 108, 25, 5),
(11988, 'UserNT2021@khareer.com', 108, 25, 6),
(11989, 'SinhTP@gmail.com', 108, 25, 7),
(11990, 'UserNT2015@khareer.com', 108, 25, 7),
(11991, 'UserNT208@khareer.com', 108, 26, 1),
(11992, 'UserNT2045@khareer.com', 108, 26, 1),
(11993, 'UserNT2011@khareer.com', 108, 26, 2),
(11994, 'SinhTP@gmail.com', 108, 26, 3),
(11995, 'UserNT2039@khareer.com', 108, 26, 3),
(11996, 'UserNT2038@khareer.com', 108, 26, 4),
(11997, 'UserNT2028@khareer.com', 108, 26, 5),
(11998, 'UserNT202@khareer.com', 108, 26, 5),
(11999, 'vlogcuocsongvacongnghe@gmail.com', 108, 26, 5),
(12000, 'UserNT2021@khareer.com', 108, 26, 6),
(12001, 'UserNT2017@khareer.com', 108, 26, 7),
(12002, 'UserNT203@khareer.com', 108, 26, 7),
(12003, 'UserNT2023@khareer.com', 108, 27, 1),
(12004, 'UserNT2045@khareer.com', 108, 27, 1),
(12005, 'UserNT2012@khareer.com', 108, 27, 2),
(12006, 'UserNT2022@khareer.com', 108, 27, 3),
(12007, 'UserNT2031@khareer.com', 108, 27, 3),
(12008, 'UserNT2036@khareer.com', 108, 27, 4),
(12009, 'UserNT2028@khareer.com', 108, 27, 5),
(12010, 'UserNT204@khareer.com', 108, 27, 5),
(12011, 'UserNT2043@khareer.com', 108, 27, 5),
(12012, 'nhan@gmail.com', 108, 27, 6),
(12013, 'UserNT2011@khareer.com', 108, 27, 7),
(12014, 'UserNT2010@khareer.com', 108, 27, 7),
(12015, 'UserNT207@khareer.com', 108, 28, 1),
(12016, 'UserNT2023@khareer.com', 108, 28, 1),
(12017, 'UserNT2013@khareer.com', 108, 28, 2),
(12018, 'UserNT2029@khareer.com', 108, 28, 3),
(12019, 'UserNT2039@khareer.com', 108, 28, 3),
(12020, 'UserNT2036@khareer.com', 108, 28, 4),
(12021, 'UserNT209@khareer.com', 108, 28, 5),
(12022, 'UserNT205@khareer.com', 108, 28, 5),
(12023, 'UserNT204@khareer.com', 108, 28, 5),
(12024, 'UserNT2021@khareer.com', 108, 28, 6),
(12025, 'UserNT206@khareer.com', 108, 28, 7),
(12026, 'UserNT2011@khareer.com', 108, 28, 7),
(12027, 'UserNT208@khareer.com', 108, 29, 1),
(12028, 'UserNT2023@khareer.com', 108, 29, 1),
(12029, 'UserNT2035@khareer.com', 108, 29, 2),
(12030, 'UserNT2042@khareer.com', 108, 29, 3),
(12031, 'UserNT2029@khareer.com', 108, 29, 3),
(12032, 'UserNT2038@khareer.com', 108, 29, 4),
(12033, 'UserNT205@khareer.com', 108, 29, 5),
(12034, 'UserNT2028@khareer.com', 108, 29, 5),
(12035, 'UserNT2044@khareer.com', 108, 29, 5),
(12036, 'UserNT2027@khareer.com', 108, 29, 6),
(12037, 'SinhTP@gmail.com', 108, 29, 7),
(12038, 'UserNT2013@khareer.com', 108, 29, 7),
(12039, 'UserNT2023@khareer.com', 108, 30, 1),
(12040, 'UserNT208@khareer.com', 108, 30, 1),
(12041, 'UserNT2013@khareer.com', 108, 30, 2),
(12042, 'UserNT201@khareer.com', 108, 30, 3),
(12043, 'UserNT2041@khareer.com', 108, 30, 3),
(12044, 'UserNT2034@khareer.com', 108, 30, 4),
(12045, 'UserNT205@khareer.com', 108, 30, 5),
(12046, 'UserNT204@khareer.com', 108, 30, 5),
(12047, 'vlogcuocsongvacongnghe@gmail.com', 108, 30, 5),
(12048, 'UserNT2021@khareer.com', 108, 30, 6),
(12049, 'UserNT203@khareer.com', 108, 30, 7),
(12050, 'UserNT2012@khareer.com', 108, 30, 7),
(12051, 'UserNT207@khareer.com', 108, 31, 1),
(12052, 'UserNT2040@khareer.com', 108, 31, 1),
(12053, 'UserNT2033@khareer.com', 108, 31, 2),
(12054, 'SinhTP@gmail.com', 108, 31, 3),
(12055, 'UserNT2039@khareer.com', 108, 31, 3),
(12056, 'UserNT201@khareer.com', 108, 31, 4),
(12057, 'UserNT204@khareer.com', 108, 31, 5),
(12058, 'UserNT2043@khareer.com', 108, 31, 5),
(12059, 'UserNT209@khareer.com', 108, 31, 5),
(12060, 'UserNT2011@khareer.com', 108, 31, 6),
(12061, 'UserNT2010@khareer.com', 108, 31, 7),
(12062, 'UserNT208@khareer.com', 108, 31, 7),
(12063, 'UserNT2045@khareer.com', 108, 32, 1),
(12064, 'UserNT207@khareer.com', 108, 32, 1),
(12065, 'UserNT2024@khareer.com', 108, 32, 2),
(12066, 'UserNT2041@khareer.com', 108, 32, 3),
(12067, 'UserNT2030@khareer.com', 108, 32, 3),
(12068, 'UserNT2023@khareer.com', 108, 32, 4),
(12069, 'UserNT204@khareer.com', 108, 32, 5),
(12070, 'vlogcuocsongvacongnghe@gmail.com', 108, 32, 5),
(12071, 'UserNT2028@khareer.com', 108, 32, 5),
(12072, 'UserNT2018@khareer.com', 108, 32, 6),
(12073, 'UserNT2015@khareer.com', 108, 32, 7),
(12074, 'UserNT2010@khareer.com', 108, 32, 7),
(12075, 'UserNT2023@khareer.com', 108, 33, 1),
(12076, 'UserNT2038@khareer.com', 108, 33, 1),
(12077, 'UserNT2016@khareer.com', 108, 33, 2),
(12078, 'UserNT2035@khareer.com', 108, 33, 3),
(12079, 'UserNT2042@khareer.com', 108, 33, 3),
(12080, 'UserNT2034@khareer.com', 108, 33, 4),
(12081, 'UserNT2037@khareer.com', 108, 33, 5),
(12082, 'UserNT2044@khareer.com', 108, 33, 5),
(12083, 'UserNT209@khareer.com', 108, 33, 5),
(12084, 'UserNT2024@khareer.com', 108, 33, 6),
(12085, 'UserNT2015@khareer.com', 108, 33, 7),
(12086, 'UserNT203@khareer.com', 108, 33, 7),
(12087, 'UserNT2038@khareer.com', 108, 34, 1),
(12088, 'UserNT2040@khareer.com', 108, 34, 1),
(12089, 'UserNT2033@khareer.com', 108, 34, 2),
(12090, 'UserNT2041@khareer.com', 108, 34, 3),
(12091, 'UserNT2043@khareer.com', 108, 34, 3),
(12092, 'UserNT2028@khareer.com', 108, 34, 4),
(12093, 'UserNT2044@khareer.com', 108, 34, 5),
(12094, 'UserNT209@khareer.com', 108, 34, 5),
(12095, 'UserNT202@khareer.com', 108, 34, 5),
(12096, 'UserNT2013@khareer.com', 108, 34, 6),
(12097, 'UserNT2010@khareer.com', 108, 34, 7),
(12098, 'UserNT205@khareer.com', 108, 34, 7),
(12099, 'UserNT2045@khareer.com', 109, 0, 1),
(12100, 'UserNT2024@khareer.com', 109, 0, 2),
(12101, 'UserNT2031@khareer.com', 109, 0, 3),
(12102, 'UserNT2015@khareer.com', 109, 0, 4),
(12103, 'UserNT2037@khareer.com', 109, 0, 5),
(12104, 'UserNT2043@khareer.com', 109, 0, 5),
(12105, 'UserNT2019@khareer.com', 109, 0, 6),
(12106, 'UserNT205@khareer.com', 109, 0, 7),
(12107, 'UserNT2010@khareer.com', 109, 0, 7),
(12108, 'UserNT209@khareer.com', 109, 1, 1),
(12109, 'UserNT2020@khareer.com', 109, 1, 2),
(12110, 'UserNT203@khareer.com', 109, 1, 3),
(12111, 'UserNT2021@khareer.com', 109, 1, 4),
(12112, 'UserNT2037@khareer.com', 109, 1, 5),
(12113, 'UserNT2035@khareer.com', 109, 1, 5),
(12114, 'UserNT2033@khareer.com', 109, 1, 6),
(12115, 'UserNT2018@khareer.com', 109, 1, 7),
(12116, 'UserNT205@khareer.com', 109, 1, 7),
(12117, 'UserNT2027@khareer.com', 109, 2, 1),
(12118, 'UserNT2024@khareer.com', 109, 2, 2),
(12119, 'UserNT2025@khareer.com', 109, 2, 3),
(12120, 'SinhTP@gmail.com', 109, 2, 4),
(12121, 'UserNT2035@khareer.com', 109, 2, 5),
(12122, 'UserNT2031@khareer.com', 109, 2, 5),
(12123, 'nhan@gmail.com', 109, 2, 6),
(12124, 'UserNT2016@khareer.com', 109, 2, 7),
(12125, 'UserNT2014@khareer.com', 109, 2, 7),
(12126, 'UserNT2045@khareer.com', 109, 3, 1),
(12127, 'UserNT2019@khareer.com', 109, 3, 2),
(12128, 'UserNT2029@khareer.com', 109, 3, 3),
(12129, 'UserNT2036@khareer.com', 109, 3, 4),
(12130, 'UserNT2044@khareer.com', 109, 3, 5),
(12131, 'UserNT2032@khareer.com', 109, 3, 5),
(12132, 'UserNT2027@khareer.com', 109, 3, 6),
(12133, 'UserNT203@khareer.com', 109, 3, 7),
(12134, 'UserNT205@khareer.com', 109, 3, 7),
(12135, 'UserNT2044@khareer.com', 109, 4, 1),
(12136, 'UserNT2023@khareer.com', 109, 4, 2),
(12137, 'UserNT201@khareer.com', 109, 4, 3),
(12138, 'UserNT2021@khareer.com', 109, 4, 4),
(12139, 'UserNT2036@khareer.com', 109, 4, 5),
(12140, 'UserNT2037@khareer.com', 109, 4, 5),
(12141, 'UserNT2031@khareer.com', 109, 4, 6),
(12142, 'UserNT2017@khareer.com', 109, 4, 7),
(12143, 'UserNT2018@khareer.com', 109, 4, 7),
(12144, 'UserNT2044@khareer.com', 109, 5, 1),
(12145, 'UserNT2020@khareer.com', 109, 5, 2),
(12146, 'UserNT203@khareer.com', 109, 5, 3),
(12147, 'UserNT2035@khareer.com', 109, 5, 4),
(12148, 'nhan@gmail.com', 109, 5, 5),
(12149, 'UserNT2022@khareer.com', 109, 5, 5),
(12150, 'UserNT202@khareer.com', 109, 5, 6),
(12151, 'UserNT2014@khareer.com', 109, 5, 7),
(12152, 'UserNT2015@khareer.com', 109, 5, 7),
(12153, 'UserNT2026@khareer.com', 109, 6, 1),
(12154, 'UserNT2024@khareer.com', 109, 6, 2),
(12155, 'UserNT2037@khareer.com', 109, 6, 3),
(12156, 'UserNT2028@khareer.com', 109, 6, 4),
(12157, 'UserNT2032@khareer.com', 109, 6, 5),
(12158, 'UserNT204@khareer.com', 109, 6, 5),
(12159, 'UserNT2022@khareer.com', 109, 6, 6),
(12160, 'UserNT2012@khareer.com', 109, 6, 7),
(12161, 'UserNT2018@khareer.com', 109, 6, 7),
(12162, 'UserNT2044@khareer.com', 109, 7, 1),
(12163, 'UserNT2012@khareer.com', 109, 7, 2),
(12164, 'UserNT2033@khareer.com', 109, 7, 3),
(12165, 'user2@gmail.com', 109, 7, 4),
(12166, 'UserNT2028@khareer.com', 109, 7, 5),
(12167, 'UserNT2034@khareer.com', 109, 7, 5),
(12168, 'UserNT2031@khareer.com', 109, 7, 6),
(12169, 'UserNT2011@khareer.com', 109, 7, 7),
(12170, 'UserNT2016@khareer.com', 109, 7, 7),
(12171, 'UserNT208@khareer.com', 109, 8, 1),
(12172, 'UserNT2011@khareer.com', 109, 8, 2),
(12173, 'UserNT2039@khareer.com', 109, 8, 3),
(12174, 'UserNT201@khareer.com', 109, 8, 4),
(12175, 'UserNT2034@khareer.com', 109, 8, 5),
(12176, 'UserNT2032@khareer.com', 109, 8, 5),
(12177, 'UserNT2031@khareer.com', 109, 8, 6),
(12178, 'UserNT2015@khareer.com', 109, 8, 7),
(12179, 'user2@gmail.com', 109, 8, 7),
(12180, 'UserNT209@khareer.com', 109, 9, 1),
(12181, 'UserNT2010@khareer.com', 109, 9, 2),
(12182, 'UserNT2025@khareer.com', 109, 9, 3),
(12183, 'nhan@gmail.com', 109, 9, 4),
(12184, 'UserNT2032@khareer.com', 109, 9, 5),
(12185, 'UserNT2034@khareer.com', 109, 9, 5),
(12186, 'UserNT2024@khareer.com', 109, 9, 6),
(12187, 'SinhTP@gmail.com', 109, 9, 7),
(12188, 'UserNT205@khareer.com', 109, 9, 7),
(12189, 'UserNT2045@khareer.com', 109, 10, 1),
(12190, 'UserNT2033@khareer.com', 109, 10, 2),
(12191, 'UserNT2027@khareer.com', 109, 10, 3),
(12192, 'UserNT2034@khareer.com', 109, 10, 4),
(12193, 'UserNT2032@khareer.com', 109, 10, 5),
(12194, 'UserNT2044@khareer.com', 109, 10, 5),
(12195, 'UserNT2037@khareer.com', 109, 10, 6),
(12196, 'UserNT203@khareer.com', 109, 10, 7),
(12197, 'UserNT2016@khareer.com', 109, 10, 7),
(12198, 'UserNT2027@khareer.com', 109, 11, 1),
(12199, 'UserNT2024@khareer.com', 109, 11, 2),
(12200, 'UserNT2033@khareer.com', 109, 11, 3),
(12201, 'UserNT2021@khareer.com', 109, 11, 4),
(12202, 'UserNT2039@khareer.com', 109, 11, 5),
(12203, 'UserNT2041@khareer.com', 109, 11, 5),
(12204, 'UserNT2029@khareer.com', 109, 11, 6),
(12205, 'UserNT2014@khareer.com', 109, 11, 7),
(12206, 'UserNT2012@khareer.com', 109, 11, 7),
(12207, 'UserNT208@khareer.com', 109, 12, 1),
(12208, 'UserNT2036@khareer.com', 109, 12, 2),
(12209, 'UserNT2039@khareer.com', 109, 12, 3),
(12210, 'UserNT2019@khareer.com', 109, 12, 4),
(12211, 'UserNT202@khareer.com', 109, 12, 5),
(12212, 'UserNT207@khareer.com', 109, 12, 5),
(12213, 'UserNT2031@khareer.com', 109, 12, 6),
(12214, 'UserNT2010@khareer.com', 109, 12, 7),
(12215, 'SinhTP@gmail.com', 109, 12, 7),
(12216, 'UserNT2038@khareer.com', 109, 13, 1),
(12217, 'UserNT2028@khareer.com', 109, 13, 2),
(12218, 'UserNT2034@khareer.com', 109, 13, 3),
(12219, 'UserNT2017@khareer.com', 109, 13, 4),
(12220, 'UserNT2032@khareer.com', 109, 13, 5),
(12221, 'UserNT2036@khareer.com', 109, 13, 5),
(12222, 'UserNT2023@khareer.com', 109, 13, 6),
(12223, 'UserNT2016@khareer.com', 109, 13, 7),
(12224, 'UserNT207@khareer.com', 109, 13, 7),
(12225, 'UserNT2038@khareer.com', 109, 14, 1),
(12226, 'UserNT2024@khareer.com', 109, 14, 2),
(12227, 'UserNT2025@khareer.com', 109, 14, 3),
(12228, 'UserNT2023@khareer.com', 109, 14, 4),
(12229, 'UserNT2034@khareer.com', 109, 14, 5),
(12230, 'UserNT2030@khareer.com', 109, 14, 5),
(12231, 'UserNT202@khareer.com', 109, 14, 6),
(12232, 'UserNT2010@khareer.com', 109, 14, 7),
(12233, 'UserNT2015@khareer.com', 109, 14, 7),
(12234, 'UserNT2045@khareer.com', 109, 15, 1),
(12235, 'UserNT2020@khareer.com', 109, 15, 2),
(12236, 'UserNT2037@khareer.com', 109, 15, 3),
(12237, 'user2@gmail.com', 109, 15, 4),
(12238, 'UserNT2041@khareer.com', 109, 15, 5),
(12239, 'UserNT2042@khareer.com', 109, 15, 5),
(12240, 'UserNT201@khareer.com', 109, 15, 6),
(12241, 'UserNT2010@khareer.com', 109, 15, 7),
(12242, 'SinhTP@gmail.com', 109, 15, 7),
(12243, 'UserNT2030@khareer.com', 109, 16, 1),
(12244, 'UserNT2028@khareer.com', 109, 16, 2),
(12245, 'UserNT201@khareer.com', 109, 16, 3),
(12246, 'UserNT2017@khareer.com', 109, 16, 4),
(12247, 'UserNT2022@khareer.com', 109, 16, 5),
(12248, 'UserNT2039@khareer.com', 109, 16, 5),
(12249, 'UserNT2023@khareer.com', 109, 16, 6),
(12250, 'UserNT2014@khareer.com', 109, 16, 7),
(12251, 'UserNT203@khareer.com', 109, 16, 7),
(12252, 'UserNT208@khareer.com', 109, 17, 1),
(12253, 'UserNT2036@khareer.com', 109, 17, 2),
(12254, 'UserNT2031@khareer.com', 109, 17, 3),
(12255, 'UserNT2021@khareer.com', 109, 17, 4),
(12256, 'UserNT2044@khareer.com', 109, 17, 5),
(12257, 'UserNT2042@khareer.com', 109, 17, 5),
(12258, 'UserNT2038@khareer.com', 109, 17, 6),
(12259, 'UserNT2017@khareer.com', 109, 17, 7),
(12260, 'UserNT2010@khareer.com', 109, 17, 7),
(12261, 'UserNT2038@khareer.com', 109, 18, 1),
(12262, 'UserNT2015@khareer.com', 109, 18, 2),
(12263, 'UserNT2029@khareer.com', 109, 18, 3),
(12264, 'user2@gmail.com', 109, 18, 4),
(12265, 'UserNT2041@khareer.com', 109, 18, 5),
(12266, 'nhan@gmail.com', 109, 18, 5),
(12267, 'UserNT2027@khareer.com', 109, 18, 6),
(12268, 'UserNT2018@khareer.com', 109, 18, 7),
(12269, 'UserNT2017@khareer.com', 109, 18, 7),
(12270, 'UserNT2027@khareer.com', 109, 19, 1),
(12271, 'UserNT2019@khareer.com', 109, 19, 2),
(12272, 'UserNT2035@khareer.com', 109, 19, 3),
(12273, 'UserNT2039@khareer.com', 109, 19, 4),
(12274, 'UserNT2022@khareer.com', 109, 19, 5),
(12275, 'UserNT209@khareer.com', 109, 19, 5),
(12276, 'UserNT2021@khareer.com', 109, 19, 6),
(12277, 'UserNT2012@khareer.com', 109, 19, 7),
(12278, 'UserNT2016@khareer.com', 109, 19, 7),
(12279, 'UserNT2030@khareer.com', 109, 20, 1),
(12280, 'UserNT2020@khareer.com', 109, 20, 2),
(12281, 'UserNT2032@khareer.com', 109, 20, 3),
(12282, 'UserNT2038@khareer.com', 109, 20, 4),
(12283, 'UserNT202@khareer.com', 109, 20, 5),
(12284, 'UserNT2043@khareer.com', 109, 20, 5),
(12285, 'UserNT201@khareer.com', 109, 20, 6),
(12286, 'UserNT205@khareer.com', 109, 20, 7),
(12287, 'UserNT2018@khareer.com', 109, 20, 7),
(12288, 'UserNT208@khareer.com', 109, 21, 1),
(12289, 'UserNT2020@khareer.com', 109, 21, 2),
(12290, 'UserNT2029@khareer.com', 109, 21, 3),
(12291, 'UserNT2019@khareer.com', 109, 21, 4),
(12292, 'UserNT2043@khareer.com', 109, 21, 5),
(12293, 'nhan@gmail.com', 109, 21, 5),
(12294, 'UserNT2022@khareer.com', 109, 21, 6),
(12295, 'UserNT203@khareer.com', 109, 21, 7),
(12296, 'UserNT2014@khareer.com', 109, 21, 7),
(12297, 'UserNT2045@khareer.com', 109, 22, 1),
(12298, 'UserNT2028@khareer.com', 109, 22, 2),
(12299, 'UserNT2041@khareer.com', 109, 22, 3),
(12300, 'UserNT2025@khareer.com', 109, 22, 4),
(12301, 'UserNT2026@khareer.com', 109, 22, 5),
(12302, 'UserNT204@khareer.com', 109, 22, 5),
(12303, 'UserNT2023@khareer.com', 109, 22, 6),
(12304, 'UserNT2011@khareer.com', 109, 22, 7),
(12305, 'UserNT2014@khareer.com', 109, 22, 7),
(12306, 'UserNT208@khareer.com', 109, 23, 1),
(12307, 'UserNT2024@khareer.com', 109, 23, 2),
(12308, 'UserNT2043@khareer.com', 109, 23, 3),
(12309, 'UserNT2025@khareer.com', 109, 23, 4),
(12310, 'UserNT2041@khareer.com', 109, 23, 5),
(12311, 'UserNT2034@khareer.com', 109, 23, 5),
(12312, 'nhan@gmail.com', 109, 23, 6),
(12313, 'UserNT207@khareer.com', 109, 23, 7),
(12314, 'UserNT2016@khareer.com', 109, 23, 7),
(12315, 'UserNT2038@khareer.com', 109, 24, 1),
(12316, 'UserNT2020@khareer.com', 109, 24, 2),
(12317, 'UserNT2042@khareer.com', 109, 24, 3),
(12318, 'UserNT2028@khareer.com', 109, 24, 4),
(12319, 'UserNT207@khareer.com', 109, 24, 5),
(12320, 'UserNT2044@khareer.com', 109, 24, 5),
(12321, 'UserNT202@khareer.com', 109, 24, 6),
(12322, 'UserNT2015@khareer.com', 109, 24, 7),
(12323, 'UserNT2018@khareer.com', 109, 24, 7),
(12324, 'UserNT2045@khareer.com', 109, 25, 1),
(12325, 'UserNT2020@khareer.com', 109, 25, 2),
(12326, 'UserNT2029@khareer.com', 109, 25, 3),
(12327, 'UserNT2036@khareer.com', 109, 25, 4),
(12328, 'UserNT209@khareer.com', 109, 25, 5),
(12329, 'UserNT204@khareer.com', 109, 25, 5),
(12330, 'UserNT2021@khareer.com', 109, 25, 6),
(12331, 'UserNT2016@khareer.com', 109, 25, 7),
(12332, 'UserNT205@khareer.com', 109, 25, 7),
(12333, 'UserNT2045@khareer.com', 109, 26, 1),
(12334, 'UserNT2029@khareer.com', 109, 26, 2),
(12335, 'UserNT2039@khareer.com', 109, 26, 3),
(12336, 'UserNT2021@khareer.com', 109, 26, 4),
(12337, 'UserNT2043@khareer.com', 109, 26, 5),
(12338, 'UserNT209@khareer.com', 109, 26, 5),
(12339, 'UserNT2023@khareer.com', 109, 26, 6),
(12340, 'SinhTP@gmail.com', 109, 26, 7),
(12341, 'UserNT2015@khareer.com', 109, 26, 7),
(12342, 'UserNT208@khareer.com', 109, 27, 1),
(12343, 'UserNT2012@khareer.com', 109, 27, 2),
(12344, 'UserNT2037@khareer.com', 109, 27, 3),
(12345, 'UserNT2019@khareer.com', 109, 27, 4),
(12346, 'UserNT2043@khareer.com', 109, 27, 5),
(12347, 'UserNT2042@khareer.com', 109, 27, 5),
(12348, 'UserNT2022@khareer.com', 109, 27, 6),
(12349, 'UserNT2011@khareer.com', 109, 27, 7),
(12350, 'UserNT2018@khareer.com', 109, 27, 7),
(12351, 'UserNT2030@khareer.com', 109, 28, 1),
(12352, 'UserNT2029@khareer.com', 109, 28, 2),
(12353, 'UserNT2039@khareer.com', 109, 28, 3),
(12354, 'UserNT2035@khareer.com', 109, 28, 4),
(12355, 'UserNT2026@khareer.com', 109, 28, 5),
(12356, 'UserNT207@khareer.com', 109, 28, 5),
(12357, 'UserNT202@khareer.com', 109, 28, 6),
(12358, 'UserNT2017@khareer.com', 109, 28, 7),
(12359, 'UserNT2011@khareer.com', 109, 28, 7),
(12360, 'UserNT2030@khareer.com', 109, 29, 1),
(12361, 'UserNT2033@khareer.com', 109, 29, 2),
(12362, 'UserNT2025@khareer.com', 109, 29, 3),
(12363, 'user2@gmail.com', 109, 29, 4),
(12364, 'UserNT207@khareer.com', 109, 29, 5),
(12365, 'UserNT2026@khareer.com', 109, 29, 5),
(12366, 'UserNT2023@khareer.com', 109, 29, 6),
(12367, 'SinhTP@gmail.com', 109, 29, 7),
(12368, 'UserNT2014@khareer.com', 109, 29, 7),
(12369, 'UserNT2030@khareer.com', 109, 30, 1),
(12370, 'UserNT2019@khareer.com', 109, 30, 2),
(12371, 'UserNT2041@khareer.com', 109, 30, 3),
(12372, 'nhan@gmail.com', 109, 30, 4),
(12373, 'UserNT2042@khareer.com', 109, 30, 5),
(12374, 'UserNT207@khareer.com', 109, 30, 5),
(12375, 'UserNT2033@khareer.com', 109, 30, 6),
(12376, 'user2@gmail.com', 109, 30, 7),
(12377, 'UserNT2011@khareer.com', 109, 30, 7),
(12378, 'UserNT2040@khareer.com', 109, 31, 1),
(12379, 'UserNT2028@khareer.com', 109, 31, 2),
(12380, 'UserNT2022@khareer.com', 109, 31, 3),
(12381, 'UserNT2017@khareer.com', 109, 31, 4),
(12382, 'vlogcuocsongvacongnghe@gmail.com', 109, 31, 5),
(12383, 'UserNT2026@khareer.com', 109, 31, 5),
(12384, 'UserNT2035@khareer.com', 109, 31, 6),
(12385, 'UserNT2012@khareer.com', 109, 31, 7),
(12386, 'UserNT2010@khareer.com', 109, 31, 7),
(12387, 'UserNT2040@khareer.com', 109, 32, 1),
(12388, 'UserNT2012@khareer.com', 109, 32, 2),
(12389, 'UserNT2041@khareer.com', 109, 32, 3),
(12390, 'UserNT201@khareer.com', 109, 32, 4),
(12391, 'UserNT2026@khareer.com', 109, 32, 5),
(12392, 'UserNT209@khareer.com', 109, 32, 5),
(12393, 'UserNT2033@khareer.com', 109, 32, 6),
(12394, 'UserNT205@khareer.com', 109, 32, 7),
(12395, 'SinhTP@gmail.com', 109, 32, 7),
(12396, 'UserNT2040@khareer.com', 109, 33, 1),
(12397, 'UserNT2036@khareer.com', 109, 33, 2),
(12398, 'UserNT2025@khareer.com', 109, 33, 3),
(12399, 'UserNT2038@khareer.com', 109, 33, 4),
(12400, 'UserNT2026@khareer.com', 109, 33, 5),
(12401, 'UserNT2030@khareer.com', 109, 33, 5),
(12402, 'UserNT2027@khareer.com', 109, 33, 6),
(12403, 'UserNT203@khareer.com', 109, 33, 7),
(12404, 'UserNT208@khareer.com', 109, 33, 7),
(12405, 'UserNT206@khareer.com', 109, 34, 1),
(12406, 'UserNT202@khareer.com', 109, 34, 2),
(12407, 'UserNT2042@khareer.com', 109, 34, 3),
(12408, 'UserNT201@khareer.com', 109, 34, 4),
(12409, 'UserNT2043@khareer.com', 109, 34, 5),
(12410, 'UserNT209@khareer.com', 109, 34, 5),
(12411, 'UserNT2035@khareer.com', 109, 34, 6),
(12412, 'user2@gmail.com', 109, 34, 7),
(12413, 'UserNT2011@khareer.com', 109, 34, 7);

-- --------------------------------------------------------

--
-- Table structure for table `time_accept`
--

CREATE TABLE `time_accept` (
  `id` int(11) NOT NULL,
  `idtimeline` int(11) DEFAULT NULL,
  `iduser` varchar(200) DEFAULT NULL
) ENGINE=InnoDB DEFAULT CHARSET=utf8mb4;

--
-- Dumping data for table `time_accept`
--

INSERT INTO `time_accept` (`id`, `idtimeline`, `iduser`) VALUES
(1, 105, 'UserNT2043@khareer.com'),
(2, 105, 'j.thien1551@gmail.com'),
(3, 110, 'j.thien1551@gmail.com'),
(4, 110, 'nhan@gmail.com'),
(5, 110, 'SinhTP@gmail.com'),
(6, 110, 'testbday@gmail.com'),
(7, 110, 'TestImage@gmail.com'),
(8, 110, 'user2@gmail.com'),
(9, 110, 'UserNT2010@khareer.com'),
(10, 110, 'UserNT2011@khareer.com'),
(11, 110, 'UserNT2012@khareer.com'),
(12, 110, 'UserNT2013@khareer.com'),
(13, 110, 'UserNT2014@khareer.com'),
(14, 110, 'UserNT2015@khareer.com'),
(15, 110, 'UserNT2016@khareer.com'),
(16, 110, 'UserNT2017@khareer.com'),
(17, 110, 'UserNT2018@khareer.com'),
(18, 110, 'UserNT2019@khareer.com'),
(19, 110, 'UserNT201@khareer.com'),
(20, 110, 'UserNT2020@khareer.com'),
(21, 110, 'UserNT2021@khareer.com'),
(22, 110, 'UserNT2022@khareer.com'),
(23, 110, 'UserNT2023@khareer.com'),
(24, 110, 'UserNT2024@khareer.com'),
(25, 110, 'UserNT2025@khareer.com'),
(26, 110, 'UserNT2026@khareer.com'),
(27, 110, 'UserNT2027@khareer.com'),
(28, 110, 'UserNT2028@khareer.com'),
(29, 110, 'UserNT2029@khareer.com'),
(30, 110, 'UserNT202@khareer.com'),
(31, 110, 'UserNT2030@khareer.com'),
(32, 110, 'UserNT2031@khareer.com'),
(33, 110, 'UserNT2032@khareer.com'),
(34, 110, 'UserNT2033@khareer.com'),
(35, 110, 'UserNT2034@khareer.com'),
(36, 110, 'UserNT2035@khareer.com'),
(37, 110, 'UserNT2036@khareer.com'),
(38, 110, 'UserNT2037@khareer.com'),
(39, 110, 'UserNT2038@khareer.com'),
(40, 110, 'UserNT2039@khareer.com'),
(41, 110, 'UserNT203@khareer.com'),
(42, 110, 'UserNT2040@khareer.com'),
(43, 110, 'UserNT2041@khareer.com'),
(44, 110, 'UserNT2042@khareer.com'),
(45, 110, 'UserNT2043@khareer.com'),
(46, 110, 'UserNT2044@khareer.com'),
(47, 110, 'UserNT2045@khareer.com'),
(48, 110, 'UserNT204@khareer.com'),
(49, 110, 'UserNT205@khareer.com'),
(50, 110, 'UserNT206@khareer.com'),
(51, 110, 'UserNT207@khareer.com'),
(52, 110, 'UserNT209@khareer.com'),
(53, 110, 'vlogcuocsongvacongnghe@gmail.com'),
(54, 110, 'UserNT208@khareer.com'),
(55, 106, 'j.thien1551@gmail.com'),
(56, 106, 'nhan@gmail.com'),
(57, 106, 'SinhTP@gmail.com'),
(58, 106, 'testbday@gmail.com'),
(59, 106, 'TestImage@gmail.com'),
(60, 106, 'user2@gmail.com'),
(61, 106, 'UserNT2010@khareer.com'),
(62, 106, 'UserNT2011@khareer.com'),
(63, 106, 'UserNT2012@khareer.com'),
(64, 106, 'UserNT2013@khareer.com'),
(65, 106, 'UserNT2014@khareer.com'),
(66, 106, 'UserNT2016@khareer.com'),
(67, 106, 'UserNT2017@khareer.com'),
(68, 106, 'UserNT2018@khareer.com'),
(69, 106, 'UserNT2015@khareer.com'),
(70, 106, 'UserNT2019@khareer.com'),
(71, 106, 'UserNT201@khareer.com'),
(72, 106, 'UserNT2020@khareer.com'),
(73, 106, 'UserNT2021@khareer.com'),
(74, 106, 'UserNT2022@khareer.com'),
(75, 106, 'UserNT2023@khareer.com'),
(76, 106, 'UserNT2024@khareer.com'),
(77, 106, 'UserNT2025@khareer.com'),
(78, 106, 'UserNT2026@khareer.com'),
(79, 106, 'UserNT2027@khareer.com'),
(80, 106, 'UserNT2028@khareer.com'),
(81, 106, 'UserNT2029@khareer.com'),
(82, 106, 'UserNT202@khareer.com'),
(83, 106, 'UserNT2030@khareer.com'),
(84, 106, 'UserNT2031@khareer.com'),
(85, 106, 'UserNT2032@khareer.com'),
(86, 106, 'UserNT2033@khareer.com'),
(87, 106, 'UserNT2034@khareer.com'),
(88, 106, 'UserNT2035@khareer.com'),
(89, 106, 'UserNT2036@khareer.com'),
(90, 106, 'UserNT2037@khareer.com'),
(91, 106, 'UserNT2038@khareer.com'),
(92, 106, 'UserNT203@khareer.com'),
(93, 106, 'UserNT2039@khareer.com'),
(94, 106, 'UserNT2040@khareer.com'),
(95, 106, 'UserNT2041@khareer.com'),
(96, 106, 'UserNT2042@khareer.com'),
(97, 106, 'UserNT2043@khareer.com'),
(98, 106, 'UserNT2044@khareer.com'),
(99, 106, 'UserNT2045@khareer.com'),
(100, 106, 'UserNT204@khareer.com'),
(101, 106, 'UserNT205@khareer.com'),
(102, 106, 'UserNT206@khareer.com'),
(103, 106, 'UserNT207@khareer.com'),
(104, 106, 'UserNT208@khareer.com'),
(105, 106, 'UserNT209@khareer.com'),
(106, 106, 'vlogcuocsongvacongnghe@gmail.com'),
(107, 107, 'j.thien1551@gmail.com'),
(108, 107, 'nhan@gmail.com'),
(109, 107, 'SinhTP@gmail.com'),
(110, 107, 'testbday@gmail.com'),
(111, 107, 'TestImage@gmail.com'),
(112, 107, 'user2@gmail.com'),
(113, 107, 'UserNT2010@khareer.com'),
(114, 107, 'UserNT2011@khareer.com'),
(115, 107, 'UserNT2012@khareer.com'),
(116, 107, 'UserNT2013@khareer.com'),
(117, 107, 'UserNT2014@khareer.com'),
(118, 107, 'UserNT2015@khareer.com'),
(119, 107, 'UserNT2016@khareer.com'),
(120, 107, 'UserNT2017@khareer.com'),
(121, 107, 'UserNT2018@khareer.com'),
(122, 107, 'UserNT2019@khareer.com'),
(123, 107, 'UserNT201@khareer.com'),
(124, 107, 'UserNT2020@khareer.com'),
(125, 107, 'UserNT2021@khareer.com'),
(126, 107, 'UserNT2022@khareer.com'),
(127, 107, 'UserNT2023@khareer.com'),
(128, 107, 'UserNT2024@khareer.com'),
(129, 107, 'UserNT2025@khareer.com'),
(130, 107, 'UserNT2026@khareer.com'),
(131, 107, 'UserNT2027@khareer.com'),
(132, 107, 'UserNT2028@khareer.com'),
(133, 107, 'UserNT2029@khareer.com'),
(134, 107, 'UserNT202@khareer.com'),
(135, 107, 'UserNT2030@khareer.com'),
(136, 107, 'UserNT2031@khareer.com'),
(137, 107, 'UserNT2032@khareer.com'),
(138, 107, 'UserNT2033@khareer.com'),
(139, 107, 'UserNT2034@khareer.com'),
(140, 107, 'UserNT2035@khareer.com'),
(141, 107, 'UserNT2036@khareer.com'),
(142, 107, 'UserNT2037@khareer.com'),
(143, 107, 'UserNT2038@khareer.com'),
(144, 107, 'UserNT2039@khareer.com'),
(145, 107, 'UserNT203@khareer.com'),
(146, 107, 'UserNT2040@khareer.com'),
(147, 107, 'UserNT2041@khareer.com'),
(148, 107, 'UserNT2042@khareer.com'),
(149, 107, 'UserNT2043@khareer.com'),
(150, 107, 'UserNT2044@khareer.com'),
(151, 107, 'UserNT2045@khareer.com'),
(152, 107, 'UserNT204@khareer.com'),
(153, 107, 'UserNT205@khareer.com'),
(154, 107, 'UserNT206@khareer.com'),
(155, 107, 'UserNT207@khareer.com'),
(156, 107, 'UserNT208@khareer.com'),
(157, 107, 'vlogcuocsongvacongnghe@gmail.com'),
(158, 107, 'UserNT209@khareer.com'),
(159, 108, 'j.thien1551@gmail.com'),
(160, 108, 'nhan@gmail.com'),
(161, 108, 'SinhTP@gmail.com'),
(162, 108, 'testbday@gmail.com'),
(163, 108, 'TestImage@gmail.com'),
(164, 108, 'user2@gmail.com'),
(165, 108, 'UserNT2010@khareer.com'),
(166, 108, 'UserNT2011@khareer.com'),
(167, 108, 'UserNT2012@khareer.com'),
(168, 108, 'UserNT2013@khareer.com'),
(169, 108, 'UserNT2014@khareer.com'),
(170, 108, 'UserNT2015@khareer.com'),
(171, 108, 'UserNT2016@khareer.com'),
(172, 108, 'UserNT2017@khareer.com'),
(173, 108, 'UserNT2018@khareer.com'),
(174, 108, 'UserNT2019@khareer.com'),
(175, 108, 'UserNT201@khareer.com'),
(176, 108, 'UserNT2020@khareer.com'),
(177, 108, 'UserNT2021@khareer.com'),
(178, 108, 'UserNT2022@khareer.com'),
(179, 108, 'UserNT2023@khareer.com'),
(180, 108, 'UserNT2024@khareer.com'),
(181, 108, 'UserNT2025@khareer.com'),
(182, 108, 'UserNT2026@khareer.com'),
(183, 108, 'UserNT2027@khareer.com'),
(184, 108, 'UserNT2028@khareer.com'),
(185, 108, 'UserNT2029@khareer.com'),
(186, 108, 'UserNT202@khareer.com'),
(187, 108, 'UserNT2030@khareer.com'),
(188, 108, 'UserNT2031@khareer.com'),
(189, 108, 'UserNT2032@khareer.com'),
(190, 108, 'UserNT2033@khareer.com'),
(191, 108, 'UserNT2034@khareer.com'),
(192, 108, 'UserNT2035@khareer.com'),
(193, 108, 'UserNT2036@khareer.com'),
(194, 108, 'UserNT2037@khareer.com'),
(195, 108, 'UserNT2038@khareer.com'),
(196, 108, 'UserNT2039@khareer.com'),
(197, 108, 'UserNT203@khareer.com'),
(198, 108, 'UserNT2040@khareer.com'),
(199, 108, 'UserNT2041@khareer.com'),
(200, 108, 'UserNT2042@khareer.com'),
(201, 108, 'UserNT2043@khareer.com'),
(202, 108, 'UserNT2044@khareer.com'),
(203, 108, 'UserNT2045@khareer.com'),
(204, 108, 'UserNT204@khareer.com'),
(205, 108, 'UserNT205@khareer.com'),
(206, 108, 'UserNT206@khareer.com'),
(207, 108, 'UserNT207@khareer.com'),
(208, 108, 'UserNT208@khareer.com'),
(209, 108, 'UserNT209@khareer.com'),
(210, 108, 'vlogcuocsongvacongnghe@gmail.com'),
(211, 109, 'j.thien1551@gmail.com'),
(212, 109, 'nhan@gmail.com'),
(213, 109, 'SinhTP@gmail.com'),
(214, 109, 'testbday@gmail.com'),
(215, 109, 'TestImage@gmail.com'),
(216, 109, 'user2@gmail.com'),
(217, 109, 'UserNT2010@khareer.com'),
(218, 109, 'UserNT2011@khareer.com'),
(219, 109, 'UserNT2012@khareer.com'),
(220, 109, 'UserNT2013@khareer.com'),
(221, 109, 'UserNT2014@khareer.com'),
(222, 109, 'UserNT2015@khareer.com'),
(223, 109, 'UserNT2016@khareer.com'),
(224, 109, 'UserNT2017@khareer.com'),
(225, 109, 'UserNT2018@khareer.com'),
(226, 109, 'UserNT2019@khareer.com'),
(227, 109, 'UserNT201@khareer.com'),
(228, 109, 'UserNT2020@khareer.com'),
(229, 109, 'UserNT2021@khareer.com'),
(230, 109, 'UserNT2022@khareer.com'),
(231, 109, 'UserNT2023@khareer.com'),
(232, 109, 'UserNT2024@khareer.com'),
(233, 109, 'UserNT2025@khareer.com'),
(234, 109, 'UserNT2026@khareer.com'),
(235, 109, 'UserNT2027@khareer.com'),
(236, 109, 'UserNT2028@khareer.com'),
(237, 109, 'UserNT2029@khareer.com'),
(238, 109, 'UserNT202@khareer.com'),
(239, 109, 'UserNT2030@khareer.com'),
(240, 109, 'UserNT2031@khareer.com'),
(241, 109, 'UserNT2032@khareer.com'),
(242, 109, 'UserNT2033@khareer.com'),
(243, 109, 'UserNT2034@khareer.com'),
(244, 109, 'UserNT2035@khareer.com'),
(245, 109, 'UserNT2036@khareer.com'),
(246, 109, 'UserNT2037@khareer.com'),
(247, 109, 'UserNT2038@khareer.com'),
(248, 109, 'UserNT2039@khareer.com'),
(249, 109, 'UserNT203@khareer.com'),
(250, 109, 'UserNT2040@khareer.com'),
(251, 109, 'UserNT2041@khareer.com'),
(252, 109, 'UserNT2042@khareer.com'),
(253, 109, 'UserNT2043@khareer.com'),
(254, 109, 'UserNT2044@khareer.com'),
(255, 109, 'UserNT2045@khareer.com'),
(256, 109, 'UserNT204@khareer.com'),
(257, 109, 'UserNT205@khareer.com'),
(258, 109, 'UserNT206@khareer.com'),
(259, 109, 'UserNT207@khareer.com'),
(260, 109, 'UserNT208@khareer.com'),
(261, 109, 'UserNT209@khareer.com'),
(262, 109, 'vlogcuocsongvacongnghe@gmail.com');

-- --------------------------------------------------------

--
-- Table structure for table `token`
--

CREATE TABLE `token` (
  `id` int(11) NOT NULL,
  `token` varchar(1000) NOT NULL,
  `token_exp_date` date NOT NULL
) ENGINE=InnoDB DEFAULT CHARSET=utf8mb4;

-- --------------------------------------------------------

--
-- Table structure for table `transfer_data`
--

CREATE TABLE `transfer_data` (
  `id` int(11) NOT NULL,
  `Name` varchar(100) DEFAULT NULL,
  `Content` varchar(200) DEFAULT NULL,
  `Shiftcodefrom` int(11) DEFAULT NULL,
  `Shiftcodeto` int(11) DEFAULT NULL,
  `Positionfrom` int(11) DEFAULT NULL,
  `Positionto` int(11) DEFAULT NULL,
  `Mailfrom` varchar(100) DEFAULT NULL,
  `Mailto` varchar(100) DEFAULT NULL,
  `IdTimeline` int(11) DEFAULT NULL,
  `Response` varchar(200) DEFAULT NULL,
  `Status` int(11) DEFAULT NULL,
  `id_timeline` int(11) DEFAULT NULL
) ENGINE=InnoDB DEFAULT CHARSET=utf8mb4;

--
-- Dumping data for table `transfer_data`
--

INSERT INTO `transfer_data` (`id`, `Name`, `Content`, `Shiftcodefrom`, `Shiftcodeto`, `Positionfrom`, `Positionto`, `Mailfrom`, `Mailto`, `IdTimeline`, `Response`, `Status`, `id_timeline`) VALUES
(8, 'UserNT205@khareer.com Xin đổi ca ', 'xin doi ca\n', 0, 14, 3, 7, 'UserNT205@khareer.com', 'user2@gmail.com', NULL, '', 3, 103),
(9, 'UserNT2043@khareer.com Xin đổi ca ', 'cho minh doi voi', 19, 26, 5, 2, 'UserNT2043@khareer.com', 'UserNT2016@khareer.com', NULL, '', 3, 103),
(10, 'j.thien1551@gmail.com Xin đổi ca ', 'xin doi', 26, 18, 1, 5, 'j.thien1551@gmail.com', 'UserNT205@khareer.com', NULL, '', 3, 110);

-- --------------------------------------------------------

--
-- Table structure for table `user_timeline`
--

CREATE TABLE `user_timeline` (
  `Id` int(11) NOT NULL,
  `Id_Timeline` int(11) NOT NULL,
  `Mail` varchar(100) NOT NULL,
  `Shift_code` tinyint(4) NOT NULL
) ENGINE=InnoDB DEFAULT CHARSET=utf8mb4;

--
-- Dumping data for table `user_timeline`
--

INSERT INTO `user_timeline` (`Id`, `Id_Timeline`, `Mail`, `Shift_code`) VALUES
(586, 110, 'j.thien1551@gmail.com', 2),
(587, 110, 'j.thien1551@gmail.com', 8),
(588, 110, 'j.thien1551@gmail.com', 15),
(589, 110, 'j.thien1551@gmail.com', 19),
(590, 110, 'j.thien1551@gmail.com', 30),
(591, 110, 'j.thien1551@gmail.com', 34),
(592, 110, 'SinhTP@gmail.com', 10),
(593, 110, 'SinhTP@gmail.com', 13),
(594, 110, 'SinhTP@gmail.com', 17),
(595, 110, 'SinhTP@gmail.com', 25),
(596, 110, 'SinhTP@gmail.com', 34),
(597, 110, 'testbday@gmail.com', 23),
(598, 110, 'testbday@gmail.com', 32),
(599, 110, 'user2@gmail.com', 8),
(600, 110, 'user2@gmail.com', 12),
(601, 110, 'user2@gmail.com', 18),
(602, 110, 'user2@gmail.com', 27),
(603, 110, 'user2@gmail.com', 33),
(604, 110, 'UserNT2010@khareer.com', 3),
(605, 110, 'UserNT2010@khareer.com', 6),
(606, 110, 'UserNT2010@khareer.com', 15),
(607, 110, 'UserNT2010@khareer.com', 20),
(608, 110, 'UserNT2010@khareer.com', 33),
(609, 110, 'UserNT2011@khareer.com', 3),
(610, 110, 'UserNT2011@khareer.com', 23),
(611, 110, 'UserNT2011@khareer.com', 24),
(612, 110, 'UserNT2011@khareer.com', 35),
(613, 110, 'UserNT2012@khareer.com', 10),
(614, 110, 'UserNT2012@khareer.com', 26),
(615, 110, 'UserNT2012@khareer.com', 27),
(616, 110, 'UserNT2012@khareer.com', 32),
(617, 110, 'UserNT2014@khareer.com', 18),
(618, 110, 'UserNT2014@khareer.com', 23),
(619, 110, 'UserNT2014@khareer.com', 26),
(620, 110, 'UserNT2014@khareer.com', 33),
(621, 110, 'UserNT2015@khareer.com', 7),
(622, 110, 'UserNT2015@khareer.com', 11),
(623, 110, 'UserNT2015@khareer.com', 14),
(624, 110, 'UserNT2015@khareer.com', 20),
(625, 110, 'UserNT2015@khareer.com', 22),
(626, 110, 'UserNT2015@khareer.com', 34),
(627, 110, 'UserNT2016@khareer.com', 4),
(628, 110, 'UserNT2016@khareer.com', 19),
(629, 110, 'UserNT2016@khareer.com', 30),
(630, 110, 'UserNT2017@khareer.com', 7),
(631, 110, 'UserNT2017@khareer.com', 13),
(632, 110, 'UserNT2017@khareer.com', 33),
(633, 110, 'UserNT2020@khareer.com', 2),
(634, 110, 'UserNT2020@khareer.com', 11),
(635, 110, 'UserNT2020@khareer.com', 14),
(636, 110, 'UserNT2020@khareer.com', 25),
(637, 110, 'UserNT2020@khareer.com', 30),
(638, 110, 'UserNT2020@khareer.com', 33),
(639, 110, 'UserNT2021@khareer.com', 8),
(640, 110, 'UserNT2021@khareer.com', 15),
(641, 110, 'UserNT2021@khareer.com', 19),
(642, 110, 'UserNT2021@khareer.com', 22),
(643, 110, 'UserNT2022@khareer.com', 1),
(644, 110, 'UserNT2022@khareer.com', 3),
(645, 110, 'UserNT2022@khareer.com', 15),
(646, 110, 'UserNT2022@khareer.com', 33),
(647, 110, 'UserNT2023@khareer.com', 4),
(648, 110, 'UserNT2023@khareer.com', 10),
(649, 110, 'UserNT2023@khareer.com', 14),
(650, 110, 'UserNT2023@khareer.com', 22),
(651, 110, 'UserNT2023@khareer.com', 35),
(652, 110, 'UserNT2024@khareer.com', 6),
(653, 110, 'UserNT2024@khareer.com', 8),
(654, 110, 'UserNT2024@khareer.com', 31),
(655, 110, 'UserNT2024@khareer.com', 33),
(656, 110, 'UserNT2026@khareer.com', 2),
(657, 110, 'UserNT2026@khareer.com', 3),
(658, 110, 'UserNT2026@khareer.com', 10),
(659, 110, 'UserNT2026@khareer.com', 11),
(660, 110, 'UserNT2026@khareer.com', 25),
(661, 110, 'UserNT2026@khareer.com', 29),
(662, 110, 'UserNT2026@khareer.com', 33),
(663, 110, 'UserNT2027@khareer.com', 7),
(664, 110, 'UserNT2027@khareer.com', 9),
(665, 110, 'UserNT2027@khareer.com', 11),
(666, 110, 'UserNT2027@khareer.com', 13),
(667, 110, 'UserNT2027@khareer.com', 29),
(668, 110, 'UserNT2027@khareer.com', 31),
(669, 110, 'UserNT2027@khareer.com', 34),
(670, 110, 'UserNT2029@khareer.com', 2),
(671, 110, 'UserNT2029@khareer.com', 25),
(672, 110, 'UserNT2029@khareer.com', 29),
(673, 110, 'UserNT2029@khareer.com', 33),
(674, 110, 'UserNT2029@khareer.com', 34),
(675, 110, 'UserNT202@khareer.com', 13),
(676, 110, 'UserNT202@khareer.com', 15),
(677, 110, 'UserNT202@khareer.com', 16),
(678, 110, 'UserNT202@khareer.com', 17),
(679, 110, 'UserNT2030@khareer.com', 5),
(680, 110, 'UserNT2030@khareer.com', 8),
(681, 110, 'UserNT2030@khareer.com', 20),
(682, 110, 'UserNT2030@khareer.com', 29),
(683, 110, 'UserNT2030@khareer.com', 33),
(684, 110, 'UserNT2031@khareer.com', 3),
(685, 110, 'UserNT2031@khareer.com', 7),
(686, 110, 'UserNT2031@khareer.com', 14),
(687, 110, 'UserNT2031@khareer.com', 19),
(688, 110, 'UserNT2031@khareer.com', 29),
(689, 110, 'UserNT2032@khareer.com', 1),
(690, 110, 'UserNT2032@khareer.com', 25),
(691, 110, 'UserNT2032@khareer.com', 26),
(692, 110, 'UserNT2032@khareer.com', 29),
(693, 110, 'UserNT2032@khareer.com', 30),
(694, 110, 'UserNT2032@khareer.com', 33),
(695, 110, 'UserNT2032@khareer.com', 34),
(696, 110, 'UserNT2033@khareer.com', 8),
(697, 110, 'UserNT2033@khareer.com', 11),
(698, 110, 'UserNT2033@khareer.com', 13),
(699, 110, 'UserNT2033@khareer.com', 18),
(700, 110, 'UserNT2033@khareer.com', 19),
(701, 110, 'UserNT2033@khareer.com', 34),
(702, 110, 'UserNT2034@khareer.com', 4),
(703, 110, 'UserNT2034@khareer.com', 12),
(704, 110, 'UserNT2034@khareer.com', 29),
(705, 110, 'UserNT2035@khareer.com', 2),
(706, 110, 'UserNT2035@khareer.com', 13),
(707, 110, 'UserNT2035@khareer.com', 14),
(708, 110, 'UserNT2035@khareer.com', 21),
(709, 110, 'UserNT2035@khareer.com', 22),
(710, 110, 'UserNT2035@khareer.com', 23),
(711, 110, 'UserNT2036@khareer.com', 19),
(712, 110, 'UserNT2036@khareer.com', 31),
(713, 110, 'UserNT2039@khareer.com', 16),
(714, 110, 'UserNT2039@khareer.com', 24),
(715, 110, 'UserNT2039@khareer.com', 28),
(716, 110, 'UserNT2039@khareer.com', 31),
(717, 110, 'UserNT203@khareer.com', 16),
(718, 110, 'UserNT203@khareer.com', 18),
(719, 110, 'UserNT203@khareer.com', 19),
(720, 110, 'UserNT2040@khareer.com', 29),
(721, 110, 'UserNT2040@khareer.com', 30),
(722, 110, 'UserNT2040@khareer.com', 31),
(723, 110, 'UserNT2040@khareer.com', 33),
(724, 110, 'UserNT2041@khareer.com', 21),
(725, 110, 'UserNT2041@khareer.com', 22),
(726, 110, 'UserNT2041@khareer.com', 23),
(727, 110, 'UserNT2041@khareer.com', 24),
(728, 110, 'UserNT2041@khareer.com', 25),
(729, 110, 'UserNT2042@khareer.com', 16),
(730, 110, 'UserNT2042@khareer.com', 17),
(731, 110, 'UserNT2042@khareer.com', 18),
(732, 110, 'UserNT2042@khareer.com', 24),
(733, 110, 'UserNT2042@khareer.com', 25),
(734, 110, 'UserNT2043@khareer.com', 3),
(735, 110, 'UserNT2043@khareer.com', 6),
(736, 110, 'UserNT2043@khareer.com', 12),
(737, 110, 'UserNT2043@khareer.com', 14),
(738, 110, 'UserNT2043@khareer.com', 20),
(739, 110, 'UserNT2043@khareer.com', 21),
(740, 110, 'UserNT2043@khareer.com', 27),
(741, 110, 'UserNT2043@khareer.com', 33),
(742, 110, 'UserNT2044@khareer.com', 1),
(743, 110, 'UserNT2044@khareer.com', 4),
(744, 110, 'UserNT2044@khareer.com', 7),
(745, 110, 'UserNT2044@khareer.com', 14),
(746, 110, 'UserNT2044@khareer.com', 24),
(747, 110, 'UserNT204@khareer.com', 16),
(748, 110, 'UserNT204@khareer.com', 25),
(749, 110, 'UserNT204@khareer.com', 28),
(750, 110, 'UserNT204@khareer.com', 32),
(751, 110, 'UserNT205@khareer.com', 24),
(752, 110, 'UserNT206@khareer.com', 7),
(753, 110, 'UserNT206@khareer.com', 9),
(754, 110, 'UserNT206@khareer.com', 14),
(755, 110, 'UserNT206@khareer.com', 31),
(756, 110, 'UserNT206@khareer.com', 35),
(757, 110, 'UserNT207@khareer.com', 4),
(758, 110, 'UserNT207@khareer.com', 7),
(759, 110, 'UserNT207@khareer.com', 14),
(760, 110, 'UserNT207@khareer.com', 25),
(761, 110, 'UserNT209@khareer.com', 5),
(762, 110, 'UserNT209@khareer.com', 8),
(763, 110, 'UserNT209@khareer.com', 12),
(764, 110, 'UserNT209@khareer.com', 33),
(765, 110, 'vlogcuocsongvacongnghe@gmail.com', 12),
(766, 106, 'j.thien1551@gmail.com', 4),
(767, 106, 'j.thien1551@gmail.com', 9),
(768, 106, 'j.thien1551@gmail.com', 19),
(769, 106, 'j.thien1551@gmail.com', 22),
(770, 106, 'j.thien1551@gmail.com', 23),
(771, 106, 'j.thien1551@gmail.com', 30),
(772, 106, 'j.thien1551@gmail.com', 35),
(773, 106, 'nhan@gmail.com', 2),
(774, 106, 'nhan@gmail.com', 13),
(775, 106, 'nhan@gmail.com', 16),
(776, 106, 'nhan@gmail.com', 20),
(777, 106, 'nhan@gmail.com', 29),
(778, 106, 'SinhTP@gmail.com', 4),
(779, 106, 'SinhTP@gmail.com', 8),
(780, 106, 'SinhTP@gmail.com', 33),
(781, 106, 'testbday@gmail.com', 10),
(782, 106, 'TestImage@gmail.com', 2),
(783, 106, 'TestImage@gmail.com', 5),
(784, 106, 'TestImage@gmail.com', 6),
(785, 106, 'TestImage@gmail.com', 23),
(786, 106, 'TestImage@gmail.com', 30),
(787, 106, 'TestImage@gmail.com', 31),
(788, 106, 'TestImage@gmail.com', 35),
(789, 106, 'UserNT2010@khareer.com', 12),
(790, 106, 'UserNT2010@khareer.com', 18),
(791, 106, 'UserNT2010@khareer.com', 20),
(792, 106, 'UserNT2010@khareer.com', 26),
(793, 106, 'UserNT2010@khareer.com', 33),
(794, 106, 'UserNT2011@khareer.com', 3),
(795, 106, 'UserNT2011@khareer.com', 13),
(796, 106, 'UserNT2011@khareer.com', 17),
(797, 106, 'UserNT2011@khareer.com', 24),
(798, 106, 'UserNT2011@khareer.com', 25),
(799, 106, 'UserNT2011@khareer.com', 29),
(800, 106, 'UserNT2011@khareer.com', 35),
(801, 106, 'UserNT2012@khareer.com', 10),
(802, 106, 'UserNT2012@khareer.com', 16),
(803, 106, 'UserNT2012@khareer.com', 22),
(804, 106, 'UserNT2012@khareer.com', 30),
(805, 106, 'UserNT2012@khareer.com', 32),
(806, 106, 'UserNT2014@khareer.com', 10),
(807, 106, 'UserNT2014@khareer.com', 12),
(808, 106, 'UserNT2014@khareer.com', 14),
(809, 106, 'UserNT2014@khareer.com', 21),
(810, 106, 'UserNT2014@khareer.com', 33),
(812, 106, 'UserNT2016@khareer.com', 6),
(815, 106, 'UserNT2017@khareer.com', 27),
(816, 106, 'UserNT2018@khareer.com', 3),
(817, 106, 'UserNT2018@khareer.com', 4),
(818, 106, 'UserNT2018@khareer.com', 32),
(819, 106, 'UserNT2018@khareer.com', 35),
(820, 106, 'UserNT2015@khareer.com', 12),
(821, 106, 'UserNT2015@khareer.com', 16),
(822, 106, 'UserNT2015@khareer.com', 22),
(823, 106, 'UserNT2015@khareer.com', 23),
(824, 106, 'UserNT2015@khareer.com', 24),
(825, 106, 'UserNT2015@khareer.com', 27),
(826, 106, 'UserNT2015@khareer.com', 29),
(827, 106, 'UserNT2016@khareer.com', 3),
(828, 106, 'UserNT2016@khareer.com', 7),
(829, 106, 'UserNT2016@khareer.com', 18),
(830, 106, 'UserNT2016@khareer.com', 19),
(831, 106, 'UserNT2016@khareer.com', 25),
(832, 106, 'UserNT2016@khareer.com', 33),
(833, 106, 'UserNT201@khareer.com', 5),
(834, 106, 'UserNT201@khareer.com', 8),
(835, 106, 'UserNT201@khareer.com', 31),
(836, 106, 'UserNT2020@khareer.com', 13),
(837, 106, 'UserNT2020@khareer.com', 26),
(838, 106, 'UserNT2020@khareer.com', 35),
(839, 106, 'UserNT2021@khareer.com', 2),
(840, 106, 'UserNT2021@khareer.com', 11),
(841, 106, 'UserNT2021@khareer.com', 27),
(842, 106, 'UserNT2022@khareer.com', 20),
(843, 106, 'UserNT2022@khareer.com', 30),
(844, 106, 'UserNT2023@khareer.com', 7),
(845, 106, 'UserNT2023@khareer.com', 9),
(846, 106, 'UserNT2023@khareer.com', 12),
(847, 106, 'UserNT2023@khareer.com', 13),
(848, 106, 'UserNT2023@khareer.com', 16),
(849, 106, 'UserNT2023@khareer.com', 24),
(850, 106, 'UserNT2023@khareer.com', 35),
(851, 106, 'UserNT2024@khareer.com', 11),
(852, 106, 'UserNT2024@khareer.com', 27),
(853, 106, 'UserNT2024@khareer.com', 32),
(854, 106, 'UserNT2025@khareer.com', 5),
(855, 106, 'UserNT2025@khareer.com', 6),
(856, 106, 'UserNT2025@khareer.com', 17),
(857, 106, 'UserNT2025@khareer.com', 29),
(858, 106, 'UserNT2026@khareer.com', 15),
(859, 106, 'UserNT2026@khareer.com', 27),
(860, 106, 'UserNT2027@khareer.com', 14),
(861, 106, 'UserNT2027@khareer.com', 19),
(862, 106, 'UserNT2027@khareer.com', 23),
(863, 106, 'UserNT2027@khareer.com', 25),
(864, 106, 'UserNT2028@khareer.com', 9),
(865, 106, 'UserNT2028@khareer.com', 26),
(866, 106, 'UserNT2028@khareer.com', 28),
(867, 106, 'UserNT2029@khareer.com', 4),
(868, 106, 'UserNT2029@khareer.com', 5),
(869, 106, 'UserNT2029@khareer.com', 6),
(870, 106, 'UserNT2029@khareer.com', 12),
(871, 106, 'UserNT2029@khareer.com', 16),
(872, 106, 'UserNT2029@khareer.com', 21),
(873, 106, 'UserNT202@khareer.com', 22),
(874, 106, 'UserNT202@khareer.com', 26),
(875, 106, 'UserNT202@khareer.com', 30),
(876, 106, 'UserNT2030@khareer.com', 11),
(877, 106, 'UserNT2030@khareer.com', 12),
(878, 106, 'UserNT2030@khareer.com', 25),
(879, 106, 'UserNT2031@khareer.com', 28),
(880, 106, 'UserNT2031@khareer.com', 29),
(881, 106, 'UserNT2032@khareer.com', 3),
(882, 106, 'UserNT2032@khareer.com', 5),
(883, 106, 'UserNT2032@khareer.com', 11),
(884, 106, 'UserNT2032@khareer.com', 12),
(885, 106, 'UserNT2032@khareer.com', 15),
(886, 106, 'UserNT2032@khareer.com', 26),
(887, 106, 'UserNT2032@khareer.com', 32),
(888, 106, 'UserNT2033@khareer.com', 20),
(889, 106, 'UserNT2033@khareer.com', 30),
(890, 106, 'UserNT2033@khareer.com', 34),
(891, 106, 'UserNT2034@khareer.com', 2),
(892, 106, 'UserNT2034@khareer.com', 10),
(893, 106, 'UserNT2034@khareer.com', 22),
(894, 106, 'UserNT2034@khareer.com', 26),
(895, 106, 'UserNT2036@khareer.com', 5),
(896, 106, 'UserNT2036@khareer.com', 11),
(897, 106, 'UserNT2036@khareer.com', 20),
(898, 106, 'UserNT2036@khareer.com', 26),
(899, 106, 'UserNT2036@khareer.com', 32),
(900, 106, 'UserNT2037@khareer.com', 2),
(901, 106, 'UserNT2037@khareer.com', 3),
(902, 106, 'UserNT2037@khareer.com', 15),
(903, 106, 'UserNT2037@khareer.com', 16),
(904, 106, 'UserNT2037@khareer.com', 17),
(905, 106, 'UserNT2037@khareer.com', 19),
(906, 106, 'UserNT2037@khareer.com', 23),
(907, 106, 'UserNT2038@khareer.com', 5),
(908, 106, 'UserNT2038@khareer.com', 8),
(909, 106, 'UserNT2038@khareer.com', 13),
(910, 106, 'UserNT203@khareer.com', 14),
(911, 106, 'UserNT2039@khareer.com', 3),
(912, 106, 'UserNT2039@khareer.com', 8),
(913, 106, 'UserNT2039@khareer.com', 23),
(914, 106, 'UserNT2039@khareer.com', 24),
(915, 106, 'UserNT2039@khareer.com', 26),
(916, 106, 'UserNT2039@khareer.com', 35),
(917, 106, 'UserNT2040@khareer.com', 6),
(918, 106, 'UserNT2040@khareer.com', 19),
(919, 106, 'UserNT2040@khareer.com', 33),
(920, 106, 'UserNT2040@khareer.com', 34),
(921, 106, 'UserNT2041@khareer.com', 8),
(922, 106, 'UserNT2041@khareer.com', 9),
(923, 106, 'UserNT2041@khareer.com', 12),
(924, 106, 'UserNT2041@khareer.com', 13),
(925, 106, 'UserNT2041@khareer.com', 28),
(926, 106, 'UserNT2041@khareer.com', 29),
(927, 106, 'UserNT2042@khareer.com', 4),
(928, 106, 'UserNT2042@khareer.com', 15),
(929, 106, 'UserNT2043@khareer.com', 1),
(930, 106, 'UserNT2043@khareer.com', 5),
(931, 106, 'UserNT2043@khareer.com', 7),
(932, 106, 'UserNT2043@khareer.com', 21),
(933, 106, 'UserNT2043@khareer.com', 30),
(934, 106, 'UserNT2043@khareer.com', 34),
(935, 106, 'UserNT2044@khareer.com', 6),
(936, 106, 'UserNT2044@khareer.com', 10),
(937, 106, 'UserNT2044@khareer.com', 12),
(938, 106, 'UserNT2044@khareer.com', 28),
(939, 106, 'UserNT204@khareer.com', 3),
(940, 106, 'UserNT204@khareer.com', 14),
(941, 106, 'UserNT205@khareer.com', 1),
(942, 106, 'UserNT206@khareer.com', 2),
(943, 106, 'UserNT206@khareer.com', 17),
(944, 106, 'UserNT206@khareer.com', 23),
(945, 106, 'UserNT207@khareer.com', 7),
(946, 106, 'UserNT207@khareer.com', 8),
(947, 106, 'UserNT207@khareer.com', 19),
(948, 106, 'UserNT207@khareer.com', 20),
(949, 106, 'UserNT207@khareer.com', 34),
(950, 106, 'vlogcuocsongvacongnghe@gmail.com', 2),
(951, 106, 'vlogcuocsongvacongnghe@gmail.com', 10),
(952, 107, 'j.thien1551@gmail.com', 26),
(953, 107, 'j.thien1551@gmail.com', 28),
(954, 107, 'nhan@gmail.com', 4),
(955, 107, 'nhan@gmail.com', 15),
(956, 107, 'nhan@gmail.com', 23),
(957, 107, 'nhan@gmail.com', 24),
(958, 107, 'nhan@gmail.com', 30),
(959, 107, 'nhan@gmail.com', 35),
(960, 107, 'SinhTP@gmail.com', 17),
(961, 107, 'SinhTP@gmail.com', 32),
(962, 107, 'SinhTP@gmail.com', 33),
(963, 107, 'testbday@gmail.com', 21),
(964, 107, 'TestImage@gmail.com', 3),
(965, 107, 'TestImage@gmail.com', 13),
(966, 107, 'TestImage@gmail.com', 15),
(967, 107, 'TestImage@gmail.com', 20),
(968, 107, 'TestImage@gmail.com', 27),
(969, 107, 'user2@gmail.com', 11),
(970, 107, 'user2@gmail.com', 12),
(971, 107, 'user2@gmail.com', 32),
(972, 107, 'user2@gmail.com', 35),
(973, 107, 'UserNT2010@khareer.com', 4),
(974, 107, 'UserNT2010@khareer.com', 13),
(975, 107, 'UserNT2010@khareer.com', 23),
(976, 107, 'UserNT2010@khareer.com', 25),
(977, 107, 'UserNT2011@khareer.com', 3),
(978, 107, 'UserNT2011@khareer.com', 17),
(979, 107, 'UserNT2011@khareer.com', 26),
(980, 107, 'UserNT2012@khareer.com', 7),
(981, 107, 'UserNT2012@khareer.com', 29),
(982, 107, 'UserNT2013@khareer.com', 18),
(983, 107, 'UserNT2013@khareer.com', 19),
(984, 107, 'UserNT2013@khareer.com', 33),
(985, 107, 'UserNT2015@khareer.com', 16),
(986, 107, 'UserNT2015@khareer.com', 24),
(987, 107, 'UserNT2016@khareer.com', 17),
(988, 107, 'UserNT2016@khareer.com', 33),
(989, 107, 'UserNT2017@khareer.com', 5),
(990, 107, 'UserNT2017@khareer.com', 12),
(991, 107, 'UserNT2017@khareer.com', 24),
(992, 107, 'UserNT2017@khareer.com', 34),
(993, 107, 'UserNT2018@khareer.com', 7),
(994, 107, 'UserNT2018@khareer.com', 18),
(995, 107, 'UserNT2018@khareer.com', 22),
(996, 107, 'UserNT2018@khareer.com', 25),
(997, 107, 'UserNT2018@khareer.com', 26),
(998, 107, 'UserNT2018@khareer.com', 35),
(999, 107, 'UserNT2019@khareer.com', 17),
(1000, 107, 'UserNT2019@khareer.com', 27),
(1001, 107, 'UserNT2019@khareer.com', 31),
(1002, 107, 'UserNT2019@khareer.com', 33),
(1003, 107, 'UserNT201@khareer.com', 8),
(1004, 107, 'UserNT201@khareer.com', 14),
(1005, 107, 'UserNT201@khareer.com', 32),
(1006, 107, 'UserNT2020@khareer.com', 13),
(1007, 107, 'UserNT2020@khareer.com', 24),
(1008, 107, 'UserNT2020@khareer.com', 26),
(1009, 107, 'UserNT2021@khareer.com', 16),
(1010, 107, 'UserNT2021@khareer.com', 22),
(1011, 107, 'UserNT2023@khareer.com', 6),
(1012, 107, 'UserNT2023@khareer.com', 11),
(1013, 107, 'UserNT2023@khareer.com', 14),
(1014, 107, 'UserNT2023@khareer.com', 19),
(1015, 107, 'UserNT2023@khareer.com', 23),
(1016, 107, 'UserNT2024@khareer.com', 1),
(1017, 107, 'UserNT2024@khareer.com', 12),
(1018, 107, 'UserNT2025@khareer.com', 23),
(1019, 107, 'UserNT2025@khareer.com', 24),
(1020, 107, 'UserNT2025@khareer.com', 31),
(1021, 107, 'UserNT2025@khareer.com', 32),
(1022, 107, 'UserNT2025@khareer.com', 34),
(1023, 107, 'UserNT2026@khareer.com', 14),
(1024, 107, 'UserNT2026@khareer.com', 17),
(1025, 107, 'UserNT2026@khareer.com', 21),
(1026, 107, 'UserNT2026@khareer.com', 22),
(1027, 107, 'UserNT2027@khareer.com', 3),
(1028, 107, 'UserNT2027@khareer.com', 6),
(1029, 107, 'UserNT2027@khareer.com', 13),
(1030, 107, 'UserNT2027@khareer.com', 18),
(1031, 107, 'UserNT2027@khareer.com', 20),
(1032, 107, 'UserNT2027@khareer.com', 33),
(1033, 107, 'UserNT2028@khareer.com', 24),
(1034, 107, 'UserNT2028@khareer.com', 31),
(1035, 107, 'UserNT2029@khareer.com', 14),
(1036, 107, 'UserNT2029@khareer.com', 34),
(1037, 107, 'UserNT202@khareer.com', 18),
(1038, 107, 'UserNT2031@khareer.com', 14),
(1039, 107, 'UserNT2032@khareer.com', 6),
(1040, 107, 'UserNT2032@khareer.com', 30),
(1041, 107, 'UserNT2033@khareer.com', 5),
(1042, 107, 'UserNT2033@khareer.com', 11),
(1043, 107, 'UserNT2033@khareer.com', 16),
(1044, 107, 'UserNT2033@khareer.com', 21),
(1045, 107, 'UserNT2033@khareer.com', 31),
(1046, 107, 'UserNT2034@khareer.com', 1),
(1047, 107, 'UserNT2034@khareer.com', 2),
(1048, 107, 'UserNT2034@khareer.com', 3),
(1049, 107, 'UserNT2034@khareer.com', 24),
(1050, 107, 'UserNT2035@khareer.com', 9),
(1051, 107, 'UserNT2035@khareer.com', 13),
(1052, 107, 'UserNT2035@khareer.com', 15),
(1053, 107, 'UserNT2037@khareer.com', 4),
(1054, 107, 'UserNT2037@khareer.com', 11),
(1055, 107, 'UserNT2037@khareer.com', 13),
(1056, 107, 'UserNT2037@khareer.com', 16),
(1057, 107, 'UserNT2037@khareer.com', 21),
(1058, 107, 'UserNT2037@khareer.com', 22),
(1059, 107, 'UserNT2037@khareer.com', 35),
(1060, 107, 'UserNT2038@khareer.com', 1),
(1061, 107, 'UserNT2038@khareer.com', 2),
(1062, 107, 'UserNT2038@khareer.com', 12),
(1063, 107, 'UserNT2039@khareer.com', 8),
(1064, 107, 'UserNT2039@khareer.com', 25),
(1065, 107, 'UserNT2039@khareer.com', 29),
(1066, 107, 'UserNT2039@khareer.com', 32),
(1067, 107, 'UserNT203@khareer.com', 3),
(1068, 107, 'UserNT203@khareer.com', 11),
(1069, 107, 'UserNT203@khareer.com', 15),
(1070, 107, 'UserNT203@khareer.com', 23),
(1071, 107, 'UserNT203@khareer.com', 33),
(1072, 107, 'UserNT2040@khareer.com', 13),
(1073, 107, 'UserNT2040@khareer.com', 16),
(1074, 107, 'UserNT2040@khareer.com', 17),
(1075, 107, 'UserNT2040@khareer.com', 20),
(1076, 107, 'UserNT2040@khareer.com', 30),
(1077, 107, 'UserNT2041@khareer.com', 7),
(1078, 107, 'UserNT2041@khareer.com', 8),
(1079, 107, 'UserNT2041@khareer.com', 24),
(1080, 107, 'UserNT2041@khareer.com', 33),
(1081, 107, 'UserNT2042@khareer.com', 22),
(1082, 107, 'UserNT2043@khareer.com', 12),
(1083, 107, 'UserNT2043@khareer.com', 17),
(1084, 107, 'UserNT2044@khareer.com', 7),
(1085, 107, 'UserNT2044@khareer.com', 10),
(1086, 107, 'UserNT2044@khareer.com', 14),
(1087, 107, 'UserNT2044@khareer.com', 18),
(1088, 107, 'UserNT2044@khareer.com', 19),
(1089, 107, 'UserNT2044@khareer.com', 23),
(1090, 107, 'UserNT2044@khareer.com', 25),
(1091, 107, 'UserNT2045@khareer.com', 16),
(1092, 107, 'UserNT204@khareer.com', 11),
(1093, 107, 'UserNT204@khareer.com', 15),
(1094, 107, 'UserNT204@khareer.com', 23),
(1095, 107, 'UserNT204@khareer.com', 25),
(1096, 107, 'UserNT204@khareer.com', 33),
(1097, 107, 'UserNT205@khareer.com', 27),
(1098, 107, 'UserNT205@khareer.com', 31),
(1099, 107, 'UserNT206@khareer.com', 18),
(1100, 107, 'UserNT206@khareer.com', 26),
(1101, 107, 'UserNT206@khareer.com', 30),
(1102, 107, 'UserNT207@khareer.com', 12),
(1103, 107, 'UserNT207@khareer.com', 16),
(1104, 107, 'UserNT208@khareer.com', 25),
(1105, 107, 'UserNT209@khareer.com', 13),
(1106, 107, 'UserNT209@khareer.com', 14),
(1107, 107, 'UserNT209@khareer.com', 17),
(1108, 107, 'UserNT209@khareer.com', 22),
(1109, 107, 'UserNT209@khareer.com', 29),
(1110, 107, 'UserNT209@khareer.com', 31),
(1111, 107, 'UserNT209@khareer.com', 34),
(1112, 108, 'j.thien1551@gmail.com', 2),
(1113, 108, 'j.thien1551@gmail.com', 25),
(1114, 108, 'j.thien1551@gmail.com', 32),
(1115, 108, 'nhan@gmail.com', 1),
(1116, 108, 'nhan@gmail.com', 12),
(1117, 108, 'nhan@gmail.com', 17),
(1118, 108, 'nhan@gmail.com', 23),
(1119, 108, 'nhan@gmail.com', 29),
(1120, 108, 'SinhTP@gmail.com', 6),
(1121, 108, 'SinhTP@gmail.com', 10),
(1122, 108, 'SinhTP@gmail.com', 25),
(1123, 108, 'testbday@gmail.com', 24),
(1124, 108, 'TestImage@gmail.com', 14),
(1125, 108, 'user2@gmail.com', 11),
(1126, 108, 'user2@gmail.com', 15),
(1127, 108, 'user2@gmail.com', 28),
(1128, 108, 'UserNT2010@khareer.com', 6),
(1129, 108, 'UserNT2010@khareer.com', 10),
(1130, 108, 'UserNT2010@khareer.com', 25),
(1131, 108, 'UserNT2011@khareer.com', 8),
(1132, 108, 'UserNT2011@khareer.com', 18),
(1133, 108, 'UserNT2011@khareer.com', 24),
(1134, 108, 'UserNT2011@khareer.com', 30),
(1135, 108, 'UserNT2011@khareer.com', 31),
(1136, 108, 'UserNT2012@khareer.com', 26),
(1137, 108, 'UserNT2013@khareer.com', 2),
(1138, 108, 'UserNT2013@khareer.com', 8),
(1139, 108, 'UserNT2013@khareer.com', 10),
(1140, 108, 'UserNT2013@khareer.com', 15),
(1141, 108, 'UserNT2013@khareer.com', 22),
(1142, 108, 'UserNT2013@khareer.com', 24),
(1143, 108, 'UserNT2015@khareer.com', 13),
(1144, 108, 'UserNT2015@khareer.com', 17),
(1145, 108, 'UserNT2015@khareer.com', 23),
(1146, 108, 'UserNT2018@khareer.com', 12),
(1147, 108, 'UserNT2019@khareer.com', 6),
(1148, 108, 'UserNT2019@khareer.com', 35),
(1149, 108, 'UserNT201@khareer.com', 7),
(1150, 108, 'UserNT2021@khareer.com', 15),
(1151, 108, 'UserNT2022@khareer.com', 21),
(1152, 108, 'UserNT2026@khareer.com', 5),
(1153, 108, 'UserNT2027@khareer.com', 6),
(1154, 108, 'UserNT2027@khareer.com', 11),
(1155, 108, 'UserNT2027@khareer.com', 23),
(1156, 108, 'UserNT2027@khareer.com', 28),
(1157, 108, 'UserNT2027@khareer.com', 29),
(1158, 108, 'UserNT2027@khareer.com', 32),
(1159, 108, 'UserNT2027@khareer.com', 34),
(1160, 108, 'UserNT2029@khareer.com', 28),
(1161, 108, 'UserNT2030@khareer.com', 13),
(1162, 108, 'UserNT2030@khareer.com', 18),
(1163, 108, 'UserNT2030@khareer.com', 29),
(1164, 108, 'UserNT2030@khareer.com', 32),
(1165, 108, 'UserNT2030@khareer.com', 35),
(1166, 108, 'UserNT2031@khareer.com', 4),
(1167, 108, 'UserNT2031@khareer.com', 7),
(1168, 108, 'UserNT2031@khareer.com', 24),
(1169, 108, 'UserNT2032@khareer.com', 7),
(1170, 108, 'UserNT2032@khareer.com', 8),
(1171, 108, 'UserNT2032@khareer.com', 22),
(1172, 108, 'UserNT2032@khareer.com', 28),
(1173, 108, 'UserNT2033@khareer.com', 5),
(1174, 108, 'UserNT2033@khareer.com', 16),
(1175, 108, 'UserNT2033@khareer.com', 33),
(1176, 108, 'UserNT2033@khareer.com', 34),
(1177, 108, 'UserNT2034@khareer.com', 20),
(1178, 108, 'UserNT2035@khareer.com', 1),
(1179, 108, 'UserNT2035@khareer.com', 2),
(1180, 108, 'UserNT2035@khareer.com', 11),
(1181, 108, 'UserNT2035@khareer.com', 14),
(1182, 108, 'UserNT2036@khareer.com', 7),
(1183, 108, 'UserNT2036@khareer.com', 15),
(1184, 108, 'UserNT2036@khareer.com', 26),
(1185, 108, 'UserNT2039@khareer.com', 5),
(1186, 108, 'UserNT2039@khareer.com', 12),
(1187, 108, 'UserNT2039@khareer.com', 17),
(1188, 108, 'UserNT2039@khareer.com', 34),
(1189, 108, 'UserNT203@khareer.com', 16),
(1190, 108, 'UserNT203@khareer.com', 19),
(1191, 108, 'UserNT2041@khareer.com', 23),
(1192, 108, 'UserNT2041@khareer.com', 24),
(1193, 108, 'UserNT2042@khareer.com', 11),
(1194, 108, 'UserNT2043@khareer.com', 16),
(1195, 108, 'UserNT2043@khareer.com', 21),
(1196, 108, 'UserNT2043@khareer.com', 22),
(1197, 108, 'UserNT2043@khareer.com', 24),
(1198, 108, 'UserNT2043@khareer.com', 34),
(1199, 108, 'UserNT2044@khareer.com', 7),
(1200, 108, 'UserNT2044@khareer.com', 8),
(1201, 108, 'UserNT2044@khareer.com', 11),
(1202, 108, 'UserNT204@khareer.com', 2),
(1203, 108, 'UserNT204@khareer.com', 8),
(1204, 108, 'UserNT204@khareer.com', 11),
(1205, 108, 'UserNT204@khareer.com', 15),
(1206, 108, 'UserNT204@khareer.com', 23),
(1207, 108, 'UserNT204@khareer.com', 24),
(1208, 108, 'UserNT204@khareer.com', 35),
(1209, 108, 'UserNT205@khareer.com', 4),
(1210, 108, 'UserNT205@khareer.com', 16),
(1211, 108, 'UserNT205@khareer.com', 32),
(1212, 108, 'UserNT205@khareer.com', 34),
(1213, 108, 'UserNT206@khareer.com', 20),
(1214, 108, 'UserNT206@khareer.com', 23),
(1215, 108, 'UserNT208@khareer.com', 6),
(1216, 108, 'UserNT208@khareer.com', 10),
(1217, 108, 'UserNT208@khareer.com', 16),
(1218, 108, 'UserNT208@khareer.com', 25),
(1219, 108, 'UserNT209@khareer.com', 4),
(1220, 108, 'UserNT209@khareer.com', 7),
(1221, 108, 'UserNT209@khareer.com', 8),
(1222, 108, 'UserNT209@khareer.com', 18),
(1223, 108, 'UserNT209@khareer.com', 19),
(1224, 108, 'UserNT209@khareer.com', 22),
(1225, 108, 'UserNT209@khareer.com', 31),
(1226, 108, 'vlogcuocsongvacongnghe@gmail.com', 11),
(1246, 109, 'UserNT2015@khareer.com', 4),
(1258, 109, 'j.thien1551@gmail.com', 11),
(1259, 109, 'j.thien1551@gmail.com', 13),
(1260, 109, 'j.thien1551@gmail.com', 18),
(1261, 109, 'j.thien1551@gmail.com', 25),
(1262, 109, 'j.thien1551@gmail.com', 28),
(1263, 109, 'nhan@gmail.com', 1),
(1264, 109, 'nhan@gmail.com', 4),
(1265, 109, 'nhan@gmail.com', 14),
(1266, 109, 'nhan@gmail.com', 21),
(1267, 109, 'nhan@gmail.com', 23),
(1268, 109, 'SinhTP@gmail.com', 2),
(1269, 109, 'SinhTP@gmail.com', 29),
(1270, 109, 'SinhTP@gmail.com', 35),
(1271, 109, 'TestImage@gmail.com', 14),
(1272, 109, 'TestImage@gmail.com', 34),
(1273, 109, 'user2@gmail.com', 7),
(1274, 109, 'user2@gmail.com', 24),
(1275, 109, 'UserNT2010@khareer.com', 6),
(1276, 109, 'UserNT2010@khareer.com', 28),
(1277, 109, 'UserNT2010@khareer.com', 34),
(1278, 109, 'UserNT2011@khareer.com', 1),
(1279, 109, 'UserNT2011@khareer.com', 17),
(1280, 109, 'UserNT2011@khareer.com', 24),
(1281, 109, 'UserNT2012@khareer.com', 18),
(1282, 109, 'UserNT2012@khareer.com', 19),
(1283, 109, 'UserNT2012@khareer.com', 22),
(1284, 109, 'UserNT2012@khareer.com', 27),
(1285, 109, 'UserNT2012@khareer.com', 35),
(1286, 109, 'UserNT2015@khareer.com', 11),
(1287, 109, 'UserNT2015@khareer.com', 21),
(1288, 109, 'UserNT2015@khareer.com', 35),
(1289, 109, 'UserNT2016@khareer.com', 13),
(1290, 109, 'UserNT2016@khareer.com', 22),
(1291, 109, 'UserNT2017@khareer.com', 10),
(1292, 109, 'UserNT2017@khareer.com', 21),
(1293, 109, 'UserNT2017@khareer.com', 23),
(1294, 109, 'UserNT2017@khareer.com', 26),
(1295, 109, 'UserNT2017@khareer.com', 31),
(1296, 109, 'UserNT2018@khareer.com', 4),
(1297, 109, 'UserNT2018@khareer.com', 13),
(1298, 109, 'UserNT2018@khareer.com', 20),
(1299, 109, 'UserNT2019@khareer.com', 2),
(1300, 109, 'UserNT2019@khareer.com', 18),
(1301, 109, 'UserNT201@khareer.com', 7),
(1302, 109, 'UserNT2020@khareer.com', 11),
(1303, 109, 'UserNT2020@khareer.com', 17),
(1304, 109, 'UserNT2020@khareer.com', 24),
(1305, 109, 'UserNT2021@khareer.com', 6),
(1306, 109, 'UserNT2021@khareer.com', 7),
(1307, 109, 'UserNT2021@khareer.com', 34),
(1308, 109, 'UserNT2022@khareer.com', 8),
(1309, 109, 'UserNT2022@khareer.com', 11),
(1310, 109, 'UserNT2023@khareer.com', 9),
(1311, 109, 'UserNT2023@khareer.com', 13),
(1312, 109, 'UserNT2023@khareer.com', 25),
(1313, 109, 'UserNT2023@khareer.com', 35),
(1314, 109, 'UserNT2024@khareer.com', 29),
(1315, 109, 'UserNT2025@khareer.com', 1),
(1316, 109, 'UserNT2025@khareer.com', 2),
(1317, 109, 'UserNT2025@khareer.com', 13),
(1318, 109, 'UserNT2025@khareer.com', 31),
(1319, 109, 'UserNT2027@khareer.com', 17),
(1320, 109, 'UserNT2027@khareer.com', 18),
(1321, 109, 'UserNT2027@khareer.com', 28),
(1322, 109, 'UserNT2027@khareer.com', 32),
(1323, 109, 'UserNT2028@khareer.com', 2),
(1324, 109, 'UserNT2028@khareer.com', 13),
(1325, 109, 'UserNT2028@khareer.com', 19),
(1326, 109, 'UserNT2028@khareer.com', 30),
(1327, 109, 'UserNT2029@khareer.com', 11),
(1328, 109, 'UserNT2029@khareer.com', 14),
(1329, 109, 'UserNT2029@khareer.com', 16),
(1330, 109, 'UserNT202@khareer.com', 1),
(1331, 109, 'UserNT202@khareer.com', 3),
(1332, 109, 'UserNT202@khareer.com', 32),
(1333, 109, 'UserNT202@khareer.com', 34),
(1334, 109, 'UserNT2031@khareer.com', 2),
(1335, 109, 'UserNT2031@khareer.com', 33),
(1336, 109, 'UserNT2032@khareer.com', 28),
(1337, 109, 'UserNT2033@khareer.com', 7),
(1338, 109, 'UserNT2033@khareer.com', 13),
(1339, 109, 'UserNT2033@khareer.com', 16),
(1340, 109, 'UserNT2033@khareer.com', 17),
(1341, 109, 'UserNT2033@khareer.com', 18),
(1342, 109, 'UserNT2033@khareer.com', 34),
(1343, 109, 'UserNT2034@khareer.com', 4),
(1344, 109, 'UserNT2034@khareer.com', 21),
(1345, 109, 'UserNT2035@khareer.com', 16),
(1346, 109, 'UserNT2035@khareer.com', 25),
(1347, 109, 'UserNT2035@khareer.com', 30),
(1348, 109, 'UserNT2035@khareer.com', 31),
(1349, 109, 'UserNT2036@khareer.com', 1),
(1350, 109, 'UserNT2037@khareer.com', 6),
(1351, 109, 'UserNT2037@khareer.com', 20),
(1352, 109, 'UserNT2037@khareer.com', 22),
(1353, 109, 'UserNT2037@khareer.com', 26),
(1354, 109, 'UserNT2037@khareer.com', 31),
(1355, 109, 'UserNT2037@khareer.com', 34),
(1356, 109, 'UserNT2037@khareer.com', 35),
(1357, 109, 'UserNT2038@khareer.com', 30),
(1358, 109, 'UserNT2039@khareer.com', 6),
(1359, 109, 'UserNT2039@khareer.com', 22),
(1360, 109, 'UserNT2039@khareer.com', 24),
(1361, 109, 'UserNT2039@khareer.com', 25),
(1362, 109, 'UserNT203@khareer.com', 31),
(1363, 109, 'UserNT2041@khareer.com', 2),
(1364, 109, 'UserNT2041@khareer.com', 21),
(1365, 109, 'UserNT2041@khareer.com', 32),
(1366, 109, 'UserNT2042@khareer.com', 3),
(1367, 109, 'UserNT2042@khareer.com', 15),
(1368, 109, 'UserNT2042@khareer.com', 20),
(1369, 109, 'UserNT2042@khareer.com', 24),
(1370, 109, 'UserNT2042@khareer.com', 33),
(1371, 109, 'UserNT2042@khareer.com', 34),
(1372, 109, 'UserNT2043@khareer.com', 7),
(1373, 109, 'UserNT2043@khareer.com', 18),
(1374, 109, 'UserNT2044@khareer.com', 12),
(1375, 109, 'UserNT2044@khareer.com', 20),
(1376, 109, 'UserNT2044@khareer.com', 21),
(1377, 109, 'UserNT2044@khareer.com', 23),
(1378, 109, 'UserNT2044@khareer.com', 28),
(1379, 109, 'UserNT2044@khareer.com', 32),
(1380, 109, 'UserNT2044@khareer.com', 33),
(1381, 109, 'UserNT2045@khareer.com', 13),
(1382, 109, 'UserNT2045@khareer.com', 24),
(1383, 109, 'UserNT2045@khareer.com', 25),
(1384, 109, 'UserNT204@khareer.com', 5),
(1385, 109, 'UserNT204@khareer.com', 10),
(1386, 109, 'UserNT204@khareer.com', 18),
(1387, 109, 'UserNT204@khareer.com', 30),
(1388, 109, 'UserNT204@khareer.com', 34),
(1389, 109, 'UserNT204@khareer.com', 35),
(1390, 109, 'UserNT205@khareer.com', 3),
(1391, 109, 'UserNT205@khareer.com', 11),
(1392, 109, 'UserNT205@khareer.com', 22),
(1393, 109, 'UserNT205@khareer.com', 24),
(1394, 109, 'UserNT207@khareer.com', 9),
(1395, 109, 'UserNT207@khareer.com', 10),
(1396, 109, 'UserNT207@khareer.com', 18),
(1397, 109, 'UserNT207@khareer.com', 20),
(1398, 109, 'UserNT207@khareer.com', 22),
(1399, 109, 'UserNT208@khareer.com', 4),
(1400, 109, 'UserNT208@khareer.com', 5),
(1401, 109, 'UserNT208@khareer.com', 6),
(1402, 109, 'UserNT208@khareer.com', 11),
(1403, 109, 'UserNT208@khareer.com', 23),
(1404, 109, 'UserNT209@khareer.com', 8),
(1405, 109, 'UserNT209@khareer.com', 9),
(1406, 109, 'UserNT209@khareer.com', 32);

--
-- Indexes for dumped tables
--

--
-- Indexes for table `account`
--
ALTER TABLE `account`
  ADD PRIMARY KEY (`Mail`),
  ADD KEY `FKaeyk7xqr31ulnt6xnolmuq40c` (`Id_Store`);

--
-- Indexes for table `account_notification`
--
ALTER TABLE `account_notification`
  ADD PRIMARY KEY (`Id`),
  ADD KEY `FK_accountnotification_account` (`Mail`),
  ADD KEY `FK_accountnotification_notification` (`Id_notification`);

--
-- Indexes for table `account_position`
--
ALTER TABLE `account_position`
  ADD PRIMARY KEY (`Id`),
  ADD KEY `FK_accountposition_position` (`Id_Position`),
  ADD KEY `FK_accountposition_account` (`Mail`);

--
-- Indexes for table `account_token`
--
ALTER TABLE `account_token`
  ADD PRIMARY KEY (`Token`),
  ADD KEY `ID_Token_mail` (`Mail`);

--
-- Indexes for table `classroom`
--
ALTER TABLE `classroom`
  ADD PRIMARY KEY (`id`),
  ADD KEY `FKc60dwl7a3r01al0mxma1isga` (`id_semester`);

--
-- Indexes for table `course`
--
ALTER TABLE `course`
  ADD PRIMARY KEY (`id`);

--
-- Indexes for table `day_off`
--
ALTER TABLE `day_off`
  ADD PRIMARY KEY (`Id`),
  ADD KEY `FK_Dayoff_Account` (`Mail`);

--
-- Indexes for table `exam`
--
ALTER TABLE `exam`
  ADD PRIMARY KEY (`id`),
  ADD KEY `FKbwq9gefbfo4atyy0fdrptiw5k` (`id_classroom`),
  ADD KEY `FKgc37nv3l6cj28bb4ktt144b7g` (`id_course`);

--
-- Indexes for table `mail`
--
ALTER TABLE `mail`
  ADD PRIMARY KEY (`id`);

--
-- Indexes for table `message_account`
--
ALTER TABLE `message_account`
  ADD PRIMARY KEY (`messsage_id`);

--
-- Indexes for table `notification`
--
ALTER TABLE `notification`
  ADD PRIMARY KEY (`Id`);

--
-- Indexes for table `over_time`
--
ALTER TABLE `over_time`
  ADD PRIMARY KEY (`Id`),
  ADD KEY `FK_overtime_account` (`Mail`),
  ADD KEY `FK_overtime_shift` (`Id_Shift`);

--
-- Indexes for table `position`
--
ALTER TABLE `position`
  ADD PRIMARY KEY (`Id`);

--
-- Indexes for table `salary`
--
ALTER TABLE `salary`
  ADD PRIMARY KEY (`Id`),
  ADD KEY `mail` (`mail`);

--
-- Indexes for table `semester`
--
ALTER TABLE `semester`
  ADD PRIMARY KEY (`id`);

--
-- Indexes for table `shift`
--
ALTER TABLE `shift`
  ADD PRIMARY KEY (`Id`),
  ADD KEY `FKbyyqmsq9e0g707d2peu0yrmc2` (`Id_Position`),
  ADD KEY `FKtbrr8p3d9l9rh8ku5jvlquisx` (`Id_Timeline`);

--
-- Indexes for table `sms`
--
ALTER TABLE `sms`
  ADD PRIMARY KEY (`id`);

--
-- Indexes for table `store`
--
ALTER TABLE `store`
  ADD PRIMARY KEY (`Id`);

--
-- Indexes for table `timekeeping`
--
ALTER TABLE `timekeeping`
  ADD PRIMARY KEY (`Id`),
  ADD KEY `FKllfhe84j54w6eexu46it7n3o9` (`Mail`),
  ADD KEY `Id_Timeline` (`Id_Timeline`);

--
-- Indexes for table `timeline`
--
ALTER TABLE `timeline`
  ADD PRIMARY KEY (`Id`),
  ADD KEY `FKbmiu4744fb25694jnwv1xlmx9` (`Id_Store`);

--
-- Indexes for table `timeline_detail`
--
ALTER TABLE `timeline_detail`
  ADD PRIMARY KEY (`Id`),
  ADD KEY `FKo90aw7rc3rhavp1xc5jdfmlhj` (`Shift_Code`),
  ADD KEY `FKqm58y882e9bq8uetj616eo2qp` (`Id_Timeline`),
  ADD KEY `FK41875u469utqv1x7uqjh0daae` (`Mail`),
  ADD KEY `FKigt356clyosrdog6vafwxissm` (`Id_Position`);

--
-- Indexes for table `time_accept`
--
ALTER TABLE `time_accept`
  ADD PRIMARY KEY (`id`);

--
-- Indexes for table `token`
--
ALTER TABLE `token`
  ADD PRIMARY KEY (`id`);

--
-- Indexes for table `transfer_data`
--
ALTER TABLE `transfer_data`
  ADD PRIMARY KEY (`id`);

--
-- Indexes for table `user_timeline`
--
ALTER TABLE `user_timeline`
  ADD PRIMARY KEY (`Id`),
  ADD KEY `FKcwt2y9u9t0s9pxumbbbg70f0a` (`Id_Timeline`),
  ADD KEY `FK7lxcfol7e1487k0dlxic2s34` (`Mail`);

--
-- AUTO_INCREMENT for dumped tables
--

--
-- AUTO_INCREMENT for table `account_notification`
--
ALTER TABLE `account_notification`
  MODIFY `Id` int(11) NOT NULL AUTO_INCREMENT, AUTO_INCREMENT=337;

--
-- AUTO_INCREMENT for table `account_position`
--
ALTER TABLE `account_position`
  MODIFY `Id` int(11) NOT NULL AUTO_INCREMENT, AUTO_INCREMENT=608;

--
-- AUTO_INCREMENT for table `classroom`
--
ALTER TABLE `classroom`
  MODIFY `id` int(11) NOT NULL AUTO_INCREMENT;

--
-- AUTO_INCREMENT for table `course`
--
ALTER TABLE `course`
  MODIFY `id` int(11) NOT NULL AUTO_INCREMENT;

--
-- AUTO_INCREMENT for table `day_off`
--
ALTER TABLE `day_off`
  MODIFY `Id` int(11) NOT NULL AUTO_INCREMENT, AUTO_INCREMENT=28;

--
-- AUTO_INCREMENT for table `exam`
--
ALTER TABLE `exam`
  MODIFY `id` int(11) NOT NULL AUTO_INCREMENT;

--
-- AUTO_INCREMENT for table `mail`
--
ALTER TABLE `mail`
  MODIFY `id` int(11) NOT NULL AUTO_INCREMENT, AUTO_INCREMENT=9;

--
-- AUTO_INCREMENT for table `message_account`
--
ALTER TABLE `message_account`
  MODIFY `messsage_id` int(11) NOT NULL AUTO_INCREMENT, AUTO_INCREMENT=25;

--
-- AUTO_INCREMENT for table `notification`
--
ALTER TABLE `notification`
  MODIFY `Id` int(11) NOT NULL AUTO_INCREMENT, AUTO_INCREMENT=322;

--
-- AUTO_INCREMENT for table `over_time`
--
ALTER TABLE `over_time`
  MODIFY `Id` int(11) NOT NULL AUTO_INCREMENT, AUTO_INCREMENT=7;

--
-- AUTO_INCREMENT for table `position`
--
ALTER TABLE `position`
  MODIFY `Id` int(11) NOT NULL AUTO_INCREMENT, AUTO_INCREMENT=8;

--
-- AUTO_INCREMENT for table `salary`
--
ALTER TABLE `salary`
  MODIFY `Id` int(11) NOT NULL AUTO_INCREMENT, AUTO_INCREMENT=79;

--
-- AUTO_INCREMENT for table `semester`
--
ALTER TABLE `semester`
  MODIFY `id` int(11) NOT NULL AUTO_INCREMENT;

--
-- AUTO_INCREMENT for table `shift`
--
ALTER TABLE `shift`
  MODIFY `Id` int(11) NOT NULL AUTO_INCREMENT, AUTO_INCREMENT=6365;

--
-- AUTO_INCREMENT for table `sms`
--
ALTER TABLE `sms`
  MODIFY `id` int(11) NOT NULL AUTO_INCREMENT, AUTO_INCREMENT=13;

--
-- AUTO_INCREMENT for table `store`
--
ALTER TABLE `store`
  MODIFY `Id` int(11) NOT NULL AUTO_INCREMENT, AUTO_INCREMENT=3;

--
-- AUTO_INCREMENT for table `timekeeping`
--
ALTER TABLE `timekeeping`
  MODIFY `Id` int(11) NOT NULL AUTO_INCREMENT, AUTO_INCREMENT=597;

--
-- AUTO_INCREMENT for table `timeline`
--
ALTER TABLE `timeline`
  MODIFY `Id` int(11) NOT NULL AUTO_INCREMENT, AUTO_INCREMENT=120;

--
-- AUTO_INCREMENT for table `timeline_detail`
--
ALTER TABLE `timeline_detail`
  MODIFY `Id` int(11) NOT NULL AUTO_INCREMENT, AUTO_INCREMENT=12414;

--
-- AUTO_INCREMENT for table `time_accept`
--
ALTER TABLE `time_accept`
  MODIFY `id` int(11) NOT NULL AUTO_INCREMENT, AUTO_INCREMENT=263;

--
-- AUTO_INCREMENT for table `token`
--
ALTER TABLE `token`
  MODIFY `id` int(11) NOT NULL AUTO_INCREMENT;

--
-- AUTO_INCREMENT for table `transfer_data`
--
ALTER TABLE `transfer_data`
  MODIFY `id` int(11) NOT NULL AUTO_INCREMENT, AUTO_INCREMENT=11;

--
-- AUTO_INCREMENT for table `user_timeline`
--
ALTER TABLE `user_timeline`
  MODIFY `Id` int(11) NOT NULL AUTO_INCREMENT, AUTO_INCREMENT=1407;

--
-- Constraints for dumped tables
--

--
-- Constraints for table `account`
--
ALTER TABLE `account`
  ADD CONSTRAINT `FK_account_store` FOREIGN KEY (`Id_Store`) REFERENCES `store` (`Id`),
  ADD CONSTRAINT `FKaeyk7xqr31ulnt6xnolmuq40c` FOREIGN KEY (`Id_Store`) REFERENCES `store` (`Id`);

--
-- Constraints for table `account_notification`
--
ALTER TABLE `account_notification`
  ADD CONSTRAINT `FK_accountnotification_account` FOREIGN KEY (`Mail`) REFERENCES `account` (`Mail`),
  ADD CONSTRAINT `FK_accountnotification_notification` FOREIGN KEY (`Id_notification`) REFERENCES `notification` (`Id`);

--
-- Constraints for table `account_position`
--
ALTER TABLE `account_position`
  ADD CONSTRAINT `FK_accountposition_account` FOREIGN KEY (`Mail`) REFERENCES `account` (`Mail`),
  ADD CONSTRAINT `FK_accountposition_position` FOREIGN KEY (`Id_Position`) REFERENCES `position` (`Id`);

--
-- Constraints for table `account_token`
--
ALTER TABLE `account_token`
  ADD CONSTRAINT `FKpv32n2pdpsr2emw4gnt25qbw3` FOREIGN KEY (`Mail`) REFERENCES `account` (`Mail`),
  ADD CONSTRAINT `ID_Token_mail` FOREIGN KEY (`Mail`) REFERENCES `account` (`Mail`);

--
-- Constraints for table `classroom`
--
ALTER TABLE `classroom`
  ADD CONSTRAINT `FKc60dwl7a3r01al0mxma1isga` FOREIGN KEY (`id_semester`) REFERENCES `semester` (`id`);

--
-- Constraints for table `day_off`
--
ALTER TABLE `day_off`
  ADD CONSTRAINT `FK_Dayoff_Account` FOREIGN KEY (`Mail`) REFERENCES `account` (`Mail`);

--
-- Constraints for table `exam`
--
ALTER TABLE `exam`
  ADD CONSTRAINT `FKbwq9gefbfo4atyy0fdrptiw5k` FOREIGN KEY (`id_classroom`) REFERENCES `classroom` (`id`),
  ADD CONSTRAINT `FKgc37nv3l6cj28bb4ktt144b7g` FOREIGN KEY (`id_course`) REFERENCES `course` (`id`);

--
-- Constraints for table `over_time`
--
ALTER TABLE `over_time`
  ADD CONSTRAINT `FK_overtime_account` FOREIGN KEY (`Mail`) REFERENCES `account` (`Mail`),
  ADD CONSTRAINT `FK_overtime_shift` FOREIGN KEY (`Id_Shift`) REFERENCES `shift` (`Id`);

--
-- Constraints for table `salary`
--
ALTER TABLE `salary`
  ADD CONSTRAINT `salary_ibfk_1` FOREIGN KEY (`mail`) REFERENCES `account` (`Mail`);

--
-- Constraints for table `shift`
--
ALTER TABLE `shift`
  ADD CONSTRAINT `FK_shift_position` FOREIGN KEY (`Id_Position`) REFERENCES `position` (`Id`),
  ADD CONSTRAINT `FK_shift_timeline` FOREIGN KEY (`Id_Timeline`) REFERENCES `timeline` (`Id`),
  ADD CONSTRAINT `FKbyyqmsq9e0g707d2peu0yrmc2` FOREIGN KEY (`Id_Position`) REFERENCES `position` (`Id`),
  ADD CONSTRAINT `FKtbrr8p3d9l9rh8ku5jvlquisx` FOREIGN KEY (`Id_Timeline`) REFERENCES `timeline` (`Id`);

--
-- Constraints for table `timekeeping`
--
ALTER TABLE `timekeeping`
  ADD CONSTRAINT `FKllfhe84j54w6eexu46it7n3o9` FOREIGN KEY (`Mail`) REFERENCES `account` (`Mail`),
  ADD CONSTRAINT `timekeeping_ibfk_1` FOREIGN KEY (`Mail`) REFERENCES `account` (`Mail`),
  ADD CONSTRAINT `timekeeping_ibfk_2` FOREIGN KEY (`Id_Timeline`) REFERENCES `timeline` (`Id`),
  ADD CONSTRAINT `timekeeping_ibfk_3` FOREIGN KEY (`Id_Timeline`) REFERENCES `timeline` (`Id`);

--
-- Constraints for table `timeline`
--
ALTER TABLE `timeline`
  ADD CONSTRAINT `FKbmiu4744fb25694jnwv1xlmx9` FOREIGN KEY (`Id_Store`) REFERENCES `store` (`Id`),
  ADD CONSTRAINT `ID_timeline_store` FOREIGN KEY (`Id_Store`) REFERENCES `store` (`Id`);

--
-- Constraints for table `timeline_detail`
--
ALTER TABLE `timeline_detail`
  ADD CONSTRAINT `FK41875u469utqv1x7uqjh0daae` FOREIGN KEY (`Mail`) REFERENCES `account` (`Mail`),
  ADD CONSTRAINT `FK_Position` FOREIGN KEY (`Id_Position`) REFERENCES `position` (`Id`),
  ADD CONSTRAINT `FK_timelinedetail_account` FOREIGN KEY (`Mail`) REFERENCES `account` (`Mail`),
  ADD CONSTRAINT `FKigt356clyosrdog6vafwxissm` FOREIGN KEY (`Id_Position`) REFERENCES `position` (`Id`),
  ADD CONSTRAINT `FKqm58y882e9bq8uetj616eo2qp` FOREIGN KEY (`Id_Timeline`) REFERENCES `timeline` (`Id`);

--
-- Constraints for table `user_timeline`
--
ALTER TABLE `user_timeline`
  ADD CONSTRAINT `FK7lxcfol7e1487k0dlxic2s34` FOREIGN KEY (`Mail`) REFERENCES `account` (`Mail`),
  ADD CONSTRAINT `FK_usertimeline_account` FOREIGN KEY (`Mail`) REFERENCES `account` (`Mail`),
  ADD CONSTRAINT `FK_usertimeline_timeline` FOREIGN KEY (`Id_Timeline`) REFERENCES `timeline` (`Id`),
  ADD CONSTRAINT `FKcwt2y9u9t0s9pxumbbbg70f0a` FOREIGN KEY (`Id_Timeline`) REFERENCES `timeline` (`Id`);
COMMIT;
